csvData,Tipo,Horario,Premio_1,Centena_1,Grupo_1,Bicho_1,Premio_2,Centena_2,Grupo_2,Bicho_2,Premio_3,Centena_3,Grupo_3,Bicho_3,Premio_4,Centena_4,Grupo_4,Bicho_4,Premio_5,Centena_5,Grupo_5,Bicho_5
2026-01-02,PPT,09:30,8398,398,25,Vaca,3133,133,09,Cobra,5987,987,22,Tigre,1994,994,24,Veado,6813,813,04,Borboleta
2026-01-02,PTM,11:30,3002,002,01,Avestruz,3515,515,04,Borboleta,3744,744,11,Cavalo,2085,085,22,Tigre,8535,535,09,Cobra
2026-01-02,PT,14:30,7128,128,07,Carneiro,9901,901,01,Avestruz,4113,113,04,Borboleta,0342,342,11,Cavalo,6741,741,11,Cavalo
2026-01-02,PTV,16:30,8095,095,24,Veado,1997,997,25,Vaca,1844,844,11,Cavalo,4930,930,08,Camelo,9733,733,09,Cobra
2026-01-02,PTN,,8472,472,18,Porco,0486,486,22,Tigre,7781,781,21,Touro,0073,073,19,Pavão,9838,838,10,Coelho
2026-01-02,COR,21:30,5772,772,18,Porco,5590,590,23,Urso,8372,372,18,Porco,6519,519,05,Cachorro,5763,763,16,Leão
2026-01-03,PPT,09:30,8251,251,13,Galo,6973,973,19,Pavão,6069,069,18,Porco,1329,329,08,Camelo,3245,245,12,Elefante
2026-01-03,PTM,11:30,4629,629,08,Camelo,8606,606,02,Águia,0945,945,12,Elefante,2510,510,03,Burro,6619,619,05,Cachorro
2026-01-03,PT,14:30,1931,931,08,Camelo,6392,392,23,Urso,1913,913,04,Borboleta,3493,493,24,Veado,5938,938,10,Coelho
2026-01-03,PTV,16:30,1266,266,17,Macaco,8807,807,02,Águia,2672,672,18,Porco,9506,506,02,Águia,8089,089,23,Urso
2026-01-03,FED,,2321,321,06,Cabra,5343,343,11,Cavalo,2645,645,12,Elefante,5132,132,08,Camelo,9557,557,15,Jacaré
2026-01-03,COR,21:30,5002,002,01,Avestruz,2314,314,04,Borboleta,5126,126,07,Carneiro,8419,419,05,Cachorro,1600,600,25,Vaca
2026-01-04,PPT,09:30,2144,144,11,Cavalo,7005,005,02,Águia,8785,785,22,Tigre,3851,851,13,Galo,0693,693,24,Veado
2026-01-04,PTM,11:30,5047,047,12,Elefante,6131,131,08,Camelo,2892,892,23,Urso,4908,908,02,Águia,6951,951,13,Galo
2026-01-04,PT,14:30,2629,629,08,Camelo,8329,329,08,Camelo,0455,455,14,Gato,4868,868,17,Macaco,0641,641,11,Cavalo
2026-01-04,PTV,16:30,3688,688,22,Tigre,8822,822,06,Cabra,3594,594,24,Veado,5644,644,11,Cavalo,8619,619,05,Cachorro
2026-01-05,PPT,09:30,7741,741,11,Cavalo,0568,568,17,Macaco,8705,705,02,Águia,6244,244,11,Cavalo,5179,179,20,Peru
2026-01-05,PTM,11:30,1171,171,18,Porco,7459,459,15,Jacaré,5810,810,03,Burro,9840,840,10,Coelho,3532,532,08,Camelo
2026-01-05,PT,14:30,4369,369,18,Porco,5370,370,18,Porco,1123,123,06,Cabra,7572,572,18,Porco,3923,923,06,Cabra
2026-01-05,PTV,16:30,7985,985,22,Tigre,2048,048,12,Elefante,5429,429,08,Camelo,2135,135,09,Cobra,9655,655,14,Gato
2026-01-05,PTN,,6257,257,15,Jacaré,5067,067,17,Macaco,1405,405,02,Águia,4736,736,09,Cobra,7507,507,02,Águia
2026-01-05,COR,21:30,9117,117,05,Cachorro,7871,871,18,Porco,9688,688,22,Tigre,4430,430,08,Camelo,2784,784,21,Touro
2026-01-06,PPT,09:30,8900,900,25,Vaca,1724,724,06,Cabra,3278,278,20,Peru,2995,995,24,Veado,6254,254,14,Gato
2026-01-06,PTM,11:30,9075,075,19,Pavão,7127,127,07,Carneiro,0758,758,15,Jacaré,8704,704,01,Avestruz,2510,510,03,Burro
2026-01-06,PT,14:30,2003,003,01,Avestruz,1020,020,05,Cachorro,2955,955,14,Gato,5512,512,03,Burro,1989,989,23,Urso
2026-01-06,PTV,16:30,6310,310,03,Burro,7866,866,17,Macaco,4583,583,21,Touro,8734,734,09,Cobra,3955,955,14,Gato
2026-01-06,PTN,,7884,884,21,Touro,5030,030,08,Camelo,1703,703,01,Avestruz,6007,007,02,Águia,9520,520,05,Cachorro
2026-01-06,COR,21:30,3858,858,15,Jacaré,3889,889,23,Urso,7095,095,24,Veado,1582,582,21,Touro,6531,531,08,Camelo
2026-01-07,PPT,09:30,5308,308,02,Águia,4926,926,07,Carneiro,4515,515,04,Borboleta,7836,836,09,Cobra,5813,813,04,Borboleta
2026-01-07,PTM,11:30,7165,165,17,Macaco,6345,345,12,Elefante,4719,719,05,Cachorro,4713,713,04,Borboleta,8379,379,20,Peru
2026-01-07,PT,14:30,1073,073,19,Pavão,8051,051,13,Galo,1569,569,18,Porco,6401,401,01,Avestruz,1140,140,10,Coelho
2026-01-07,PTV,16:30,5081,081,21,Touro,4784,784,21,Touro,6210,210,03,Burro,6166,166,17,Macaco,1774,774,19,Pavão
2026-01-07,FED,,0160,160,15,Jacaré,9030,030,08,Camelo,6366,366,17,Macaco,7580,580,20,Peru,1044,044,11,Cavalo
2026-01-07,COR,21:30,9849,849,13,Galo,1141,141,11,Cavalo,4211,211,03,Burro,1726,726,07,Carneiro,5387,387,22,Tigre
2026-01-08,PPT,09:30,6470,470,18,Porco,7427,427,07,Carneiro,4957,957,15,Jacaré,3792,792,23,Urso,5701,701,01,Avestruz
2026-01-08,PTM,11:30,8385,385,22,Tigre,7215,215,04,Borboleta,8353,353,14,Gato,3993,993,24,Veado,7271,271,18,Porco
2026-01-08,PT,14:30,2431,431,08,Camelo,1991,991,23,Urso,1548,548,12,Elefante,6526,526,07,Carneiro,4512,512,03,Burro
2026-01-08,PTV,16:30,1001,001,01,Avestruz,3503,503,01,Avestruz,6133,133,09,Cobra,7550,550,13,Galo,5541,541,11,Cavalo
2026-01-08,PTN,,5326,326,07,Carneiro,5010,010,03,Burro,7973,973,19,Pavão,5835,835,09,Cobra,5290,290,23,Urso
2026-01-08,COR,21:30,1535,535,09,Cobra,4133,133,09,Cobra,0327,327,07,Carneiro,4297,297,25,Vaca,8487,487,22,Tigre
2026-01-09,PPT,09:30,1522,522,06,Cabra,9752,752,13,Galo,3028,028,07,Carneiro,4166,166,17,Macaco,3046,046,12,Elefante
2026-01-09,PTM,11:30,2155,155,14,Gato,2670,670,18,Porco,5654,654,14,Gato,8337,337,10,Coelho,3693,693,24,Veado
2026-01-09,PT,14:30,9526,526,07,Carneiro,1247,247,12,Elefante,5570,570,18,Porco,1982,982,21,Touro,2692,692,23,Urso
2026-01-09,PTV,16:30,7324,324,06,Cabra,3882,882,21,Touro,3165,165,17,Macaco,2097,097,25,Vaca,8150,150,13,Galo
2026-01-09,PTN,,9750,750,13,Galo,0589,589,23,Urso,5799,799,25,Vaca,4386,386,22,Tigre,4193,193,24,Veado
2026-01-09,COR,21:30,1577,577,20,Peru,5630,630,08,Camelo,4617,617,05,Cachorro,9622,622,06,Cabra,1211,211,03,Burro
2026-01-10,PPT,09:30,7938,938,10,Coelho,0941,941,11,Cavalo,0141,141,11,Cavalo,4752,752,13,Galo,3354,354,14,Gato
2026-01-10,PTM,11:30,6618,618,05,Cachorro,8671,671,18,Porco,7766,766,17,Macaco,8644,644,11,Cavalo,2163,163,16,Leão
2026-01-10,PT,14:30,5333,333,09,Cobra,6161,161,16,Leão,9385,385,22,Tigre,1259,259,15,Jacaré,6035,035,09,Cobra
2026-01-10,PTV,16:30,1010,010,03,Burro,8301,301,01,Avestruz,0268,268,17,Macaco,2440,440,10,Coelho,0799,799,25,Vaca
2026-01-10,FED,,3009,009,03,Burro,6491,491,23,Urso,2364,364,16,Leão,6003,003,01,Avestruz,5251,251,13,Galo
2026-01-10,COR,21:30,8448,448,12,Elefante,4992,992,23,Urso,8605,605,02,Águia,6882,882,21,Touro,1397,397,25,Vaca
2026-01-11,PPT,09:30,5050,050,13,Galo,1471,471,18,Porco,3844,844,11,Cavalo,7773,773,19,Pavão,8310,310,03,Burro
2026-01-11,PTM,11:30,0088,088,22,Tigre,6625,625,07,Carneiro,0480,480,20,Peru,6728,728,07,Carneiro,7745,745,12,Elefante
2026-01-11,PT,14:30,7140,140,10,Coelho,4980,980,20,Peru,7295,295,24,Veado,7363,363,16,Leão,9975,975,19,Pavão
2026-01-11,PTV,16:30,9503,503,01,Avestruz,0389,389,23,Urso,9063,063,16,Leão,8047,047,12,Elefante,4759,759,15,Jacaré
2026-01-12,PPT,09:30,6512,512,03,Burro,4269,269,18,Porco,0253,253,14,Gato,1588,588,22,Tigre,7043,043,11,Cavalo
2026-01-12,PTM,11:30,1541,541,11,Cavalo,8178,178,20,Peru,3171,171,18,Porco,6160,160,15,Jacaré,7580,580,20,Peru
2026-01-12,PT,14:30,9527,527,07,Carneiro,2653,653,14,Gato,9360,360,15,Jacaré,4703,703,01,Avestruz,0258,258,15,Jacaré
2026-01-12,PTV,16:30,3888,888,22,Tigre,4163,163,16,Leão,1948,948,12,Elefante,4960,960,15,Jacaré,7644,644,11,Cavalo
2026-01-12,PTN,,8930,930,08,Camelo,6848,848,12,Elefante,2338,338,10,Coelho,4329,329,08,Camelo,1010,010,03,Burro
2026-01-12,COR,21:30,7532,532,08,Camelo,3095,095,24,Veado,2994,994,24,Veado,0824,824,06,Cabra,2469,469,18,Porco
2026-01-13,PPT,09:30,4732,732,08,Camelo,8775,775,19,Pavão,6290,290,23,Urso,7965,965,17,Macaco,7798,798,25,Vaca
2026-01-13,PTM,11:30,2071,071,18,Porco,6089,089,23,Urso,7660,660,15,Jacaré,0190,190,23,Urso,8392,392,23,Urso
2026-01-13,PT,14:30,2876,876,19,Pavão,5279,279,20,Peru,4827,827,07,Carneiro,2258,258,15,Jacaré,8902,902,01,Avestruz
2026-01-13,PTV,16:30,2244,244,11,Cavalo,2059,059,15,Jacaré,6053,053,14,Gato,2963,963,16,Leão,4203,203,01,Avestruz
2026-01-13,PTN,,0764,764,16,Leão,2539,539,10,Coelho,6599,599,25,Vaca,3582,582,21,Touro,2975,975,19,Pavão
2026-01-13,COR,21:30,5521,521,06,Cabra,4089,089,23,Urso,9740,740,10,Coelho,9943,943,11,Cavalo,5371,371,18,Porco
2026-01-14,PPT,09:30,6361,361,16,Leão,4521,521,06,Cabra,8577,577,20,Peru,5116,116,04,Borboleta,1488,488,22,Tigre
2026-01-14,PTM,11:30,9551,551,13,Galo,6580,580,20,Peru,1761,761,16,Leão,3109,109,03,Burro,2906,906,02,Águia
2026-01-14,PT,14:30,0211,211,03,Burro,2279,279,20,Peru,6272,272,18,Porco,8029,029,08,Camelo,3276,276,19,Pavão
2026-01-14,PTV,16:30,7878,878,20,Peru,6298,298,25,Vaca,0814,814,04,Borboleta,5053,053,14,Gato,4974,974,19,Pavão
2026-01-14,FED,,7027,027,07,Carneiro,9634,634,09,Cobra,6247,247,12,Elefante,3720,720,05,Cachorro,4084,084,21,Touro
2026-01-14,COR,21:30,0774,774,19,Pavão,3685,685,22,Tigre,1018,018,05,Cachorro,4259,259,15,Jacaré,4902,902,01,Avestruz
2026-01-15,PPT,09:30,5808,808,02,Águia,8743,743,11,Cavalo,2800,800,25,Vaca,0806,806,02,Águia,6856,856,14,Gato
2026-01-15,PTM,11:30,1454,454,14,Gato,9242,242,11,Cavalo,4677,677,20,Peru,3165,165,17,Macaco,9162,162,16,Leão
2026-01-15,PT,14:30,5216,216,04,Borboleta,0890,890,23,Urso,1846,846,12,Elefante,9054,054,14,Gato,6806,806,02,Águia
2026-01-15,PTV,16:30,2771,771,18,Porco,8697,697,25,Vaca,5288,288,22,Tigre,6085,085,22,Tigre,4806,806,02,Águia
2026-01-15,PTN,,0277,277,20,Peru,0760,760,15,Jacaré,1464,464,16,Leão,8181,181,21,Touro,8109,109,03,Burro
2026-01-15,COR,21:30,0885,885,22,Tigre,4095,095,24,Veado,5038,038,10,Coelho,9634,634,09,Cobra,3052,052,13,Galo
2026-01-16,PPT,09:30,9997,997,25,Vaca,9563,563,16,Leão,0163,163,16,Leão,0990,990,23,Urso,1986,986,22,Tigre
2026-01-16,PTM,11:30,8072,072,18,Porco,1675,675,19,Pavão,6395,395,24,Veado,3978,978,20,Peru,7283,283,21,Touro
2026-01-16,PT,14:30,7601,601,01,Avestruz,3214,214,04,Borboleta,5532,532,08,Camelo,8133,133,09,Cobra,1992,992,23,Urso
2026-01-16,PTV,16:30,3343,343,11,Cavalo,3706,706,02,Águia,5336,336,09,Cobra,7887,887,22,Tigre,4760,760,15,Jacaré
2026-01-16,PTN,,3218,218,05,Cachorro,6774,774,19,Pavão,8922,922,06,Cabra,2187,187,22,Tigre,2337,337,10,Coelho
2026-01-16,COR,21:30,3324,324,06,Cabra,2543,543,11,Cavalo,3138,138,10,Coelho,2647,647,12,Elefante,6117,117,05,Cachorro
2026-01-17,PPT,09:30,2402,402,01,Avestruz,8890,890,23,Urso,9056,056,14,Gato,7359,359,15,Jacaré,2118,118,05,Cachorro
2026-01-17,PTM,11:30,1335,335,09,Cobra,9067,067,17,Macaco,6345,345,12,Elefante,5216,216,04,Borboleta,5883,883,21,Touro
2026-01-17,PT,14:30,0903,903,01,Avestruz,3997,997,25,Vaca,4292,292,23,Urso,8377,377,20,Peru,1288,288,22,Tigre
2026-01-17,PTV,16:30,8051,051,13,Galo,4683,683,21,Touro,2556,556,14,Gato,6108,108,02,Águia,6414,414,04,Borboleta
2026-01-17,FED,,4590,590,23,Urso,3914,914,04,Borboleta,8568,568,17,Macaco,4992,992,23,Urso,2284,284,21,Touro
2026-01-17,COR,21:30,4587,587,22,Tigre,2112,112,03,Burro,8263,263,16,Leão,8268,268,17,Macaco,8103,103,01,Avestruz
2026-01-18,PPT,09:30,5838,838,10,Coelho,1349,349,13,Galo,9971,971,18,Porco,8708,708,02,Águia,7724,724,06,Cabra
2026-01-18,PTM,11:30,4997,997,25,Vaca,7491,491,23,Urso,4924,924,06,Cabra,0425,425,07,Carneiro,7593,593,24,Veado
2026-01-18,PT,14:30,9519,519,05,Cachorro,2282,282,21,Touro,3986,986,22,Tigre,7199,199,25,Vaca,2728,728,07,Carneiro
2026-01-18,PTV,16:30,6317,317,05,Cachorro,2152,152,13,Galo,0478,478,20,Peru,4616,616,04,Borboleta,3737,737,10,Coelho
2026-01-19,PPT,09:30,1827,827,07,Carneiro,0740,740,10,Coelho,4043,043,11,Cavalo,4273,273,19,Pavão,0276,276,19,Pavão
2026-01-19,PTM,11:30,7286,286,22,Tigre,0009,009,03,Burro,7765,765,17,Macaco,1150,150,13,Galo,8209,209,03,Burro
2026-01-19,PT,14:30,6330,330,08,Camelo,3381,381,21,Touro,6179,179,20,Peru,3329,329,08,Camelo,1990,990,23,Urso
2026-01-19,PTV,16:30,3664,664,16,Leão,8138,138,10,Coelho,5417,417,05,Cachorro,4561,561,16,Leão,9676,676,19,Pavão
2026-01-19,PTN,,3700,700,25,Vaca,2137,137,10,Coelho,6019,019,05,Cachorro,7224,224,06,Cabra,7064,064,16,Leão
2026-01-19,COR,21:30,2785,785,22,Tigre,0309,309,03,Burro,1307,307,02,Águia,2609,609,03,Burro,1745,745,12,Elefante
2026-01-20,PPT,09:30,5221,221,06,Cabra,6891,891,23,Urso,5272,272,18,Porco,5458,458,15,Jacaré,5969,969,18,Porco
2026-01-20,PTM,11:30,9654,654,14,Gato,6046,046,12,Elefante,4470,470,18,Porco,9312,312,03,Burro,3028,028,07,Carneiro
2026-01-20,PT,14:30,0706,706,02,Águia,6242,242,11,Cavalo,0869,869,18,Porco,1169,169,18,Porco,7204,204,01,Avestruz
2026-01-20,PTV,16:30,6535,535,09,Cobra,4738,738,10,Coelho,5288,288,22,Tigre,0657,657,15,Jacaré,6705,705,02,Águia
2026-01-20,PTN,,5971,971,18,Porco,6054,054,14,Gato,6094,094,24,Veado,3604,604,01,Avestruz,3758,758,15,Jacaré
2026-01-20,COR,21:30,0922,922,06,Cabra,2227,227,07,Carneiro,6521,521,06,Cabra,0462,462,16,Leão,1212,212,03,Burro
2026-01-21,PPT,09:30,4837,837,10,Coelho,3557,557,15,Jacaré,6814,814,04,Borboleta,6409,409,03,Burro,4925,925,07,Carneiro
2026-01-21,PTM,11:30,1487,487,22,Tigre,9690,690,23,Urso,2001,001,01,Avestruz,3658,658,15,Jacaré,1443,443,11,Cavalo
2026-01-21,PT,14:30,9986,986,22,Tigre,7577,577,20,Peru,2319,319,05,Cachorro,4886,886,22,Tigre,9168,168,17,Macaco
2026-01-21,PTV,16:30,0232,232,08,Camelo,2255,255,14,Gato,8350,350,13,Galo,4370,370,18,Porco,2910,910,03,Burro
2026-01-21,FED,,1350,350,13,Galo,7114,114,04,Borboleta,4608,608,02,Águia,9209,209,03,Burro,2964,964,16,Leão
2026-01-21,COR,21:30,3544,544,11,Cavalo,8159,159,15,Jacaré,2027,027,07,Carneiro,0789,789,23,Urso,1688,688,22,Tigre
2026-01-22,PPT,09:30,7251,251,13,Galo,4114,114,04,Borboleta,1371,371,18,Porco,4271,271,18,Porco,1926,926,07,Carneiro
2026-01-22,PTM,11:30,1014,014,04,Borboleta,3879,879,20,Peru,9528,528,07,Carneiro,1462,462,16,Leão,3873,873,19,Pavão
2026-01-22,PT,14:30,2746,746,12,Elefante,6983,983,21,Touro,4576,576,19,Pavão,5777,777,20,Peru,1436,436,09,Cobra
2026-01-22,PTV,16:30,0652,652,13,Galo,5885,885,22,Tigre,1859,859,15,Jacaré,2525,525,07,Carneiro,5380,380,20,Peru
2026-01-22,PTN,,0982,982,21,Touro,2414,414,04,Borboleta,3243,243,11,Cavalo,8711,711,03,Burro,0501,501,01,Avestruz
2026-01-22,COR,21:30,6737,737,10,Coelho,2387,387,22,Tigre,0088,088,22,Tigre,8565,565,17,Macaco,0738,738,10,Coelho
2026-01-23,PPT,09:30,1217,217,05,Cachorro,6938,938,10,Coelho,3348,348,12,Elefante,4887,887,22,Tigre,2822,822,06,Cabra
2026-01-23,PTM,11:30,9587,587,22,Tigre,4045,045,12,Elefante,9467,467,17,Macaco,1621,621,06,Cabra,4179,179,20,Peru
2026-01-23,PT,14:30,4179,179,20,Peru,5293,293,24,Veado,8278,278,20,Peru,5940,940,10,Coelho,5282,282,21,Touro
2026-01-23,PTV,16:30,6349,349,13,Galo,1315,315,04,Borboleta,8343,343,11,Cavalo,9230,230,08,Camelo,4941,941,11,Cavalo
2026-01-23,PTN,,5314,314,04,Borboleta,8740,740,10,Coelho,5413,413,04,Borboleta,6727,727,07,Carneiro,1592,592,23,Urso
2026-01-23,COR,21:30,4914,914,04,Borboleta,3156,156,14,Gato,9941,941,11,Cavalo,4892,892,23,Urso,7352,352,13,Galo
2026-01-24,PPT,09:30,9231,231,08,Camelo,7287,287,22,Tigre,9572,572,18,Porco,6136,136,09,Cobra,5560,560,15,Jacaré
2026-01-24,PTM,11:30,0271,271,18,Porco,1493,493,24,Veado,1341,341,11,Cavalo,9332,332,08,Camelo,6370,370,18,Porco
2026-01-24,PT,14:30,2399,399,25,Vaca,9871,871,18,Porco,8698,698,25,Vaca,9418,418,05,Cachorro,5883,883,21,Touro
2026-01-24,PTV,16:30,6330,330,08,Camelo,8046,046,12,Elefante,9209,209,03,Burro,1190,190,23,Urso,6372,372,18,Porco
2026-01-24,FED,,3059,059,15,Jacaré,4760,760,15,Jacaré,5308,308,02,Águia,5080,080,20,Peru,5617,617,05,Cachorro
2026-01-24,COR,21:30,7301,301,01,Avestruz,2826,826,07,Carneiro,7131,131,08,Camelo,2760,760,15,Jacaré,5167,167,17,Macaco
2026-01-25,PPT,09:30,4490,490,23,Urso,7359,359,15,Jacaré,5700,700,25,Vaca,5427,427,07,Carneiro,9882,882,21,Touro
2026-01-25,PTM,11:30,7129,129,08,Camelo,6808,808,02,Águia,5639,639,10,Coelho,2095,095,24,Veado,3726,726,07,Carneiro
2026-01-25,PT,14:30,1150,150,13,Galo,3779,779,20,Peru,1389,389,23,Urso,6398,398,25,Vaca,1260,260,15,Jacaré
2026-01-25,PTV,16:30,7272,272,18,Porco,1317,317,05,Cachorro,9205,205,02,Águia,3019,019,05,Cachorro,0409,409,03,Burro
2026-01-26,PPT,09:30,0199,199,25,Vaca,4983,983,21,Touro,9292,292,23,Urso,8214,214,04,Borboleta,8618,618,05,Cachorro
2026-01-26,PTM,11:30,4681,681,21,Touro,8492,492,23,Urso,0904,904,01,Avestruz,3372,372,18,Porco,6171,171,18,Porco
2026-01-26,PT,14:30,6233,233,09,Cobra,0408,408,02,Águia,6216,216,04,Borboleta,5568,568,17,Macaco,8176,176,19,Pavão
2026-01-26,PTV,16:30,8419,419,05,Cachorro,6628,628,07,Carneiro,3067,067,17,Macaco,2974,974,19,Pavão,6194,194,24,Veado
2026-01-26,PTN,,2286,286,22,Tigre,2320,320,05,Cachorro,4808,808,02,Águia,4591,591,23,Urso,2286,286,22,Tigre
2026-01-26,COR,21:30,8387,387,22,Tigre,3594,594,24,Veado,5102,102,01,Avestruz,1348,348,12,Elefante,1804,804,01,Avestruz
2026-01-27,PPT,09:30,4036,036,09,Cobra,5323,323,06,Cabra,6820,820,05,Cachorro,3538,538,10,Coelho,3825,825,07,Carneiro
2026-01-27,PTM,11:30,8228,228,07,Carneiro,5765,765,17,Macaco,4566,566,17,Macaco,6199,199,25,Vaca,0702,702,01,Avestruz
2026-01-27,PT,14:30,1490,490,23,Urso,7364,364,16,Leão,1850,850,13,Galo,7518,518,05,Cachorro,0718,718,05,Cachorro
2026-01-27,PTV,16:30,7394,394,24,Veado,6109,109,03,Burro,9835,835,09,Cobra,4891,891,23,Urso,4385,385,22,Tigre
2026-01-27,PTN,,3277,277,20,Peru,5204,204,01,Avestruz,2870,870,18,Porco,4918,918,05,Cachorro,2184,184,21,Touro
2026-01-27,COR,21:30,6830,830,08,Camelo,1056,056,14,Gato,3454,454,14,Gato,4989,989,23,Urso,7669,669,18,Porco
2026-01-28,PPT,09:30,0355,355,14,Gato,9248,248,12,Elefante,6889,889,23,Urso,0613,613,04,Borboleta,5158,158,15,Jacaré
2026-01-28,PTM,11:30,8422,422,06,Cabra,9678,678,20,Peru,4985,985,22,Tigre,7721,721,06,Cabra,5622,622,06,Cabra
2026-01-28,PT,14:30,1244,244,11,Cavalo,7713,713,04,Borboleta,6981,981,21,Touro,1260,260,15,Jacaré,0247,247,12,Elefante
2026-01-28,PTV,16:30,9193,193,24,Veado,5903,903,01,Avestruz,3665,665,17,Macaco,2314,314,04,Borboleta,4269,269,18,Porco
2026-01-28,FED,,9593,593,24,Veado,3636,636,09,Cobra,1969,969,18,Porco,9318,318,05,Cachorro,2880,880,20,Peru
2026-01-28,COR,21:30,1762,762,16,Leão,1105,105,02,Águia,6616,616,04,Borboleta,5325,325,07,Carneiro,5133,133,09,Cobra
2026-01-29,PPT,09:30,9653,653,14,Gato,3483,483,21,Touro,1789,789,23,Urso,9417,417,05,Cachorro,4940,940,10,Coelho
2026-01-29,PTM,11:30,3673,673,19,Pavão,7576,576,19,Pavão,4816,816,04,Borboleta,4456,456,14,Gato,8743,743,11,Cavalo
2026-01-29,PT,14:30,3931,931,08,Camelo,9009,009,03,Burro,4941,941,11,Cavalo,6886,886,22,Tigre,3246,246,12,Elefante
2026-01-29,PTV,16:30,1561,561,16,Leão,7045,045,12,Elefante,8279,279,20,Peru,2965,965,17,Macaco,0848,848,12,Elefante
2026-01-29,PTN,,7212,212,03,Burro,4037,037,10,Coelho,3129,129,08,Camelo,8402,402,01,Avestruz,1035,035,09,Cobra
2026-01-29,COR,21:30,3238,238,10,Coelho,2526,526,07,Carneiro,4819,819,05,Cachorro,0371,371,18,Porco,6175,175,19,Pavão
2026-01-30,PPT,09:30,6806,806,02,Águia,9852,852,13,Galo,7455,455,14,Gato,0982,982,21,Touro,4729,729,08,Camelo
2026-01-30,PTM,11:30,8977,977,20,Peru,4397,397,25,Vaca,2683,683,21,Touro,7427,427,07,Carneiro,4767,767,17,Macaco
2026-01-30,PT,14:30,1627,627,07,Carneiro,1318,318,05,Cachorro,4393,393,24,Veado,9857,857,15,Jacaré,9812,812,03,Burro
2026-01-30,PTV,16:30,0799,799,25,Vaca,8772,772,18,Porco,8263,263,16,Leão,7722,722,06,Cabra,3558,558,15,Jacaré
2026-01-30,PTN,,0097,097,25,Vaca,5705,705,02,Águia,1426,426,07,Carneiro,5310,310,03,Burro,0295,295,24,Veado
2026-01-30,COR,21:30,0772,772,18,Porco,8319,319,05,Cachorro,4713,713,04,Borboleta,0932,932,08,Camelo,9468,468,17,Macaco
2026-01-31,PPT,09:30,8290,290,23,Urso,4765,765,17,Macaco,1147,147,12,Elefante,8883,883,21,Touro,9608,608,02,Águia
2026-01-31,PTM,11:30,7882,882,21,Touro,9140,140,10,Coelho,8337,337,10,Coelho,9153,153,14,Gato,8068,068,17,Macaco
2026-01-31,PT,14:30,2429,429,08,Camelo,7300,300,25,Vaca,5564,564,16,Leão,6876,876,19,Pavão,2374,374,19,Pavão
2026-01-31,PTV,16:30,7981,981,21,Touro,3849,849,13,Galo,1053,053,14,Gato,1975,975,19,Pavão,5060,060,15,Jacaré
2026-01-31,FED,,5319,319,05,Cachorro,0500,500,25,Vaca,8580,580,20,Peru,2984,984,21,Touro,8393,393,24,Veado
2026-01-31,COR,21:30,9633,633,09,Cobra,2171,171,18,Porco,3658,658,15,Jacaré,8115,115,04,Borboleta,2752,752,13,Galo
2026-02-01,PPT,09:30,0499,499,25,Vaca,3996,996,24,Veado,4550,550,13,Galo,7765,765,17,Macaco,8343,343,11,Cavalo
2026-02-01,PTM,11:30,1624,624,06,Cabra,7628,628,07,Carneiro,5504,504,01,Avestruz,7260,260,15,Jacaré,7055,055,14,Gato
2026-02-01,PT,14:30,9539,539,10,Coelho,6615,615,04,Borboleta,8887,887,22,Tigre,4048,048,12,Elefante,0341,341,11,Cavalo
2026-02-01,PTV,16:30,0929,929,08,Camelo,7369,369,18,Porco,5415,415,04,Borboleta,7080,080,20,Peru,0380,380,20,Peru
2026-02-02,PPT,09:30,8961,961,16,Leão,3298,298,25,Vaca,2175,175,19,Pavão,5290,290,23,Urso,9331,331,08,Camelo
2026-02-02,PTM,11:30,3653,653,14,Gato,8368,368,17,Macaco,6335,335,09,Cobra,1497,497,25,Vaca,7795,795,24,Veado
2026-02-02,PT,14:30,2110,110,03,Burro,7933,933,09,Cobra,8949,949,13,Galo,4997,997,25,Vaca,4952,952,13,Galo
2026-02-02,PTV,16:30,6507,507,02,Águia,9085,085,22,Tigre,1323,323,06,Cabra,2713,713,04,Borboleta,1191,191,23,Urso
2026-02-02,PTN,,5048,048,12,Elefante,9874,874,19,Pavão,9321,321,06,Cabra,1190,190,23,Urso,5840,840,10,Coelho
2026-02-02,COR,21:30,6676,676,19,Pavão,9978,978,20,Peru,6514,514,04,Borboleta,9572,572,18,Porco,2351,351,13,Galo
2026-02-03,PPT,09:30,7410,410,03,Burro,9390,390,23,Urso,4509,509,03,Burro,1924,924,06,Cabra,0019,019,05,Cachorro
2026-02-03,PTM,11:30,0764,764,16,Leão,8873,873,19,Pavão,5475,475,19,Pavão,2725,725,07,Carneiro,4612,612,03,Burro
2026-02-03,PT,14:30,7559,559,15,Jacaré,4947,947,12,Elefante,1523,523,06,Cabra,0182,182,21,Touro,8855,855,14,Gato
2026-02-03,PTV,16:30,2698,698,25,Vaca,9782,782,21,Touro,0606,606,02,Águia,5074,074,19,Pavão,3896,896,24,Veado
2026-02-03,PTN,,1267,267,17,Macaco,9399,399,25,Vaca,1554,554,14,Gato,8398,398,25,Vaca,0149,149,13,Galo
2026-02-03,COR,21:30,1131,131,08,Camelo,1024,024,06,Cabra,4091,091,23,Urso,4845,845,12,Elefante,8619,619,05,Cachorro
2026-02-04,PPT,09:30,2087,087,22,Tigre,1852,852,13,Galo,5931,931,08,Camelo,2561,561,16,Leão,4325,325,07,Carneiro
2026-02-04,PTM,11:30,4255,255,14,Gato,4033,033,09,Cobra,0119,119,05,Cachorro,0046,046,12,Elefante,3766,766,17,Macaco
2026-02-04,PT,14:30,4652,652,13,Galo,2038,038,10,Coelho,3611,611,03,Burro,0424,424,06,Cabra,6711,711,03,Burro
2026-02-04,PTV,16:30,2882,882,21,Touro,0136,136,09,Cobra,5047,047,12,Elefante,8578,578,20,Peru,7802,802,01,Avestruz
2026-02-04,FED,,4287,287,22,Tigre,2044,044,11,Cavalo,5561,561,16,Leão,4868,868,17,Macaco,0001,001,01,Avestruz
2026-02-04,COR,21:30,7650,650,13,Galo,0148,148,12,Elefante,5205,205,02,Águia,4520,520,05,Cachorro,1205,205,02,Águia
2026-02-05,PPT,09:30,4671,671,18,Porco,7212,212,03,Burro,7257,257,15,Jacaré,6336,336,09,Cobra,5612,612,03,Burro
2026-02-05,PTM,11:30,5879,879,20,Peru,9810,810,03,Burro,1848,848,12,Elefante,1373,373,19,Pavão,1102,102,01,Avestruz
2026-02-05,PT,14:30,5049,049,13,Galo,1089,089,23,Urso,7996,996,24,Veado,2292,292,23,Urso,4159,159,15,Jacaré
2026-02-05,PTV,16:30,4600,600,25,Vaca,1255,255,14,Gato,1292,292,23,Urso,0119,119,05,Cachorro,7645,645,12,Elefante
2026-02-05,PTN,,0822,822,06,Cabra,1552,552,13,Galo,1080,080,20,Peru,9725,725,07,Carneiro,1320,320,05,Cachorro
2026-02-05,COR,21:30,4965,965,17,Macaco,3546,546,12,Elefante,9819,819,05,Cachorro,8744,744,11,Cavalo,8421,421,06,Cabra
2026-02-06,PPT,09:30,6630,630,08,Camelo,5747,747,12,Elefante,1480,480,20,Peru,4159,159,15,Jacaré,7903,903,01,Avestruz
2026-02-06,PTM,11:30,1600,600,25,Vaca,5203,203,01,Avestruz,9578,578,20,Peru,5124,124,06,Cabra,3711,711,03,Burro
2026-02-06,PT,14:30,1658,658,15,Jacaré,2613,613,04,Borboleta,9408,408,02,Águia,1263,263,16,Leão,8651,651,13,Galo
2026-02-06,PTV,16:30,5761,761,16,Leão,8744,744,11,Cavalo,8146,146,12,Elefante,1986,986,22,Tigre,2298,298,25,Vaca
2026-02-06,PTN,,0979,979,20,Peru,0781,781,21,Touro,4739,739,10,Coelho,1572,572,18,Porco,0036,036,09,Cobra
2026-02-06,COR,21:30,0610,610,03,Burro,5449,449,13,Galo,3109,109,03,Burro,8030,030,08,Camelo,4196,196,24,Veado
2026-02-07,PPT,09:30,3864,864,16,Leão,0345,345,12,Elefante,1863,863,16,Leão,4958,958,15,Jacaré,5107,107,02,Águia
2026-02-07,PTM,11:30,5307,307,02,Águia,8606,606,02,Águia,1420,420,05,Cachorro,5370,370,18,Porco,3488,488,22,Tigre
2026-02-07,PT,14:30,2464,464,16,Leão,6437,437,10,Coelho,5262,262,16,Leão,7882,882,21,Touro,4334,334,09,Cobra
2026-02-07,PTV,16:30,1454,454,14,Gato,2704,704,01,Avestruz,7816,816,04,Borboleta,5922,922,06,Cabra,6764,764,16,Leão
2026-02-07,FED,,1627,627,07,Carneiro,3789,789,23,Urso,5297,297,25,Vaca,6903,903,01,Avestruz,5116,116,04,Borboleta
2026-02-07,COR,21:30,0132,132,08,Camelo,0080,080,20,Peru,9333,333,09,Cobra,7827,827,07,Carneiro,0559,559,15,Jacaré
2026-02-08,PPT,09:30,2381,381,21,Touro,0991,991,23,Urso,5799,799,25,Vaca,1063,063,16,Leão,3141,141,11,Cavalo
2026-02-08,PTM,11:30,9634,634,09,Cobra,8509,509,03,Burro,8117,117,05,Cachorro,0618,618,05,Cachorro,5160,160,15,Jacaré
2026-02-08,PT,14:30,9038,038,10,Coelho,2555,555,14,Gato,2066,066,17,Macaco,2567,567,17,Macaco,7422,422,06,Cabra
2026-02-08,PTV,16:30,5014,014,04,Borboleta,3257,257,15,Jacaré,1082,082,21,Touro,0061,061,16,Leão,3883,883,21,Touro
2026-02-09,PPT,09:30,3836,836,09,Cobra,2234,234,09,Cobra,8422,422,06,Cabra,2040,040,10,Coelho,1327,327,07,Carneiro
2026-02-09,PTM,11:30,2838,838,10,Coelho,0751,751,13,Galo,3675,675,19,Pavão,9194,194,24,Veado,9436,436,09,Cobra
2026-02-09,PT,14:30,1734,734,09,Cobra,1449,449,13,Galo,3647,647,12,Elefante,4206,206,02,Águia,9940,940,10,Coelho
2026-02-09,PTV,16:30,3307,307,02,Águia,8140,140,10,Coelho,0573,573,19,Pavão,3467,467,17,Macaco,2979,979,20,Peru
2026-02-09,PTN,,4048,048,12,Elefante,4002,002,01,Avestruz,5741,741,11,Cavalo,7207,207,02,Águia,7326,326,07,Carneiro
2026-02-09,COR,21:30,0736,736,09,Cobra,3452,452,13,Galo,5270,270,18,Porco,7117,117,05,Cachorro,5141,141,11,Cavalo
2026-02-10,PPT,09:30,7798,798,25,Vaca,1233,233,09,Cobra,2216,216,04,Borboleta,3670,670,18,Porco,3176,176,19,Pavão
2026-02-10,PTM,11:30,6099,099,25,Vaca,4239,239,10,Coelho,6423,423,06,Cabra,1346,346,12,Elefante,9893,893,24,Veado
2026-02-10,PT,14:30,8487,487,22,Tigre,3130,130,08,Camelo,8199,199,25,Vaca,6672,672,18,Porco,2225,225,07,Carneiro
2026-02-10,PTV,16:30,1840,840,10,Coelho,9167,167,17,Macaco,9237,237,10,Coelho,9785,785,22,Tigre,5784,784,21,Touro
2026-02-10,PTN,,4700,700,25,Vaca,4223,223,06,Cabra,1339,339,10,Coelho,0755,755,14,Gato,5061,061,16,Leão
2026-02-10,COR,21:30,3395,395,24,Veado,0817,817,05,Cachorro,0063,063,16,Leão,5772,772,18,Porco,3599,599,25,Vaca
2026-02-11,PPT,09:30,1890,890,23,Urso,7447,447,12,Elefante,0835,835,09,Cobra,4363,363,16,Leão,2234,234,09,Cobra
2026-02-11,PTM,11:30,3841,841,11,Cavalo,1018,018,05,Cachorro,0167,167,17,Macaco,9182,182,21,Touro,5857,857,15,Jacaré
2026-02-11,PT,14:30,3817,817,05,Cachorro,0323,323,06,Cabra,5154,154,14,Gato,7759,759,15,Jacaré,9724,724,06,Cabra
2026-02-11,PTV,16:30,0018,018,05,Cachorro,6741,741,11,Cavalo,2528,528,07,Carneiro,3079,079,20,Peru,6099,099,25,Vaca
2026-02-11,FED,,7337,337,10,Coelho,1527,527,07,Carneiro,6222,222,06,Cabra,9440,440,10,Coelho,4328,328,07,Carneiro
2026-02-11,COR,21:30,6950,950,13,Galo,4531,531,08,Camelo,7506,506,02,Águia,8032,032,08,Camelo,6631,631,08,Camelo
2026-02-12,PPT,09:30,0569,569,18,Porco,6414,414,04,Borboleta,7702,702,01,Avestruz,4459,459,15,Jacaré,0316,316,04,Borboleta
2026-02-12,PTM,11:30,9193,193,24,Veado,3273,273,19,Pavão,3848,848,12,Elefante,5615,615,04,Borboleta,7226,226,07,Carneiro
2026-02-12,PT,14:30,2152,152,13,Galo,9697,697,25,Vaca,1842,842,11,Cavalo,3565,565,17,Macaco,7085,085,22,Tigre
2026-02-12,PTV,16:30,3967,967,17,Macaco,0885,885,22,Tigre,1275,275,19,Pavão,3183,183,21,Touro,7620,620,05,Cachorro
2026-02-12,PTN,,7171,171,18,Porco,1851,851,13,Galo,9695,695,24,Veado,3536,536,09,Cobra,3179,179,20,Peru
2026-02-12,COR,21:30,9100,100,25,Vaca,4563,563,16,Leão,9605,605,02,Águia,1305,305,02,Águia,6176,176,19,Pavão
2026-02-13,PPT,09:30,0473,473,19,Pavão,8550,550,13,Galo,0772,772,18,Porco,0290,290,23,Urso,4899,899,25,Vaca
2026-02-13,PTM,11:30,3474,474,19,Pavão,7234,234,09,Cobra,5092,092,23,Urso,6715,715,04,Borboleta,5344,344,11,Cavalo
2026-02-13,PT,14:30,3416,416,04,Borboleta,2277,277,20,Peru,0102,102,01,Avestruz,9903,903,01,Avestruz,6309,309,03,Burro
2026-02-13,PTV,16:30,0209,209,03,Burro,5827,827,07,Carneiro,9034,034,09,Cobra,6152,152,13,Galo,1777,777,20,Peru
2026-02-13,PTN,,3159,159,15,Jacaré,4412,412,03,Burro,9322,322,06,Cabra,7189,189,23,Urso,2833,833,09,Cobra
2026-02-13,COR,21:30,6585,585,22,Tigre,1949,949,13,Galo,9279,279,20,Peru,3665,665,17,Macaco,9699,699,25,Vaca
2026-02-14,PPT,09:30,9260,260,15,Jacaré,3046,046,12,Elefante,1211,211,03,Burro,0641,641,11,Cavalo,6321,321,06,Cabra
2026-02-14,PTM,11:30,7019,019,05,Cachorro,5951,951,13,Galo,6727,727,07,Carneiro,7366,366,17,Macaco,9811,811,03,Burro
2026-02-14,PT,14:30,6845,845,12,Elefante,4900,900,25,Vaca,4856,856,14,Gato,6221,221,06,Cabra,2152,152,13,Galo
2026-02-14,PTV,16:30,0827,827,07,Carneiro,2339,339,10,Coelho,3618,618,05,Cachorro,9643,643,11,Cavalo,0835,835,09,Cobra
2026-02-14,FED,,4095,095,24,Veado,9658,658,15,Jacaré,2233,233,09,Cobra,8353,353,14,Gato,5659,659,15,Jacaré
2026-02-14,COR,21:30,5859,859,15,Jacaré,1719,719,05,Cachorro,9611,611,03,Burro,9941,941,11,Cavalo,0270,270,18,Porco
2026-02-15,PPT,09:30,0685,685,22,Tigre,7692,692,23,Urso,8105,105,02,Águia,0197,197,25,Vaca,7340,340,10,Coelho
2026-02-15,PTM,11:30,9775,775,19,Pavão,5693,693,24,Veado,0083,083,21,Touro,6057,057,15,Jacaré,1835,835,09,Cobra
2026-02-15,PT,14:30,8576,576,19,Pavão,9882,882,21,Touro,3691,691,23,Urso,8981,981,21,Touro,3947,947,12,Elefante
2026-02-15,PTV,16:30,3947,947,12,Elefante,1635,635,09,Cobra,6147,147,12,Elefante,6614,614,04,Borboleta,9669,669,18,Porco
2026-02-16,PPT,09:30,0718,718,05,Cachorro,3480,480,20,Peru,3966,966,17,Macaco,8771,771,18,Porco,6785,785,22,Tigre
2026-02-16,PTM,11:30,6127,127,07,Carneiro,5586,586,22,Tigre,3785,785,22,Tigre,2401,401,01,Avestruz,9175,175,19,Pavão
2026-02-16,PT,14:30,8811,811,03,Burro,6579,579,20,Peru,5692,692,23,Urso,0834,834,09,Cobra,4543,543,11,Cavalo
2026-02-16,PTV,16:30,7104,104,01,Avestruz,7701,701,01,Avestruz,6517,517,05,Cachorro,9977,977,20,Peru,2756,756,14,Gato
2026-02-16,PTN,,5861,861,16,Leão,4177,177,20,Peru,2460,460,15,Jacaré,4371,371,18,Porco,8467,467,17,Macaco
2026-02-16,COR,21:30,5981,981,21,Touro,4197,197,25,Vaca,5567,567,17,Macaco,4785,785,22,Tigre,9988,988,22,Tigre
2026-02-17,PPT,09:30,8576,576,19,Pavão,1879,879,20,Peru,9168,168,17,Macaco,6377,377,20,Peru,3558,558,15,Jacaré
2026-02-17,PTM,11:30,6378,378,20,Peru,1358,358,15,Jacaré,5929,929,08,Camelo,2462,462,16,Leão,6623,623,06,Cabra
2026-02-17,PT,14:30,6168,168,17,Macaco,0960,960,15,Jacaré,8875,875,19,Pavão,2757,757,15,Jacaré,9147,147,12,Elefante
2026-02-17,PTV,16:30,5214,214,04,Borboleta,7470,470,18,Porco,5184,184,21,Touro,8350,350,13,Galo,3939,939,10,Coelho
2026-02-17,PTN,,0501,501,01,Avestruz,2255,255,14,Gato,5981,981,21,Touro,1485,485,22,Tigre,0109,109,03,Burro
2026-02-17,COR,21:30,6766,766,17,Macaco,8411,411,03,Burro,6402,402,01,Avestruz,9542,542,11,Cavalo,9519,519,05,Cachorro
2026-02-18,PPT,09:30,0385,385,22,Tigre,6130,130,08,Camelo,2229,229,08,Camelo,7735,735,09,Cobra,2600,600,25,Vaca
2026-02-18,PTM,11:30,1078,078,20,Peru,0144,144,11,Cavalo,7370,370,18,Porco,2047,047,12,Elefante,0276,276,19,Pavão
2026-02-18,PT,14:30,1477,477,20,Peru,8887,887,22,Tigre,4976,976,19,Pavão,7037,037,10,Coelho,6315,315,04,Borboleta
2026-02-18,PTV,16:30,9367,367,17,Macaco,1849,849,13,Galo,1507,507,02,Águia,6210,210,03,Burro,0924,924,06,Cabra
2026-02-18,PTN,,8826,826,07,Carneiro,4240,240,10,Coelho,8459,459,15,Jacaré,5778,778,20,Peru,1452,452,13,Galo
2026-02-18,COR,21:30,8555,555,14,Gato,1861,861,16,Leão,0665,665,17,Macaco,1014,014,04,Borboleta,5993,993,24,Veado
2026-02-19,PPT,09:30,8821,821,06,Cabra,1598,598,25,Vaca,7295,295,24,Veado,2374,374,19,Pavão,9565,565,17,Macaco
2026-02-19,PTM,11:30,2175,175,19,Pavão,4499,499,25,Vaca,0320,320,05,Cachorro,0305,305,02,Águia,6228,228,07,Carneiro
2026-02-19,PT,14:30,1295,295,24,Veado,9940,940,10,Coelho,0847,847,12,Elefante,7554,554,14,Gato,1120,120,05,Cachorro
2026-02-19,PTV,16:30,7736,736,09,Cobra,4832,832,08,Camelo,0045,045,12,Elefante,1296,296,24,Veado,1127,127,07,Carneiro
2026-02-19,PTN,,8114,114,04,Borboleta,7336,336,09,Cobra,8553,553,14,Gato,2335,335,09,Cobra,1956,956,14,Gato
2026-02-19,COR,21:30,1584,584,21,Touro,4974,974,19,Pavão,9734,734,09,Cobra,3189,189,23,Urso,0219,219,05,Cachorro
2026-02-20,PPT,09:30,2137,137,10,Coelho,2556,556,14,Gato,3811,811,03,Burro,3469,469,18,Porco,1998,998,25,Vaca
2026-02-20,PTM,11:30,9878,878,20,Peru,4708,708,02,Águia,8293,293,24,Veado,4251,251,13,Galo,5127,127,07,Carneiro
2026-02-20,PT,14:30,1344,344,11,Cavalo,0120,120,05,Cachorro,3259,259,15,Jacaré,1056,056,14,Gato,6750,750,13,Galo
2026-02-20,PTV,16:30,7314,314,04,Borboleta,8856,856,14,Gato,5505,505,02,Águia,6640,640,10,Coelho,0865,865,17,Macaco
2026-02-20,PTN,,6923,923,06,Cabra,4093,093,24,Veado,2615,615,04,Borboleta,1884,884,21,Touro,2676,676,19,Pavão
2026-02-20,COR,21:30,6830,830,08,Camelo,8420,420,05,Cachorro,4162,162,16,Leão,7205,205,02,Águia,9128,128,07,Carneiro
2026-02-21,PPT,09:30,6432,432,08,Camelo,4719,719,05,Cachorro,0270,270,18,Porco,6979,979,20,Peru,0740,740,10,Coelho
2026-02-21,PTM,11:30,1453,453,14,Gato,2407,407,02,Águia,8274,274,19,Pavão,2725,725,07,Carneiro,3153,153,14,Gato
2026-02-21,PT,14:30,9727,727,07,Carneiro,0472,472,18,Porco,6667,667,17,Macaco,7989,989,23,Urso,2699,699,25,Vaca
2026-02-21,PTV,16:30,9468,468,17,Macaco,4289,289,23,Urso,8105,105,02,Águia,2736,736,09,Cobra,3134,134,09,Cobra
2026-02-21,FED,,4522,522,06,Cabra,4731,731,08,Camelo,5941,941,11,Cavalo,9388,388,22,Tigre,9046,046,12,Elefante
2026-02-21,COR,21:30,0616,616,04,Borboleta,2440,440,10,Coelho,0349,349,13,Galo,4729,729,08,Camelo,7907,907,02,Águia
2026-02-22,PPT,09:30,9296,296,24,Veado,6983,983,21,Touro,2346,346,12,Elefante,1433,433,09,Cobra,8509,509,03,Burro
2026-02-22,PTM,11:30,5742,742,11,Cavalo,6880,880,20,Peru,3151,151,13,Galo,6222,222,06,Cabra,6102,102,01,Avestruz
2026-02-22,PT,14:30,1017,017,05,Cachorro,5776,776,19,Pavão,5390,390,23,Urso,9069,069,18,Porco,3479,479,20,Peru
2026-02-22,PTV,16:30,1247,247,12,Elefante,5672,672,18,Porco,2875,875,19,Pavão,2318,318,05,Cachorro,1466,466,17,Macaco
2026-02-23,PPT,09:30,9749,749,13,Galo,6910,910,03,Burro,9671,671,18,Porco,4525,525,07,Carneiro,3982,982,21,Touro
2026-02-23,PTM,11:30,1636,636,09,Cobra,4959,959,15,Jacaré,9476,476,19,Pavão,5640,640,10,Coelho,1697,697,25,Vaca
2026-02-23,PT,14:30,2316,316,04,Borboleta,7715,715,04,Borboleta,1809,809,03,Burro,7404,404,01,Avestruz,3636,636,09,Cobra
2026-02-23,PTV,16:30,9121,121,06,Cabra,9292,292,23,Urso,4819,819,05,Cachorro,5395,395,24,Veado,7801,801,01,Avestruz
2026-02-23,PTN,,5455,455,14,Gato,7495,495,24,Veado,1973,973,19,Pavão,9454,454,14,Gato,6491,491,23,Urso
2026-02-23,COR,21:30,8009,009,03,Burro,6258,258,15,Jacaré,0167,167,17,Macaco,6235,235,09,Cobra,6204,204,01,Avestruz
2026-02-24,PPT,09:30,4637,637,10,Coelho,0035,035,09,Cobra,6788,788,22,Tigre,8308,308,02,Águia,9097,097,25,Vaca
2026-02-24,PTM,11:30,4764,764,16,Leão,2951,951,13,Galo,8428,428,07,Carneiro,4746,746,12,Elefante,2200,200,25,Vaca
2026-02-24,PT,14:30,5122,122,06,Cabra,9446,446,12,Elefante,9529,529,08,Camelo,0183,183,21,Touro,8479,479,20,Peru
2026-02-24,PTV,16:30,6454,454,14,Gato,3204,204,01,Avestruz,9988,988,22,Tigre,4934,934,09,Cobra,7035,035,09,Cobra
2026-02-24,PTN,,0926,926,07,Carneiro,3657,657,15,Jacaré,1205,205,02,Águia,0994,994,24,Veado,7761,761,16,Leão
2026-02-24,COR,21:30,1006,006,02,Águia,4593,593,24,Veado,7990,990,23,Urso,3314,314,04,Borboleta,4891,891,23,Urso
2026-02-25,PPT,09:30,4744,744,11,Cavalo,5849,849,13,Galo,3245,245,12,Elefante,3202,202,01,Avestruz,8885,885,22,Tigre
2026-02-25,PTM,11:30,7935,935,09,Cobra,2800,800,25,Vaca,0015,015,04,Borboleta,7351,351,13,Galo,0772,772,18,Porco
2026-02-25,PT,14:30,8701,701,01,Avestruz,3309,309,03,Burro,4196,196,24,Veado,9653,653,14,Gato,7370,370,18,Porco
2026-02-25,PTV,16:30,4398,398,25,Vaca,1550,550,13,Galo,7806,806,02,Águia,0887,887,22,Tigre,8682,682,21,Touro
2026-02-25,FED,,6501,501,01,Avestruz,5700,700,25,Vaca,2804,804,01,Avestruz,8760,760,15,Jacaré,0920,920,05,Cachorro
2026-02-25,COR,21:30,5801,801,01,Avestruz,4267,267,17,Macaco,4103,103,01,Avestruz,7685,685,22,Tigre,3182,182,21,Touro
2026-02-26,PPT,09:30,6477,477,20,Peru,1399,399,25,Vaca,8655,655,14,Gato,3015,015,04,Borboleta,5681,681,21,Touro
2026-02-26,PTM,11:30,1120,120,05,Cachorro,1510,510,03,Burro,2398,398,25,Vaca,2955,955,14,Gato,2670,670,18,Porco
2026-02-26,PT,14:30,6148,148,12,Elefante,9652,652,13,Galo,3041,041,11,Cavalo,1573,573,19,Pavão,7741,741,11,Cavalo
2026-02-26,PTV,16:30,9278,278,20,Peru,2612,612,03,Burro,7447,447,12,Elefante,6993,993,24,Veado,1056,056,14,Gato
2026-02-26,PTN,,9347,347,12,Elefante,1647,647,12,Elefante,3103,103,01,Avestruz,7595,595,24,Veado,6246,246,12,Elefante
2026-02-26,COR,21:30,1179,179,20,Peru,1413,413,04,Borboleta,3260,260,15,Jacaré,3609,609,03,Burro,3202,202,01,Avestruz
2026-02-27,PPT,09:30,0397,397,25,Vaca,2020,020,05,Cachorro,6629,629,08,Camelo,9878,878,20,Peru,5566,566,17,Macaco
2026-02-27,PTM,11:30,4931,931,08,Camelo,4863,863,16,Leão,7581,581,21,Touro,3591,591,23,Urso,8629,629,08,Camelo
2026-02-27,PT,14:30,3852,852,13,Galo,1445,445,12,Elefante,7104,104,01,Avestruz,4386,386,22,Tigre,6173,173,19,Pavão
2026-02-27,PTV,16:30,9265,265,17,Macaco,7765,765,17,Macaco,8020,020,05,Cachorro,0208,208,02,Águia,9243,243,11,Cavalo
2026-02-27,PTN,,3597,597,25,Vaca,8398,398,25,Vaca,3444,444,11,Cavalo,5275,275,19,Pavão,4761,761,16,Leão
2026-02-27,COR,21:30,9766,766,17,Macaco,4124,124,06,Cabra,7590,590,23,Urso,0444,444,11,Cavalo,7351,351,13,Galo
2026-02-28,PPT,09:30,0648,648,12,Elefante,9678,678,20,Peru,7838,838,10,Coelho,3737,737,10,Coelho,7035,035,09,Cobra
2026-02-28,PTM,11:30,6068,068,17,Macaco,6540,540,10,Coelho,0868,868,17,Macaco,0732,732,08,Camelo,5336,336,09,Cobra
2026-02-28,PT,14:30,3009,009,03,Burro,0876,876,19,Pavão,3748,748,12,Elefante,7397,397,25,Vaca,8062,062,16,Leão
2026-02-28,PTV,16:30,2331,331,08,Camelo,8171,171,18,Porco,6407,407,02,Águia,7318,318,05,Cachorro,4978,978,20,Peru
2026-02-28,FED,,3198,198,25,Vaca,0151,151,13,Galo,1839,839,10,Coelho,6287,287,22,Tigre,5205,205,02,Águia
2026-02-28,COR,21:30,8558,558,15,Jacaré,5962,962,16,Leão,6237,237,10,Coelho,0347,347,12,Elefante,0020,020,05,Cachorro
2026-03-01,PPT,09:30,5135,135,09,Cobra,6137,137,10,Coelho,6776,776,19,Pavão,0912,912,03,Burro,1837,837,10,Coelho
2026-03-01,PTM,11:30,9430,430,08,Camelo,6587,587,22,Tigre,7278,278,20,Peru,9751,751,13,Galo,5368,368,17,Macaco
2026-03-01,PT,14:30,3204,204,01,Avestruz,8937,937,10,Coelho,3890,890,23,Urso,6746,746,12,Elefante,8357,357,15,Jacaré
2026-03-01,PTV,16:30,7061,061,16,Leão,2742,742,11,Cavalo,3726,726,07,Carneiro,9946,946,12,Elefante,5217,217,05,Cachorro
2026-03-02,PPT,09:30,6382,382,21,Touro,4855,855,14,Gato,0227,227,07,Carneiro,4035,035,09,Cobra,8810,810,03,Burro
2026-03-02,PTM,11:30,0565,565,17,Macaco,3842,842,11,Cavalo,0914,914,04,Borboleta,0881,881,21,Touro,9788,788,22,Tigre
2026-03-02,PT,14:30,5431,431,08,Camelo,5160,160,15,Jacaré,4005,005,02,Águia,9679,679,20,Peru,0802,802,01,Avestruz
2026-03-02,PTV,16:30,5663,663,16,Leão,4527,527,07,Carneiro,5164,164,16,Leão,6667,667,17,Macaco,7136,136,09,Cobra
2026-03-02,PTN,,0766,766,17,Macaco,4371,371,18,Porco,7366,366,17,Macaco,4552,552,13,Galo,4534,534,09,Cobra
2026-03-02,COR,21:30,5956,956,14,Gato,0349,349,13,Galo,8806,806,02,Águia,5263,263,16,Leão,6740,740,10,Coelho
2026-03-03,PPT,09:30,7490,490,23,Urso,3844,844,11,Cavalo,5023,023,06,Cabra,9908,908,02,Águia,2898,898,25,Vaca
2026-03-03,PTM,11:30,8326,326,07,Carneiro,8686,686,22,Tigre,4767,767,17,Macaco,5431,431,08,Camelo,0765,765,17,Macaco
2026-03-03,PT,14:30,3395,395,24,Veado,5120,120,05,Cachorro,9153,153,14,Gato,3773,773,19,Pavão,8489,489,23,Urso
2026-03-03,PTV,16:30,8245,245,12,Elefante,6750,750,13,Galo,1386,386,22,Tigre,3198,198,25,Vaca,5183,183,21,Touro
2026-03-03,PTN,,0341,341,11,Cavalo,4302,302,01,Avestruz,3602,602,01,Avestruz,7532,532,08,Camelo,1567,567,17,Macaco
2026-03-03,COR,21:30,9941,941,11,Cavalo,9718,718,05,Cachorro,7358,358,15,Jacaré,7249,249,13,Galo,9471,471,18,Porco
2026-03-04,PPT,09:30,6762,762,16,Leão,5886,886,22,Tigre,0822,822,06,Cabra,1031,031,08,Camelo,7814,814,04,Borboleta
2026-03-04,PTM,11:30,8824,824,06,Cabra,7908,908,02,Águia,7266,266,17,Macaco,8423,423,06,Cabra,1224,224,06,Cabra
2026-03-04,PT,14:30,6713,713,04,Borboleta,0666,666,17,Macaco,5169,169,18,Porco,9994,994,24,Veado,4335,335,09,Cobra
2026-03-04,PTV,16:30,8083,083,21,Touro,8438,438,10,Coelho,5168,168,17,Macaco,7375,375,19,Pavão,6897,897,25,Vaca
2026-03-04,FED,,2925,925,07,Carneiro,1720,720,05,Cachorro,0546,546,12,Elefante,8317,317,05,Cachorro,0635,635,09,Cobra
2026-03-04,COR,21:30,3061,061,16,Leão,1826,826,07,Carneiro,3208,208,02,Águia,2448,448,12,Elefante,4214,214,04,Borboleta
2026-03-05,PPT,09:30,6271,271,18,Porco,6412,412,03,Burro,6422,422,06,Cabra,3125,125,07,Carneiro,6711,711,03,Burro
2026-03-05,PTM,11:30,5518,518,05,Cachorro,9484,484,21,Touro,9249,249,13,Galo,7582,582,21,Touro,5173,173,19,Pavão
2026-03-05,PT,14:30,6385,385,22,Tigre,5704,704,01,Avestruz,0834,834,09,Cobra,7354,354,14,Gato,1894,894,24,Veado
2026-03-05,PTV,16:30,2671,671,18,Porco,1969,969,18,Porco,7236,236,09,Cobra,2979,979,20,Peru,8978,978,20,Peru
2026-03-05,PTN,,7410,410,03,Burro,2121,121,06,Cabra,5778,778,20,Peru,5508,508,02,Águia,0742,742,11,Cavalo
2026-03-05,COR,21:30,8636,636,09,Cobra,6813,813,04,Borboleta,1756,756,14,Gato,8993,993,24,Veado,9965,965,17,Macaco
2026-03-06,PPT,09:30,9584,584,21,Touro,3245,245,12,Elefante,8311,311,03,Burro,1500,500,25,Vaca,2155,155,14,Gato
2026-03-06,PTM,11:30,9538,538,10,Coelho,5226,226,07,Carneiro,4731,731,08,Camelo,2107,107,02,Águia,5973,973,19,Pavão
2026-03-06,PT,14:30,1430,430,08,Camelo,4226,226,07,Carneiro,5872,872,18,Porco,2609,609,03,Burro,7375,375,19,Pavão
2026-03-06,PTV,16:30,0813,813,04,Borboleta,8121,121,06,Cabra,7626,626,07,Carneiro,2786,786,22,Tigre,3378,378,20,Peru
2026-03-06,PTN,,6723,723,06,Cabra,5752,752,13,Galo,3444,444,11,Cavalo,0735,735,09,Cobra,5763,763,16,Leão
2026-03-06,COR,21:30,7364,364,16,Leão,6666,666,17,Macaco,6135,135,09,Cobra,0299,299,25,Vaca,1642,642,11,Cavalo
2026-03-07,PPT,09:30,5403,403,01,Avestruz,0741,741,11,Cavalo,1107,107,02,Águia,5511,511,03,Burro,5559,559,15,Jacaré
2026-03-07,PTM,11:30,2677,677,20,Peru,6760,760,15,Jacaré,5532,532,08,Camelo,8697,697,25,Vaca,7490,490,23,Urso
2026-03-07,PT,14:30,5538,538,10,Coelho,2652,652,13,Galo,1580,580,20,Peru,6963,963,16,Leão,2866,866,17,Macaco
2026-03-07,PTV,16:30,0728,728,07,Carneiro,3967,967,17,Macaco,6016,016,04,Borboleta,0999,999,25,Vaca,1128,128,07,Carneiro
2026-03-07,FED,,8317,317,05,Cachorro,2029,029,08,Camelo,5104,104,01,Avestruz,0790,790,23,Urso,7605,605,02,Águia
2026-03-07,COR,21:30,6128,128,07,Carneiro,5559,559,15,Jacaré,5960,960,15,Jacaré,0799,799,25,Vaca,2041,041,11,Cavalo
2026-03-08,PPT,09:30,9568,568,17,Macaco,7444,444,11,Cavalo,9873,873,19,Pavão,2004,004,01,Avestruz,9265,265,17,Macaco
2026-03-08,PTM,11:30,7488,488,22,Tigre,8931,931,08,Camelo,5552,552,13,Galo,9635,635,09,Cobra,3406,406,02,Águia
2026-03-08,PT,14:30,5537,537,10,Coelho,2828,828,07,Carneiro,7417,417,05,Cachorro,4187,187,22,Tigre,6260,260,15,Jacaré
2026-03-08,PTV,16:30,4257,257,15,Jacaré,4666,666,17,Macaco,3660,660,15,Jacaré,5482,482,21,Touro,1972,972,18,Porco
2026-03-09,PPT,09:30,0092,092,23,Urso,7865,865,17,Macaco,9295,295,24,Veado,4680,680,20,Peru,8000,000,25,Vaca
2026-03-09,PTM,11:30,6098,098,25,Vaca,2194,194,24,Veado,9869,869,18,Porco,2234,234,09,Cobra,4024,024,06,Cabra
2026-03-09,PT,14:30,9926,926,07,Carneiro,0434,434,09,Cobra,6176,176,19,Pavão,0929,929,08,Camelo,1636,636,09,Cobra
2026-03-09,PTV,16:30,0009,009,03,Burro,5020,020,05,Cachorro,3618,618,05,Cachorro,0870,870,18,Porco,4705,705,02,Águia
2026-03-09,PTN,,3906,906,02,Águia,3417,417,05,Cachorro,6409,409,03,Burro,0222,222,06,Cabra,1621,621,06,Cabra
2026-03-09,COR,21:30,0705,705,02,Águia,0002,002,01,Avestruz,0163,163,16,Leão,3663,663,16,Leão,4552,552,13,Galo
2026-03-10,PPT,09:30,1584,584,21,Touro,4878,878,20,Peru,7335,335,09,Cobra,5760,760,15,Jacaré,5708,708,02,Águia
2026-03-10,PTM,11:30,6551,551,13,Galo,4141,141,11,Cavalo,6689,689,23,Urso,2790,790,23,Urso,7033,033,09,Cobra
2026-03-10,PT,14:30,5784,784,21,Touro,6437,437,10,Coelho,9494,494,24,Veado,5846,846,12,Elefante,0455,455,14,Gato
2026-03-10,PTV,16:30,5933,933,09,Cobra,3928,928,07,Carneiro,2534,534,09,Cobra,4630,630,08,Camelo,0215,215,04,Borboleta
2026-03-10,PTN,,1088,088,22,Tigre,8906,906,02,Águia,3042,042,11,Cavalo,8185,185,22,Tigre,2187,187,22,Tigre
2026-03-10,COR,21:30,4497,497,25,Vaca,0961,961,16,Leão,2440,440,10,Coelho,6807,807,02,Águia,3005,005,02,Águia
2026-03-11,PPT,09:30,8504,504,01,Avestruz,1147,147,12,Elefante,2839,839,10,Coelho,1332,332,08,Camelo,6306,306,02,Águia
2026-03-11,PTM,11:30,6421,421,06,Cabra,2570,570,18,Porco,2213,213,04,Borboleta,1623,623,06,Cabra,2943,943,11,Cavalo
2026-03-11,PT,14:30,7780,780,20,Peru,2837,837,10,Coelho,7706,706,02,Águia,1646,646,12,Elefante,6679,679,20,Peru
2026-03-11,PTV,16:30,4543,543,11,Cavalo,2044,044,11,Cavalo,1934,934,09,Cobra,2585,585,22,Tigre,9301,301,01,Avestruz
2026-03-11,FED,,7688,688,22,Tigre,4077,077,20,Peru,7257,257,15,Jacaré,1558,558,15,Jacaré,8912,912,03,Burro
2026-03-11,COR,21:30,1832,832,08,Camelo,8102,102,01,Avestruz,4243,243,11,Cavalo,1966,966,17,Macaco,7115,115,04,Borboleta
2026-03-12,PPT,09:30,8895,895,24,Veado,8164,164,16,Leão,2625,625,07,Carneiro,2228,228,07,Carneiro,8352,352,13,Galo
2026-03-12,PTM,11:30,6166,166,17,Macaco,8026,026,07,Carneiro,4872,872,18,Porco,3288,288,22,Tigre,1323,323,06,Cabra
2026-03-12,PT,14:30,4725,725,07,Carneiro,0921,921,06,Cabra,5272,272,18,Porco,0348,348,12,Elefante,9747,747,12,Elefante
2026-03-12,PTV,16:30,1965,965,17,Macaco,1621,621,06,Cabra,8351,351,13,Galo,3862,862,16,Leão,3538,538,10,Coelho
2026-03-12,PTN,,3117,117,05,Cachorro,6052,052,13,Galo,6851,851,13,Galo,4794,794,24,Veado,2110,110,03,Burro
2026-03-12,COR,21:30,7657,657,15,Jacaré,1900,900,25,Vaca,9740,740,10,Coelho,8646,646,12,Elefante,2557,557,15,Jacaré
2026-03-13,PPT,09:30,6558,558,15,Jacaré,2317,317,05,Cachorro,3336,336,09,Cobra,1632,632,08,Camelo,8674,674,19,Pavão
2026-03-13,PTM,11:30,3899,899,25,Vaca,4542,542,11,Cavalo,4438,438,10,Coelho,8271,271,18,Porco,5455,455,14,Gato
2026-03-13,PT,14:30,8916,916,04,Borboleta,4922,922,06,Cabra,7186,186,22,Tigre,4317,317,05,Cachorro,7256,256,14,Gato
2026-03-13,PTV,16:30,1229,229,08,Camelo,6570,570,18,Porco,7906,906,02,Águia,7528,528,07,Carneiro,6663,663,16,Leão
2026-03-13,PTN,,8947,947,12,Elefante,7981,981,21,Touro,9337,337,10,Coelho,6786,786,22,Tigre,9229,229,08,Camelo
2026-03-13,COR,21:30,5239,239,10,Coelho,4636,636,09,Cobra,2287,287,22,Tigre,1768,768,17,Macaco,0215,215,04,Borboleta
2026-03-14,PPT,09:30,4419,419,05,Cachorro,7307,307,02,Águia,5676,676,19,Pavão,8804,804,01,Avestruz,8376,376,19,Pavão
2026-03-14,PTM,11:30,8056,056,14,Gato,1085,085,22,Tigre,0271,271,18,Porco,7066,066,17,Macaco,6520,520,05,Cachorro
2026-03-14,PT,14:30,9069,069,18,Porco,3887,887,22,Tigre,3109,109,03,Burro,9789,789,23,Urso,1007,007,02,Águia
2026-03-14,PTV,16:30,1072,072,18,Porco,2093,093,24,Veado,8727,727,07,Carneiro,1122,122,06,Cabra,5120,120,05,Cachorro
2026-03-14,FED,,3683,683,21,Touro,8593,593,24,Veado,7392,392,23,Urso,3646,646,12,Elefante,4587,587,22,Tigre
2026-03-14,COR,21:30,8596,596,24,Veado,9807,807,02,Águia,0309,309,03,Burro,5796,796,24,Veado,6030,030,08,Camelo
2026-03-15,PPT,09:30,4231,231,08,Camelo,1276,276,19,Pavão,9613,613,04,Borboleta,8084,084,21,Touro,8134,134,09,Cobra
2026-03-15,PTM,11:30,8268,268,17,Macaco,9224,224,06,Cabra,7591,591,23,Urso,7903,903,01,Avestruz,2017,017,05,Cachorro
2026-03-15,PT,14:30,7757,757,15,Jacaré,3258,258,15,Jacaré,3766,766,17,Macaco,0309,309,03,Burro,5643,643,11,Cavalo
2026-03-15,PTV,16:30,1598,598,25,Vaca,1993,993,24,Veado,7705,705,02,Águia,9598,598,25,Vaca,5417,417,05,Cachorro
2026-03-16,PPT,09:30,4319,319,05,Cachorro,1657,657,15,Jacaré,0091,091,23,Urso,5978,978,20,Peru,3178,178,20,Peru
2026-03-16,PTM,11:30,2348,348,12,Elefante,7716,716,04,Borboleta,6230,230,08,Camelo,0308,308,02,Águia,2645,645,12,Elefante
2026-03-16,PT,14:30,4936,936,09,Cobra,0476,476,19,Pavão,7930,930,08,Camelo,4639,639,10,Coelho,4311,311,03,Burro
2026-03-16,PTV,16:30,3697,697,25,Vaca,8686,686,22,Tigre,3352,352,13,Galo,4246,246,12,Elefante,2128,128,07,Carneiro
2026-03-16,PTN,,1861,861,16,Leão,1522,522,06,Cabra,0932,932,08,Camelo,0913,913,04,Borboleta,7532,532,08,Camelo
2026-03-16,COR,21:30,0396,396,24,Veado,8034,034,09,Cobra,2147,147,12,Elefante,5237,237,10,Coelho,7623,623,06,Cabra
2026-03-17,PPT,09:30,2330,330,08,Camelo,6107,107,02,Águia,0658,658,15,Jacaré,7528,528,07,Carneiro,3223,223,06,Cabra
2026-03-17,PTM,11:30,7871,871,18,Porco,5524,524,06,Cabra,6053,053,14,Gato,7057,057,15,Jacaré,5363,363,16,Leão
2026-03-17,PT,14:30,9887,887,22,Tigre,7424,424,06,Cabra,7551,551,13,Galo,7817,817,05,Cachorro,7338,338,10,Coelho
2026-03-17,PTV,16:30,7969,969,18,Porco,2946,946,12,Elefante,9791,791,23,Urso,8613,613,04,Borboleta,8531,531,08,Camelo
2026-03-17,PTN,,2343,343,11,Cavalo,2841,841,11,Cavalo,5212,212,03,Burro,1124,124,06,Cabra,3326,326,07,Carneiro
2026-03-17,COR,21:30,8162,162,16,Leão,9506,506,02,Águia,7083,083,21,Touro,0806,806,02,Águia,7312,312,03,Burro
2026-03-18,PPT,09:30,4077,077,20,Peru,6291,291,23,Urso,0815,815,04,Borboleta,9138,138,10,Coelho,4154,154,14,Gato
2026-03-18,PTM,11:30,9567,567,17,Macaco,2443,443,11,Cavalo,2346,346,12,Elefante,5573,573,19,Pavão,7838,838,10,Coelho
2026-03-18,PT,14:30,6771,771,18,Porco,3556,556,14,Gato,8969,969,18,Porco,2904,904,01,Avestruz,0540,540,10,Coelho
2026-03-18,PTV,16:30,3098,098,25,Vaca,1693,693,24,Veado,8620,620,05,Cachorro,7621,621,06,Cabra,3836,836,09,Cobra
2026-03-18,FED,,4456,456,14,Gato,1104,104,01,Avestruz,5409,409,03,Burro,5617,617,05,Cachorro,5569,569,18,Porco
2026-03-18,COR,21:30,7920,920,05,Cachorro,1646,646,12,Elefante,3874,874,19,Pavão,8822,822,06,Cabra,3549,549,13,Galo
2026-03-19,PPT,09:30,8449,449,13,Galo,6609,609,03,Burro,6702,702,01,Avestruz,7620,620,05,Cachorro,1348,348,12,Elefante
2026-03-19,PTM,11:30,2518,518,05,Cachorro,0152,152,13,Galo,8682,682,21,Touro,7047,047,12,Elefante,0644,644,11,Cavalo
2026-03-19,PT,14:30,4656,656,14,Gato,3971,971,18,Porco,8506,506,02,Águia,2423,423,06,Cabra,7750,750,13,Galo
2026-03-19,PTV,16:30,8621,621,06,Cabra,9505,505,02,Águia,8346,346,12,Elefante,5290,290,23,Urso,0611,611,03,Burro
2026-03-19,PTN,,3928,928,07,Carneiro,7690,690,23,Urso,5225,225,07,Carneiro,0005,005,02,Águia,6865,865,17,Macaco
2026-03-19,COR,21:30,7163,163,16,Leão,9219,219,05,Cachorro,8359,359,15,Jacaré,2429,429,08,Camelo,0150,150,13,Galo
2026-03-20,PPT,09:30,3015,015,04,Borboleta,8581,581,21,Touro,7192,192,23,Urso,4214,214,04,Borboleta,5713,713,04,Borboleta
2026-03-20,PTM,11:30,3557,557,15,Jacaré,0565,565,17,Macaco,8466,466,17,Macaco,9951,951,13,Galo,7657,657,15,Jacaré
2026-03-20,PT,14:30,2688,688,22,Tigre,6150,150,13,Galo,5945,945,12,Elefante,5392,392,23,Urso,5025,025,07,Carneiro
2026-03-20,PTV,16:30,7119,119,05,Cachorro,3831,831,08,Camelo,1494,494,24,Veado,8400,400,25,Vaca,9071,071,18,Porco
2026-03-20,PTN,,7413,413,04,Borboleta,7468,468,17,Macaco,5682,682,21,Touro,0277,277,20,Peru,2593,593,24,Veado
2026-03-20,COR,21:30,6033,033,09,Cobra,6445,445,12,Elefante,8167,167,17,Macaco,4762,762,16,Leão,7362,362,16,Leão
2026-03-21,PPT,09:30,3913,913,04,Borboleta,1427,427,07,Carneiro,6248,248,12,Elefante,1560,560,15,Jacaré,7094,094,24,Veado
2026-03-21,PTM,11:30,8978,978,20,Peru,6478,478,20,Peru,7088,088,22,Tigre,2832,832,08,Camelo,0003,003,01,Avestruz
2026-03-21,PT,14:30,7926,926,07,Carneiro,0474,474,19,Pavão,9345,345,12,Elefante,4301,301,01,Avestruz,3460,460,15,Jacaré
2026-03-21,PTV,16:30,9270,270,18,Porco,9308,308,02,Águia,2367,367,17,Macaco,6564,564,16,Leão,1477,477,20,Peru
2026-03-21,FED,,6449,449,13,Galo,4784,784,21,Touro,4466,466,17,Macaco,8616,616,04,Borboleta,4525,525,07,Carneiro
2026-03-21,COR,21:30,4861,861,16,Leão,5909,909,03,Burro,4195,195,24,Veado,0161,161,16,Leão,2842,842,11,Cavalo
2026-03-22,PPT,09:30,4910,910,03,Burro,0389,389,23,Urso,7228,228,07,Carneiro,0677,677,20,Peru,4915,915,04,Borboleta
2026-03-22,PTM,11:30,0794,794,24,Veado,6027,027,07,Carneiro,5282,282,21,Touro,0823,823,06,Cabra,9641,641,11,Cavalo
2026-03-22,PT,14:30,4321,321,06,Cabra,9268,268,17,Macaco,0273,273,19,Pavão,0552,552,13,Galo,5503,503,01,Avestruz
2026-03-22,PTV,16:30,9911,911,03,Burro,7937,937,10,Coelho,9536,536,09,Cobra,9457,457,15,Jacaré,7447,447,12,Elefante
2026-03-23,PPT,09:30,0394,394,24,Veado,8290,290,23,Urso,8078,078,20,Peru,0320,320,05,Cachorro,8370,370,18,Porco
2026-03-23,PTM,11:30,8846,846,12,Elefante,1378,378,20,Peru,1339,339,10,Coelho,1426,426,07,Carneiro,6747,747,12,Elefante
2026-03-23,PT,14:30,9651,651,13,Galo,7591,591,23,Urso,2938,938,10,Coelho,3331,331,08,Camelo,1661,661,16,Leão
2026-03-23,PTV,16:30,9205,205,02,Águia,8341,341,11,Cavalo,4658,658,15,Jacaré,9834,834,09,Cobra,1487,487,22,Tigre
2026-03-23,PTN,,8358,358,15,Jacaré,5535,535,09,Cobra,0873,873,19,Pavão,7419,419,05,Cachorro,7778,778,20,Peru
2026-03-23,COR,21:30,6568,568,17,Macaco,2970,970,18,Porco,2089,089,23,Urso,9674,674,19,Pavão,7015,015,04,Borboleta
2026-03-24,PPT,09:30,0491,491,23,Urso,2113,113,04,Borboleta,6842,842,11,Cavalo,7263,263,16,Leão,2548,548,12,Elefante
2026-03-24,PTM,11:30,4262,262,16,Leão,8408,408,02,Águia,6684,684,21,Touro,2135,135,09,Cobra,8114,114,04,Borboleta
2026-03-24,PT,14:30,5602,602,01,Avestruz,2905,905,02,Águia,4596,596,24,Veado,7155,155,14,Gato,5076,076,19,Pavão
2026-03-24,PTV,16:30,9230,230,08,Camelo,0921,921,06,Cabra,7250,250,13,Galo,9401,401,01,Avestruz,3191,191,23,Urso
2026-03-24,PTN,,3461,461,16,Leão,4185,185,22,Tigre,7012,012,03,Burro,5084,084,21,Touro,8793,793,24,Veado
2026-03-24,COR,21:30,7820,820,05,Cachorro,1783,783,21,Touro,3248,248,12,Elefante,3702,702,01,Avestruz,7649,649,13,Galo
2026-03-25,PPT,09:30,2293,293,24,Veado,8828,828,07,Carneiro,1598,598,25,Vaca,2404,404,01,Avestruz,3304,304,01,Avestruz
2026-03-25,PTM,11:30,6500,500,25,Vaca,5195,195,24,Veado,9229,229,08,Camelo,0773,773,19,Pavão,2379,379,20,Peru
2026-03-25,PT,14:30,1896,896,24,Veado,2999,999,25,Vaca,2847,847,12,Elefante,0579,579,20,Peru,5645,645,12,Elefante
2026-03-25,PTV,16:30,7562,562,16,Leão,7914,914,04,Borboleta,3172,172,18,Porco,4572,572,18,Porco,5836,836,09,Cobra
2026-03-25,FED,,6622,622,06,Cabra,9027,027,07,Carneiro,6369,369,18,Porco,1000,000,25,Vaca,2209,209,03,Burro
2026-03-25,COR,21:30,6987,987,22,Tigre,8732,732,08,Camelo,1645,645,12,Elefante,5800,800,25,Vaca,4569,569,18,Porco
2026-03-26,PPT,09:30,7366,366,17,Macaco,0756,756,14,Gato,1949,949,13,Galo,3335,335,09,Cobra,9967,967,17,Macaco
2026-03-26,PTM,11:30,7600,600,25,Vaca,5718,718,05,Cachorro,0667,667,17,Macaco,4249,249,13,Galo,5202,202,01,Avestruz
2026-03-26,PT,14:30,7792,792,23,Urso,3048,048,12,Elefante,0513,513,04,Borboleta,4852,852,13,Galo,3608,608,02,Águia
2026-03-26,PTV,16:30,6099,099,25,Vaca,5534,534,09,Cobra,0301,301,01,Avestruz,6295,295,24,Veado,8710,710,03,Burro
2026-03-26,PTN,,3632,632,08,Camelo,4930,930,08,Camelo,2841,841,11,Cavalo,4416,416,04,Borboleta,4920,920,05,Cachorro
2026-03-26,COR,21:30,2778,778,20,Peru,6483,483,21,Touro,0046,046,12,Elefante,6139,139,10,Coelho,4690,690,23,Urso
2026-03-27,PPT,09:30,1665,665,17,Macaco,6176,176,19,Pavão,0727,727,07,Carneiro,6615,615,04,Borboleta,9509,509,03,Burro
2026-03-27,PTM,11:30,5027,027,07,Carneiro,3156,156,14,Gato,5910,910,03,Burro,5069,069,18,Porco,7438,438,10,Coelho
2026-03-27,PT,14:30,2893,893,24,Veado,7334,334,09,Cobra,9204,204,01,Avestruz,2200,200,25,Vaca,0562,562,16,Leão
2026-03-27,PTV,16:30,2646,646,12,Elefante,7332,332,08,Camelo,6935,935,09,Cobra,5550,550,13,Galo,8780,780,20,Peru
2026-03-27,PTN,,2753,753,14,Gato,7240,240,10,Coelho,3693,693,24,Veado,1191,191,23,Urso,6589,589,23,Urso
2026-03-27,COR,21:30,4702,702,01,Avestruz,7555,555,14,Gato,5469,469,18,Porco,2528,528,07,Carneiro,6181,181,21,Touro
2026-03-28,PPT,09:30,9476,476,19,Pavão,6136,136,09,Cobra,6497,497,25,Vaca,1315,315,04,Borboleta,5591,591,23,Urso
2026-03-28,PTM,11:30,6332,332,08,Camelo,8859,859,15,Jacaré,8428,428,07,Carneiro,8929,929,08,Camelo,7501,501,01,Avestruz
2026-03-28,PT,14:30,3945,945,12,Elefante,0350,350,13,Galo,2093,093,24,Veado,9998,998,25,Vaca,0708,708,02,Águia
2026-03-28,PTV,16:30,2808,808,02,Águia,9550,550,13,Galo,3423,423,06,Cabra,8981,981,21,Touro,9833,833,09,Cobra
2026-03-28,FED,,5352,352,13,Galo,5576,576,19,Pavão,2324,324,06,Cabra,1593,593,24,Veado,6384,384,21,Touro
2026-03-28,COR,21:30,2229,229,08,Camelo,6825,825,07,Carneiro,6792,792,23,Urso,3328,328,07,Carneiro,3872,872,18,Porco
2026-03-29,PPT,09:30,5162,162,16,Leão,1012,012,03,Burro,9337,337,10,Coelho,0664,664,16,Leão,8829,829,08,Camelo
2026-03-29,PTM,11:30,6435,435,09,Cobra,1739,739,10,Coelho,7484,484,21,Touro,1793,793,24,Veado,9281,281,21,Touro
2026-03-29,PT,14:30,7669,669,18,Porco,6913,913,04,Borboleta,0866,866,17,Macaco,7350,350,13,Galo,4001,001,01,Avestruz
2026-03-29,PTV,16:30,4283,283,21,Touro,5187,187,22,Tigre,5559,559,15,Jacaré,9108,108,02,Águia,6238,238,10,Coelho
2026-03-30,PPT,09:30,4081,081,21,Touro,1841,841,11,Cavalo,5180,180,20,Peru,2727,727,07,Carneiro,1267,267,17,Macaco
2026-03-30,PTM,11:30,8477,477,20,Peru,9856,856,14,Gato,3833,833,09,Cobra,1700,700,25,Vaca,9411,411,03,Burro
2026-03-30,PT,14:30,8973,973,19,Pavão,8092,092,23,Urso,6917,917,05,Cachorro,0436,436,09,Cobra,8347,347,12,Elefante
2026-03-30,PTV,16:30,8092,092,23,Urso,4394,394,24,Veado,9442,442,11,Cavalo,0835,835,09,Cobra,1863,863,16,Leão
2026-03-30,PTN,,6471,471,18,Porco,8231,231,08,Camelo,5851,851,13,Galo,0788,788,22,Tigre,0882,882,21,Touro
2026-03-30,COR,21:30,4680,680,20,Peru,0267,267,17,Macaco,7736,736,09,Cobra,7364,364,16,Leão,8410,410,03,Burro
2026-03-31,PPT,09:30,7100,100,25,Vaca,0005,005,02,Águia,1417,417,05,Cachorro,5468,468,17,Macaco,6777,777,20,Peru
2026-03-31,PTM,11:30,9822,822,06,Cabra,5007,007,02,Águia,5842,842,11,Cavalo,3507,507,02,Águia,4271,271,18,Porco
2026-03-31,PT,14:30,7276,276,19,Pavão,1205,205,02,Águia,6574,574,19,Pavão,7457,457,15,Jacaré,3351,351,13,Galo
2026-03-31,PTV,16:30,2266,266,17,Macaco,3785,785,22,Tigre,5490,490,23,Urso,9405,405,02,Águia,0363,363,16,Leão
2026-03-31,PTN,,1955,955,14,Gato,7697,697,25,Vaca,8500,500,25,Vaca,6780,780,20,Peru,5602,602,01,Avestruz
2026-03-31,COR,21:30,3364,364,16,Leão,0516,516,04,Borboleta,4707,707,02,Águia,1875,875,19,Pavão,1245,245,12,Elefante
2026-04-01,PPT,09:30,8551,551,13,Galo,0388,388,22,Tigre,8594,594,24,Veado,3358,358,15,Jacaré,8456,456,14,Gato
2026-04-01,PTM,11:30,5603,603,01,Avestruz,9544,544,11,Cavalo,0768,768,17,Macaco,6109,109,03,Burro,2382,382,21,Touro
2026-04-01,PT,14:30,0455,455,14,Gato,0585,585,22,Tigre,5035,035,09,Cobra,0512,512,03,Burro,5457,457,15,Jacaré
2026-04-01,PTV,16:30,5365,365,17,Macaco,5449,449,13,Galo,7301,301,01,Avestruz,4296,296,24,Veado,1504,504,01,Avestruz
2026-04-01,PTN,,9895,895,24,Veado,7404,404,01,Avestruz,1072,072,18,Porco,5125,125,07,Carneiro,8204,204,01,Avestruz
2026-04-01,COR,21:30,4538,538,10,Coelho,4075,075,19,Pavão,2904,904,01,Avestruz,9557,557,15,Jacaré,6528,528,07,Carneiro
2026-04-02,PPT,09:30,8371,371,18,Porco,9901,901,01,Avestruz,0448,448,12,Elefante,3185,185,22,Tigre,7334,334,09,Cobra
2026-04-02,PTM,11:30,3189,189,23,Urso,0818,818,05,Cachorro,8801,801,01,Avestruz,6596,596,24,Veado,4574,574,19,Pavão
2026-04-02,PT,14:30,7501,501,01,Avestruz,1239,239,10,Coelho,5804,804,01,Avestruz,6788,788,22,Tigre,9461,461,16,Leão
2026-04-02,PTV,16:30,6787,787,22,Tigre,9681,681,21,Touro,2995,995,24,Veado,1761,761,16,Leão,5773,773,19,Pavão
2026-04-02,PTN,,0595,595,24,Veado,8766,766,17,Macaco,0043,043,11,Cavalo,6697,697,25,Vaca,3230,230,08,Camelo
2026-04-02,COR,21:30,7873,873,19,Pavão,5704,704,01,Avestruz,1380,380,20,Peru,9603,603,01,Avestruz,3798,798,25,Vaca
2026-04-03,PPT,09:30,4563,563,16,Leão,2822,822,06,Cabra,2310,310,03,Burro,3200,200,25,Vaca,5385,385,22,Tigre
2026-04-03,PTM,11:30,8198,198,25,Vaca,2766,766,17,Macaco,2765,765,17,Macaco,1486,486,22,Tigre,1469,469,18,Porco
2026-04-03,PT,14:30,7742,742,11,Cavalo,2286,286,22,Tigre,4941,941,11,Cavalo,5830,830,08,Camelo,8964,964,16,Leão
2026-04-03,PTV,16:30,7539,539,10,Coelho,5687,687,22,Tigre,9141,141,11,Cavalo,2650,650,13,Galo,9510,510,03,Burro
2026-04-03,PTN,,7859,859,15,Jacaré,7426,426,07,Carneiro,0084,084,21,Touro,2366,366,17,Macaco,9643,643,11,Cavalo
2026-04-03,COR,21:30,3409,409,03,Burro,1058,058,15,Jacaré,9472,472,18,Porco,8286,286,22,Tigre,9486,486,22,Tigre
2026-04-04,PPT,09:30,1008,008,02,Águia,1000,000,25,Vaca,6416,416,04,Borboleta,5983,983,21,Touro,6250,250,13,Galo
2026-04-04,PTM,11:30,7908,908,02,Águia,1529,529,08,Camelo,7686,686,22,Tigre,5184,184,21,Touro,3344,344,11,Cavalo
2026-04-04,PT,14:30,4235,235,09,Cobra,0785,785,22,Tigre,3036,036,09,Cobra,9717,717,05,Cachorro,6280,280,20,Peru
2026-04-04,PTV,16:30,3833,833,09,Cobra,3071,071,18,Porco,0306,306,02,Águia,0375,375,19,Pavão,7898,898,25,Vaca
2026-04-04,FED,,9022,022,06,Cabra,6911,911,03,Burro,4560,560,15,Jacaré,4218,218,05,Cachorro,5835,835,09,Cobra
2026-04-04,COR,21:30,9565,565,17,Macaco,1772,772,18,Porco,9785,785,22,Tigre,2087,087,22,Tigre,4627,627,07,Carneiro
2026-04-05,PPT,09:30,3279,279,20,Peru,4897,897,25,Vaca,8862,862,16,Leão,5368,368,17,Macaco,0151,151,13,Galo
2026-04-05,PTM,11:30,4845,845,12,Elefante,9001,001,01,Avestruz,6745,745,12,Elefante,1705,705,02,Águia,2647,647,12,Elefante
2026-04-05,PT,14:30,8634,634,09,Cobra,3529,529,08,Camelo,3832,832,08,Camelo,0161,161,16,Leão,5476,476,19,Pavão
2026-04-05,PTV,16:30,4942,942,11,Cavalo,6804,804,01,Avestruz,5168,168,17,Macaco,9854,854,14,Gato,7593,593,24,Veado
2026-04-06,PPT,09:30,7685,685,22,Tigre,9287,287,22,Tigre,7006,006,02,Águia,1285,285,22,Tigre,6980,980,20,Peru
2026-04-06,PTM,11:30,8148,148,12,Elefante,9495,495,24,Veado,6735,735,09,Cobra,1528,528,07,Carneiro,6910,910,03,Burro
2026-04-06,PT,14:30,6953,953,14,Gato,8454,454,14,Gato,2599,599,25,Vaca,6228,228,07,Carneiro,7548,548,12,Elefante
2026-04-06,PTV,16:30,0849,849,13,Galo,0829,829,08,Camelo,7130,130,08,Camelo,6131,131,08,Camelo,6241,241,11,Cavalo
2026-04-06,PTN,,2271,271,18,Porco,0447,447,12,Elefante,0852,852,13,Galo,3414,414,04,Borboleta,0850,850,13,Galo
2026-04-06,COR,21:30,6671,671,18,Porco,8325,325,07,Carneiro,1382,382,21,Touro,8581,581,21,Touro,9348,348,12,Elefante
2026-04-07,PPT,09:30,3509,509,03,Burro,1997,997,25,Vaca,1584,584,21,Touro,7235,235,09,Cobra,9025,025,07,Carneiro
2026-04-07,PTM,11:30,9937,937,10,Coelho,6182,182,21,Touro,9747,747,12,Elefante,0363,363,16,Leão,7287,287,22,Tigre
2026-04-07,PT,14:30,8414,414,04,Borboleta,1230,230,08,Camelo,3235,235,09,Cobra,8627,627,07,Carneiro,7965,965,17,Macaco
2026-04-07,PTV,16:30,8627,627,07,Carneiro,5230,230,08,Camelo,6909,909,03,Burro,5857,857,15,Jacaré,1923,923,06,Cabra
2026-04-07,PTN,,6966,966,17,Macaco,7930,930,08,Camelo,4171,171,18,Porco,4911,911,03,Burro,0825,825,07,Carneiro
2026-04-07,COR,21:30,8910,910,03,Burro,1159,159,15,Jacaré,3961,961,16,Leão,1617,617,05,Cachorro,7935,935,09,Cobra
2026-04-08,PPT,09:30,6279,279,20,Peru,8813,813,04,Borboleta,9452,452,13,Galo,1171,171,18,Porco,3455,455,14,Gato
2026-04-08,PTM,11:30,9238,238,10,Coelho,0420,420,05,Cachorro,5502,502,01,Avestruz,2481,481,21,Touro,1292,292,23,Urso
2026-04-08,PT,14:30,9690,690,23,Urso,7202,202,01,Avestruz,2896,896,24,Veado,0652,652,13,Galo,7720,720,05,Cachorro
2026-04-08,PTV,16:30,2162,162,16,Leão,7842,842,11,Cavalo,0940,940,10,Coelho,5461,461,16,Leão,4139,139,10,Coelho
2026-04-08,FED,,7282,282,21,Touro,6909,909,03,Burro,1879,879,20,Peru,6377,377,20,Peru,1057,057,15,Jacaré
2026-04-08,COR,21:30,8175,175,19,Pavão,0213,213,04,Borboleta,4360,360,15,Jacaré,5126,126,07,Carneiro,6955,955,14,Gato
2026-04-09,PPT,09:30,4809,809,03,Burro,3700,700,25,Vaca,1618,618,05,Cachorro,4031,031,08,Camelo,6003,003,01,Avestruz
2026-04-09,PTM,11:30,6091,091,23,Urso,5145,145,12,Elefante,2313,313,04,Borboleta,9445,445,12,Elefante,1470,470,18,Porco
2026-04-09,PT,14:30,8172,172,18,Porco,4874,874,19,Pavão,3323,323,06,Cabra,5160,160,15,Jacaré,0052,052,13,Galo
2026-04-09,PTV,16:30,1928,928,07,Carneiro,0127,127,07,Carneiro,5064,064,16,Leão,5269,269,18,Porco,9294,294,24,Veado
2026-04-09,PTN,,7101,101,01,Avestruz,1258,258,15,Jacaré,8800,800,25,Vaca,6935,935,09,Cobra,5162,162,16,Leão
2026-04-09,COR,21:30,9945,945,12,Elefante,2199,199,25,Vaca,4367,367,17,Macaco,9939,939,10,Coelho,6433,433,09,Cobra
2026-04-10,PPT,09:30,2575,575,19,Pavão,4760,760,15,Jacaré,1140,140,10,Coelho,3750,750,13,Galo,1448,448,12,Elefante
2026-04-10,PTM,11:30,7016,016,04,Borboleta,6173,173,19,Pavão,7812,812,03,Burro,4496,496,24,Veado,6888,888,22,Tigre
2026-04-10,PT,14:30,2158,158,15,Jacaré,8241,241,11,Cavalo,5478,478,20,Peru,8407,407,02,Águia,7444,444,11,Cavalo
2026-04-10,PTV,16:30,4378,378,20,Peru,0973,973,19,Pavão,9513,513,04,Borboleta,3501,501,01,Avestruz,4791,791,23,Urso
2026-04-10,PTN,,1679,679,20,Peru,7923,923,06,Cabra,9631,631,08,Camelo,4621,621,06,Cabra,7005,005,02,Águia
2026-04-10,COR,21:30,2488,488,22,Tigre,1532,532,08,Camelo,6199,199,25,Vaca,6750,750,13,Galo,3284,284,21,Touro
2026-04-11,PPT,09:30,4613,613,04,Borboleta,8034,034,09,Cobra,3671,671,18,Porco,7056,056,14,Gato,9899,899,25,Vaca
2026-04-11,PTM,11:30,4076,076,19,Pavão,4223,223,06,Cabra,7219,219,05,Cachorro,7167,167,17,Macaco,8989,989,23,Urso
2026-04-11,PT,14:30,8996,996,24,Veado,6266,266,17,Macaco,1450,450,13,Galo,3513,513,04,Borboleta,3690,690,23,Urso
2026-04-11,PTV,16:30,7573,573,19,Pavão,5641,641,11,Cavalo,2863,863,16,Leão,5394,394,24,Veado,6810,810,03,Burro
2026-04-11,FED,,7001,001,01,Avestruz,9390,390,23,Urso,5697,697,25,Vaca,5444,444,11,Cavalo,2892,892,23,Urso
2026-04-11,COR,21:30,0470,470,18,Porco,4996,996,24,Veado,2189,189,23,Urso,3058,058,15,Jacaré,0397,397,25,Vaca
2026-04-12,PPT,09:30,7212,212,03,Burro,4131,131,08,Camelo,1641,641,11,Cavalo,9126,126,07,Carneiro,0073,073,19,Pavão
2026-04-12,PTM,11:30,7736,736,09,Cobra,2801,801,01,Avestruz,8583,583,21,Touro,0432,432,08,Camelo,0439,439,10,Coelho
2026-04-12,PT,14:30,7642,642,11,Cavalo,0886,886,22,Tigre,4545,545,12,Elefante,6614,614,04,Borboleta,0239,239,10,Coelho
2026-04-12,PTV,16:30,7607,607,02,Águia,1337,337,10,Coelho,7429,429,08,Camelo,0401,401,01,Avestruz,1459,459,15,Jacaré
2026-04-13,PPT,09:30,7794,794,24,Veado,0468,468,17,Macaco,7057,057,15,Jacaré,7972,972,18,Porco,7695,695,24,Veado
2026-04-13,PTM,11:30,7867,867,17,Macaco,6735,735,09,Cobra,0335,335,09,Cobra,5926,926,07,Carneiro,3398,398,25,Vaca
2026-04-13,PT,14:30,1318,318,05,Cachorro,1830,830,08,Camelo,3457,457,15,Jacaré,3925,925,07,Carneiro,0785,785,22,Tigre
2026-04-13,PTV,16:30,8600,600,25,Vaca,5511,511,03,Burro,5411,411,03,Burro,7629,629,08,Camelo,7558,558,15,Jacaré
2026-04-13,PTN,,6474,474,19,Pavão,1645,645,12,Elefante,1607,607,02,Águia,1230,230,08,Camelo,1973,973,19,Pavão
2026-04-13,COR,21:30,2036,036,09,Cobra,6654,654,14,Gato,9105,105,02,Águia,5250,250,13,Galo,2891,891,23,Urso
2026-04-14,PPT,09:30,0611,611,03,Burro,0374,374,19,Pavão,5068,068,17,Macaco,6945,945,12,Elefante,1021,021,06,Cabra
2026-04-14,PTM,11:30,0417,417,05,Cachorro,9508,508,02,Águia,4951,951,13,Galo,9217,217,05,Cachorro,8892,892,23,Urso
2026-04-14,PT,14:30,1965,965,17,Macaco,6791,791,23,Urso,3483,483,21,Touro,1636,636,09,Cobra,9732,732,08,Camelo
2026-04-14,PTV,16:30,8930,930,08,Camelo,2652,652,13,Galo,1785,785,22,Tigre,4498,498,25,Vaca,8031,031,08,Camelo
2026-04-14,PTN,,4073,073,19,Pavão,2688,688,22,Tigre,9767,767,17,Macaco,2689,689,23,Urso,6313,313,04,Borboleta
2026-04-14,COR,21:30,6756,756,14,Gato,7160,160,15,Jacaré,0982,982,21,Touro,3612,612,03,Burro,6815,815,04,Borboleta
2026-04-15,PPT,09:30,9396,396,24,Veado,1665,665,17,Macaco,1884,884,21,Touro,9102,102,01,Avestruz,1467,467,17,Macaco
2026-04-15,PTM,11:30,5659,659,15,Jacaré,9078,078,20,Peru,4901,901,01,Avestruz,6615,615,04,Borboleta,2241,241,11,Cavalo
2026-04-15,PT,14:30,3317,317,05,Cachorro,4845,845,12,Elefante,5435,435,09,Cobra,0455,455,14,Gato,2804,804,01,Avestruz
2026-04-15,PTV,16:30,2352,352,13,Galo,8262,262,16,Leão,9476,476,19,Pavão,6645,645,12,Elefante,6843,843,11,Cavalo
2026-04-15,FED,,0225,225,07,Carneiro,9734,734,09,Cobra,6850,850,13,Galo,3657,657,15,Jacaré,7842,842,11,Cavalo
2026-04-15,COR,21:30,8033,033,09,Cobra,5925,925,07,Carneiro,5145,145,12,Elefante,2040,040,10,Coelho,8665,665,17,Macaco
2026-04-16,PPT,09:30,4088,088,22,Tigre,0055,055,14,Gato,4743,743,11,Cavalo,0122,122,06,Cabra,1956,956,14,Gato
2026-04-16,PTM,11:30,4121,121,06,Cabra,8796,796,24,Veado,4990,990,23,Urso,1565,565,17,Macaco,1900,900,25,Vaca
2026-04-16,PT,14:30,8178,178,20,Peru,2716,716,04,Borboleta,1966,966,17,Macaco,4160,160,15,Jacaré,8339,339,10,Coelho
2026-04-16,PTV,16:30,4299,299,25,Vaca,3543,543,11,Cavalo,6056,056,14,Gato,5827,827,07,Carneiro,3616,616,04,Borboleta
2026-04-16,PTN,,2016,016,04,Borboleta,8179,179,20,Peru,7816,816,04,Borboleta,4008,008,02,Águia,2999,999,25,Vaca
2026-04-16,COR,21:30,8327,327,07,Carneiro,0282,282,21,Touro,1608,608,02,Águia,2998,998,25,Vaca,8106,106,02,Águia
2026-04-17,PPT,09:30,1704,704,01,Avestruz,5624,624,06,Cabra,6340,340,10,Coelho,4970,970,18,Porco,5874,874,19,Pavão
2026-04-17,PTM,11:30,0009,009,03,Burro,8507,507,02,Águia,1154,154,14,Gato,7313,313,04,Borboleta,9321,321,06,Cabra
2026-04-17,PT,14:30,7678,678,20,Peru,6484,484,21,Touro,2144,144,11,Cavalo,5052,052,13,Galo,7490,490,23,Urso
2026-04-17,PTV,16:30,1217,217,05,Cachorro,4056,056,14,Gato,7925,925,07,Carneiro,3518,518,05,Cachorro,1659,659,15,Jacaré
2026-04-17,PTN,,4268,268,17,Macaco,5205,205,02,Águia,4505,505,02,Águia,6703,703,01,Avestruz,8550,550,13,Galo
2026-04-17,COR,21:30,6559,559,15,Jacaré,1295,295,24,Veado,6064,064,16,Leão,8051,051,13,Galo,4792,792,23,Urso
2026-04-18,PPT,09:30,9804,804,01,Avestruz,7453,453,14,Gato,6929,929,08,Camelo,5657,657,15,Jacaré,9579,579,20,Peru
2026-04-18,PTM,11:30,2255,255,14,Gato,5844,844,11,Cavalo,7414,414,04,Borboleta,9455,455,14,Gato,4179,179,20,Peru
2026-04-18,PT,14:30,7725,725,07,Carneiro,0688,688,22,Tigre,8135,135,09,Cobra,0163,163,16,Leão,4873,873,19,Pavão
2026-04-18,PTV,16:30,8765,765,17,Macaco,2685,685,22,Tigre,3290,290,23,Urso,6296,296,24,Veado,3984,984,21,Touro
2026-04-18,FED,,3358,358,15,Jacaré,5591,591,23,Urso,3637,637,10,Coelho,4109,109,03,Burro,1732,732,08,Camelo
2026-04-18,COR,21:30,8420,420,05,Cachorro,8628,628,07,Carneiro,1394,394,24,Veado,5594,594,24,Veado,5894,894,24,Veado
2026-04-19,PPT,09:30,7660,660,15,Jacaré,4786,786,22,Tigre,9006,006,02,Águia,4195,195,24,Veado,4752,752,13,Galo
2026-04-19,PTM,11:30,7956,956,14,Gato,2294,294,24,Veado,0776,776,19,Pavão,5368,368,17,Macaco,5901,901,01,Avestruz
2026-04-19,PT,14:30,0895,895,24,Veado,7483,483,21,Touro,8448,448,12,Elefante,0160,160,15,Jacaré,0030,030,08,Camelo
2026-04-19,PTV,16:30,1019,019,05,Cachorro,1543,543,11,Cavalo,1923,923,06,Cabra,7033,033,09,Cobra,9057,057,15,Jacaré
2026-04-20,PPT,09:30,7521,521,06,Cabra,9991,991,23,Urso,5513,513,04,Borboleta,8274,274,19,Pavão,8783,783,21,Touro
2026-04-20,PTM,11:30,6179,179,20,Peru,8904,904,01,Avestruz,1464,464,16,Leão,3249,249,13,Galo,3638,638,10,Coelho
2026-04-20,PT,14:30,3496,496,24,Veado,9501,501,01,Avestruz,2955,955,14,Gato,8078,078,20,Peru,4884,884,21,Touro
2026-04-20,PTV,16:30,1304,304,01,Avestruz,7382,382,21,Touro,6166,166,17,Macaco,3343,343,11,Cavalo,9472,472,18,Porco
2026-04-20,PTN,,1337,337,10,Coelho,6776,776,19,Pavão,2039,039,10,Coelho,5619,619,05,Cachorro,3880,880,20,Peru
2026-04-20,COR,21:30,3461,461,16,Leão,1589,589,23,Urso,4917,917,05,Cachorro,9579,579,20,Peru,1979,979,20,Peru
2026-04-21,PPT,09:30,2897,897,25,Vaca,1964,964,16,Leão,7966,966,17,Macaco,7873,873,19,Pavão,7491,491,23,Urso
2026-04-21,PTM,11:30,1833,833,09,Cobra,7437,437,10,Coelho,8898,898,25,Vaca,3088,088,22,Tigre,8152,152,13,Galo
2026-04-21,PT,14:30,3097,097,25,Vaca,8523,523,06,Cabra,2156,156,14,Gato,2301,301,01,Avestruz,5017,017,05,Cachorro
2026-04-21,PTV,16:30,3768,768,17,Macaco,3429,429,08,Camelo,6416,416,04,Borboleta,6833,833,09,Cobra,2275,275,19,Pavão
2026-04-21,PTN,,0593,593,24,Veado,7788,788,22,Tigre,4486,486,22,Tigre,1471,471,18,Porco,2231,231,08,Camelo
2026-04-21,COR,21:30,8840,840,10,Coelho,6369,369,18,Porco,5992,992,23,Urso,7310,310,03,Burro,7769,769,18,Porco
2026-04-22,PPT,09:30,0690,690,23,Urso,7441,441,11,Cavalo,0877,877,20,Peru,4475,475,19,Pavão,0226,226,07,Carneiro
2026-04-22,PTM,11:30,9728,728,07,Carneiro,5742,742,11,Cavalo,7968,968,17,Macaco,2148,148,12,Elefante,3045,045,12,Elefante
2026-04-22,PT,14:30,1177,177,20,Peru,9327,327,07,Carneiro,1260,260,15,Jacaré,6824,824,06,Cabra,0623,623,06,Cabra
2026-04-22,PTV,16:30,8678,678,20,Peru,1235,235,09,Cobra,9552,552,13,Galo,7350,350,13,Galo,1908,908,02,Águia
2026-04-22,FED,,2917,917,05,Cachorro,4991,991,23,Urso,4486,486,22,Tigre,0116,116,04,Borboleta,9820,820,05,Cachorro
2026-04-22,COR,21:30,7223,223,06,Cabra,1545,545,12,Elefante,2092,092,23,Urso,9318,318,05,Cachorro,3677,677,20,Peru
2026-04-23,PPT,09:30,4583,583,21,Touro,1907,907,02,Águia,3457,457,15,Jacaré,5150,150,13,Galo,8386,386,22,Tigre
2026-04-23,PTM,11:30,0244,244,11,Cavalo,9168,168,17,Macaco,8322,322,06,Cabra,7800,800,25,Vaca,2423,423,06,Cabra
2026-04-23,PT,14:30,1730,730,08,Camelo,9564,564,16,Leão,3778,778,20,Peru,2312,312,03,Burro,4270,270,18,Porco
2026-04-23,PTV,16:30,9015,015,04,Borboleta,6843,843,11,Cavalo,6629,629,08,Camelo,9596,596,24,Veado,9167,167,17,Macaco
2026-04-23,PTN,,6588,588,22,Tigre,1519,519,05,Cachorro,5499,499,25,Vaca,5089,089,23,Urso,7687,687,22,Tigre
2026-04-23,COR,21:30,8087,087,22,Tigre,6904,904,01,Avestruz,2511,511,03,Burro,1840,840,10,Coelho,4172,172,18,Porco
2026-04-24,PPT,09:30,5612,612,03,Burro,8023,023,06,Cabra,2308,308,02,Águia,9756,756,14,Gato,3705,705,02,Águia
2026-04-24,PTM,11:30,0522,522,06,Cabra,3950,950,13,Galo,9743,743,11,Cavalo,3669,669,18,Porco,4486,486,22,Tigre
2026-04-24,PT,14:30,0489,489,23,Urso,6175,175,19,Pavão,1871,871,18,Porco,1721,721,06,Cabra,5077,077,20,Peru
2026-04-24,PTV,16:30,4950,950,13,Galo,9489,489,23,Urso,4659,659,15,Jacaré,1501,501,01,Avestruz,2835,835,09,Cobra
2026-04-24,PTN,,1076,076,19,Pavão,4734,734,09,Cobra,8542,542,11,Cavalo,5107,107,02,Águia,9303,303,01,Avestruz
2026-04-24,COR,21:30,6026,026,07,Carneiro,4137,137,10,Coelho,9667,667,17,Macaco,5909,909,03,Burro,2057,057,15,Jacaré
2026-04-25,PPT,09:30,9321,321,06,Cabra,9627,627,07,Carneiro,9480,480,20,Peru,1451,451,13,Galo,4064,064,16,Leão
2026-04-25,PTM,11:30,5601,601,01,Avestruz,2358,358,15,Jacaré,2558,558,15,Jacaré,4492,492,23,Urso,4022,022,06,Cabra
2026-04-25,PT,14:30,5039,039,10,Coelho,1903,903,01,Avestruz,9580,580,20,Peru,1198,198,25,Vaca,4212,212,03,Burro
2026-04-25,PTV,16:30,9228,228,07,Carneiro,0334,334,09,Cobra,0012,012,03,Burro,2310,310,03,Burro,5066,066,17,Macaco
2026-04-25,FED,,6036,036,09,Cobra,2087,087,22,Tigre,7247,247,12,Elefante,3561,561,16,Leão,0656,656,14,Gato
2026-04-25,COR,21:30,6358,358,15,Jacaré,7201,201,01,Avestruz,5797,797,25,Vaca,0673,673,19,Pavão,7789,789,23,Urso
2026-04-26,PPT,09:30,1139,139,10,Coelho,4000,000,25,Vaca,5223,223,06,Cabra,8210,210,03,Burro,3378,378,20,Peru
2026-04-26,PTM,11:30,4614,614,04,Borboleta,0800,800,25,Vaca,6923,923,06,Cabra,1913,913,04,Borboleta,9947,947,12,Elefante
2026-04-26,PT,14:30,9150,150,13,Galo,6075,075,19,Pavão,9698,698,25,Vaca,8752,752,13,Galo,8951,951,13,Galo
2026-04-26,PTV,16:30,9099,099,25,Vaca,4368,368,17,Macaco,2458,458,15,Jacaré,6319,319,05,Cachorro,5968,968,17,Macaco
2026-04-27,PPT,09:30,0785,785,22,Tigre,8934,934,09,Cobra,3387,387,22,Tigre,0547,547,12,Elefante,8674,674,19,Pavão
2026-04-27,PTM,11:30,7163,163,16,Leão,8249,249,13,Galo,4773,773,19,Pavão,4286,286,22,Tigre,5036,036,09,Cobra
2026-04-27,PT,14:30,5655,655,14,Gato,5232,232,08,Camelo,6441,441,11,Cavalo,3732,732,08,Camelo,0661,661,16,Leão
2026-04-27,PTV,16:30,4497,497,25,Vaca,6905,905,02,Águia,9541,541,11,Cavalo,6331,331,08,Camelo,3867,867,17,Macaco
2026-04-27,PTN,,1391,391,23,Urso,3444,444,11,Cavalo,3169,169,18,Porco,6652,652,13,Galo,0241,241,11,Cavalo
2026-04-27,COR,21:30,9937,937,10,Coelho,6911,911,03,Burro,9531,531,08,Camelo,0636,636,09,Cobra,9448,448,12,Elefante
2026-04-28,PPT,09:30,3507,507,02,Águia,8810,810,03,Burro,7132,132,08,Camelo,8045,045,12,Elefante,7940,940,10,Coelho
2026-04-28,PTM,11:30,1359,359,15,Jacaré,7267,267,17,Macaco,1743,743,11,Cavalo,9960,960,15,Jacaré,2160,160,15,Jacaré
2026-04-28,PT,14:30,7003,003,01,Avestruz,4975,975,19,Pavão,8152,152,13,Galo,3483,483,21,Touro,4197,197,25,Vaca
2026-04-28,PTV,16:30,5433,433,09,Cobra,4021,021,06,Cabra,8758,758,15,Jacaré,4202,202,01,Avestruz,2454,454,14,Gato
2026-04-28,PTN,,3572,572,18,Porco,5019,019,05,Cachorro,9134,134,09,Cobra,3409,409,03,Burro,6568,568,17,Macaco
2026-04-28,COR,21:30,9854,854,14,Gato,7428,428,07,Carneiro,5263,263,16,Leão,1821,821,06,Cabra,1864,864,16,Leão
2026-04-29,PPT,09:30,0276,276,19,Pavão,2581,581,21,Touro,7410,410,03,Burro,3885,885,22,Tigre,2326,326,07,Carneiro
2026-04-29,PTM,11:30,4536,536,09,Cobra,6122,122,06,Cabra,6380,380,20,Peru,0424,424,06,Cabra,9333,333,09,Cobra
2026-04-29,PT,14:30,6175,175,19,Pavão,9258,258,15,Jacaré,1364,364,16,Leão,8640,640,10,Coelho,2345,345,12,Elefante
2026-04-29,PTV,16:30,1230,230,08,Camelo,4849,849,13,Galo,1972,972,18,Porco,5910,910,03,Burro,9419,419,05,Cachorro
2026-04-29,FED,,5393,393,24,Veado,1802,802,01,Avestruz,1726,726,07,Carneiro,3442,442,11,Cavalo,0064,064,16,Leão
2026-04-29,COR,21:30,2416,416,04,Borboleta,4071,071,18,Porco,9672,672,18,Porco,7402,402,01,Avestruz,7922,922,06,Cabra
2026-04-30,PPT,09:30,6156,156,14,Gato,7153,153,14,Gato,1825,825,07,Carneiro,0044,044,11,Cavalo,2697,697,25,Vaca
2026-04-30,PTM,11:30,8267,267,17,Macaco,0797,797,25,Vaca,8467,467,17,Macaco,1411,411,03,Burro,9395,395,24,Veado
2026-04-30,PT,14:30,3184,184,21,Touro,1223,223,06,Cabra,4077,077,20,Peru,7928,928,07,Carneiro,1261,261,16,Leão
2026-04-30,PTV,16:30,0856,856,14,Gato,7580,580,20,Peru,3559,559,15,Jacaré,5854,854,14,Gato,1587,587,22,Tigre
2026-04-30,PTN,,6157,157,15,Jacaré,8822,822,06,Cabra,1465,465,17,Macaco,9771,771,18,Porco,9001,001,01,Avestruz
2026-04-30,COR,21:30,6243,243,11,Cavalo,6367,367,17,Macaco,6693,693,24,Veado,9434,434,09,Cobra,0043,043,11,Cavalo
2026-05-01,PPT,09:30,1854,854,14,Gato,5661,661,16,Leão,0479,479,20,Peru,7250,250,13,Galo,4373,373,19,Pavão
2026-05-01,PTM,11:30,3516,516,04,Borboleta,6137,137,10,Coelho,2633,633,09,Cobra,9625,625,07,Carneiro,7271,271,18,Porco
2026-05-01,PT,14:30,5348,348,12,Elefante,0365,365,17,Macaco,9040,040,10,Coelho,3087,087,22,Tigre,2077,077,20,Peru
2026-05-01,PTV,16:30,8435,435,09,Cobra,2041,041,11,Cavalo,9038,038,10,Coelho,2032,032,08,Camelo,4891,891,23,Urso
2026-05-01,PTN,,7437,437,10,Coelho,4765,765,17,Macaco,7769,769,18,Porco,0603,603,01,Avestruz,5745,745,12,Elefante
2026-05-01,COR,21:30,4486,486,22,Tigre,1634,634,09,Cobra,7821,821,06,Cabra,0214,214,04,Borboleta,2701,701,01,Avestruz
2026-05-02,PPT,09:30,8489,489,23,Urso,5420,420,05,Cachorro,9557,557,15,Jacaré,5413,413,04,Borboleta,6222,222,06,Cabra
2026-05-02,PTM,11:30,3564,564,16,Leão,0958,958,15,Jacaré,8091,091,23,Urso,7854,854,14,Gato,5729,729,08,Camelo
2026-05-02,PT,14:30,0973,973,19,Pavão,4024,024,06,Cabra,0209,209,03,Burro,2552,552,13,Galo,7031,031,08,Camelo
2026-05-02,PTV,16:30,6881,881,21,Touro,7330,330,08,Camelo,7118,118,05,Cachorro,2070,070,18,Porco,5711,711,03,Burro
2026-05-02,FED,,8545,545,12,Elefante,0444,444,11,Cavalo,1509,509,03,Burro,9388,388,22,Tigre,5062,062,16,Leão
2026-05-02,COR,21:30,0800,800,25,Vaca,6086,086,22,Tigre,2229,229,08,Camelo,5195,195,24,Veado,8398,398,25,Vaca
2026-05-03,PPT,09:30,5529,529,08,Camelo,6527,527,07,Carneiro,8486,486,22,Tigre,8769,769,18,Porco,6468,468,17,Macaco
2026-05-03,PTM,11:30,8037,037,10,Coelho,5253,253,14,Gato,1653,653,14,Gato,0338,338,10,Coelho,9322,322,06,Cabra
2026-05-03,PT,14:30,2493,493,24,Veado,3935,935,09,Cobra,5978,978,20,Peru,4227,227,07,Carneiro,9998,998,25,Vaca
2026-05-03,PTV,16:30,8594,594,24,Veado,4721,721,06,Cabra,4997,997,25,Vaca,4566,566,17,Macaco,5173,173,19,Pavão
2026-05-04,PPT,09:30,0543,543,11,Cavalo,0026,026,07,Carneiro,0612,612,03,Burro,2082,082,21,Touro,0989,989,23,Urso
2026-05-04,PTM,11:30,8148,148,12,Elefante,6665,665,17,Macaco,2518,518,05,Cachorro,7164,164,16,Leão,3780,780,20,Peru
2026-05-04,PT,14:30,2860,860,15,Jacaré,7383,383,21,Touro,3868,868,17,Macaco,6524,524,06,Cabra,0206,206,02,Águia
2026-05-04,PTV,16:30,9983,983,21,Touro,6470,470,18,Porco,8460,460,15,Jacaré,1653,653,14,Gato,9048,048,12,Elefante
2026-05-04,PTN,,8987,987,22,Tigre,5516,516,04,Borboleta,8160,160,15,Jacaré,7201,201,01,Avestruz,1734,734,09,Cobra
2026-05-04,COR,21:30,2058,058,15,Jacaré,7968,968,17,Macaco,2755,755,14,Gato,3602,602,01,Avestruz,4703,703,01,Avestruz
2026-05-05,PPT,09:30,8150,150,13,Galo,7566,566,17,Macaco,4709,709,03,Burro,7594,594,24,Veado,7457,457,15,Jacaré
2026-05-05,PTM,11:30,2413,413,04,Borboleta,9827,827,07,Carneiro,3150,150,13,Galo,5622,622,06,Cabra,6006,006,02,Águia
2026-05-05,PT,14:30,6221,221,06,Cabra,8501,501,01,Avestruz,9748,748,12,Elefante,5333,333,09,Cobra,5963,963,16,Leão
2026-05-05,PTV,16:30,2642,642,11,Cavalo,8628,628,07,Carneiro,0234,234,09,Cobra,4677,677,20,Peru,9689,689,23,Urso
2026-05-05,PTN,,2499,499,25,Vaca,7187,187,22,Tigre,7730,730,08,Camelo,3780,780,20,Peru,5829,829,08,Camelo
2026-05-05,COR,21:30,9060,060,15,Jacaré,1351,351,13,Galo,4089,089,23,Urso,1170,170,18,Porco,3771,771,18,Porco
2026-05-06,PPT,09:30,3191,191,23,Urso,7359,359,15,Jacaré,6678,678,20,Peru,4403,403,01,Avestruz,2941,941,11,Cavalo
2026-05-06,PTM,11:30,9422,422,06,Cabra,6000,000,25,Vaca,3258,258,15,Jacaré,8319,319,05,Cachorro,3946,946,12,Elefante
2026-05-06,PT,14:30,9729,729,08,Camelo,1828,828,07,Carneiro,6460,460,15,Jacaré,1662,662,16,Leão,3307,307,02,Águia
2026-05-06,PTV,16:30,7762,762,16,Leão,0072,072,18,Porco,8039,039,10,Coelho,5219,219,05,Cachorro,7073,073,19,Pavão
2026-05-06,FED,,9318,318,05,Cachorro,2302,302,01,Avestruz,5860,860,15,Jacaré,7307,307,02,Águia,8505,505,02,Águia
2026-05-06,COR,21:30,8781,781,21,Touro,0862,862,16,Leão,8285,285,22,Tigre,9588,588,22,Tigre,9148,148,12,Elefante
2026-05-07,PPT,09:30,9217,217,05,Cachorro,4318,318,05,Cachorro,0360,360,15,Jacaré,2097,097,25,Vaca,3755,755,14,Gato
2026-05-07,PTM,11:30,7060,060,15,Jacaré,4648,648,12,Elefante,8142,142,11,Cavalo,3586,586,22,Tigre,3135,135,09,Cobra
2026-05-07,PT,14:30,1300,300,25,Vaca,8588,588,22,Tigre,3314,314,04,Borboleta,8315,315,04,Borboleta,9995,995,24,Veado
2026-05-07,PTV,16:30,2779,779,20,Peru,6135,135,09,Cobra,3281,281,21,Touro,9098,098,25,Vaca,2063,063,16,Leão
2026-05-07,PTN,,0912,912,03,Burro,3252,252,13,Galo,5239,239,10,Coelho,7553,553,14,Gato,0737,737,10,Coelho
2026-05-07,COR,21:30,9957,957,15,Jacaré,9769,769,18,Porco,8991,991,23,Urso,0226,226,07,Carneiro,6190,190,23,Urso
2026-05-08,PPT,09:30,0189,189,23,Urso,1368,368,17,Macaco,4002,002,01,Avestruz,2231,231,08,Camelo,1904,904,01,Avestruz
2026-05-08,PTM,11:30,7991,991,23,Urso,8007,007,02,Águia,7341,341,11,Cavalo,1748,748,12,Elefante,6814,814,04,Borboleta
2026-05-08,PT,14:30,4073,073,19,Pavão,1525,525,07,Carneiro,2082,082,21,Touro,8968,968,17,Macaco,2054,054,14,Gato
2026-05-08,PTV,16:30,5847,847,12,Elefante,6419,419,05,Cachorro,6715,715,04,Borboleta,2285,285,22,Tigre,8613,613,04,Borboleta
2026-05-08,PTN,,6922,922,06,Cabra,2767,767,17,Macaco,3915,915,04,Borboleta,6125,125,07,Carneiro,8025,025,07,Carneiro
2026-05-08,COR,21:30,9855,855,14,Gato,5343,343,11,Cavalo,8527,527,07,Carneiro,8510,510,03,Burro,7208,208,02,Águia
2026-05-09,PPT,09:30,9445,445,12,Elefante,6891,891,23,Urso,7750,750,13,Galo,8986,986,22,Tigre,9488,488,22,Tigre
2026-05-09,PTM,11:30,3501,501,01,Avestruz,7238,238,10,Coelho,7698,698,25,Vaca,7888,888,22,Tigre,0520,520,05,Cachorro
2026-05-09,PT,14:30,8249,249,13,Galo,5177,177,20,Peru,3014,014,04,Borboleta,0541,541,11,Cavalo,4120,120,05,Cachorro
2026-05-09,PTV,16:30,5219,219,05,Cachorro,0644,644,11,Cavalo,8969,969,18,Porco,1564,564,16,Leão,5104,104,01,Avestruz
2026-05-09,FED,,5590,590,23,Urso,3857,857,15,Jacaré,3893,893,24,Veado,0482,482,21,Touro,6807,807,02,Águia
2026-05-09,COR,21:30,1769,769,18,Porco,2119,119,05,Cachorro,5543,543,11,Cavalo,0070,070,18,Porco,2252,252,13,Galo
2026-05-10,PPT,09:30,8854,854,14,Gato,5353,353,14,Gato,6507,507,02,Águia,5027,027,07,Carneiro,8080,080,20,Peru
2026-05-10,PTM,11:30,4280,280,20,Peru,3530,530,08,Camelo,4380,380,20,Peru,8370,370,18,Porco,4881,881,21,Touro
2026-05-10,PT,14:30,5172,172,18,Porco,4835,835,09,Cobra,5310,310,03,Burro,8257,257,15,Jacaré,9737,737,10,Coelho
2026-05-10,PTV,16:30,2413,413,04,Borboleta,2281,281,21,Touro,8292,292,23,Urso,8793,793,24,Veado,5658,658,15,Jacaré
2026-05-11,PPT,09:30,4495,495,24,Veado,5048,048,12,Elefante,3443,443,11,Cavalo,0278,278,20,Peru,5875,875,19,Pavão
2026-05-11,PTM,11:30,2263,263,16,Leão,8472,472,18,Porco,3484,484,21,Touro,0897,897,25,Vaca,5906,906,02,Águia
2026-05-11,PT,14:30,4859,859,15,Jacaré,7327,327,07,Carneiro,0460,460,15,Jacaré,0167,167,17,Macaco,5870,870,18,Porco
2026-05-11,PTV,16:30,0007,007,02,Águia,6196,196,24,Veado,6764,764,16,Leão,5066,066,17,Macaco,9932,932,08,Camelo
2026-05-11,PTN,,2266,266,17,Macaco,6838,838,10,Coelho,3956,956,14,Gato,0207,207,02,Águia,3904,904,01,Avestruz
2026-05-11,COR,21:30,1264,264,16,Leão,7189,189,23,Urso,4215,215,04,Borboleta,3860,860,15,Jacaré,4371,371,18,Porco
2026-05-12,PPT,09:30,1995,995,24,Veado,0291,291,23,Urso,0739,739,10,Coelho,5260,260,15,Jacaré,8487,487,22,Tigre
2026-05-12,PTM,11:30,0440,440,10,Coelho,9298,298,25,Vaca,0159,159,15,Jacaré,2048,048,12,Elefante,2581,581,21,Touro
2026-05-12,PT,14:30,1044,044,11,Cavalo,0486,486,22,Tigre,5959,959,15,Jacaré,6216,216,04,Borboleta,2336,336,09,Cobra
2026-05-12,PTV,16:30,7313,313,04,Borboleta,7369,369,18,Porco,0045,045,12,Elefante,5981,981,21,Touro,0529,529,08,Camelo
2026-05-12,PTN,,3095,095,24,Veado,0915,915,04,Borboleta,6430,430,08,Camelo,0763,763,16,Leão,1481,481,21,Touro
2026-05-12,COR,21:30,3737,737,10,Coelho,9719,719,05,Cachorro,1462,462,16,Leão,4386,386,22,Tigre,8178,178,20,Peru
2026-05-13,PPT,09:30,8300,300,25,Vaca,4731,731,08,Camelo,6536,536,09,Cobra,7887,887,22,Tigre,4357,357,15,Jacaré
2026-05-13,PTM,11:30,6097,097,25,Vaca,1396,396,24,Veado,9756,756,14,Gato,8158,158,15,Jacaré,8544,544,11,Cavalo
2026-05-13,PT,14:30,0673,673,19,Pavão,7480,480,20,Peru,1997,997,25,Vaca,8639,639,10,Coelho,5676,676,19,Pavão
2026-05-13,PTV,16:30,9694,694,24,Veado,8693,693,24,Veado,4571,571,18,Porco,5090,090,23,Urso,9937,937,10,Coelho
2026-05-13,FED,,2995,995,24,Veado,2729,729,08,Camelo,6575,575,19,Pavão,1972,972,18,Porco,3953,953,14,Gato
2026-05-13,COR,21:30,3178,178,20,Peru,7023,023,06,Cabra,1105,105,02,Águia,8773,773,19,Pavão,3900,900,25,Vaca
2026-05-14,PPT,09:30,3001,001,01,Avestruz,3604,604,01,Avestruz,2200,200,25,Vaca,8457,457,15,Jacaré,3936,936,09,Cobra
2026-05-14,PTM,11:30,7138,138,10,Coelho,5548,548,12,Elefante,7046,046,12,Elefante,8165,165,17,Macaco,3119,119,05,Cachorro
2026-05-14,PT,14:30,4048,048,12,Elefante,5064,064,16,Leão,1114,114,04,Borboleta,6920,920,05,Cachorro,5681,681,21,Touro
2026-05-14,PTV,16:30,5947,947,12,Elefante,8999,999,25,Vaca,2148,148,12,Elefante,6996,996,24,Veado,5329,329,08,Camelo
2026-05-14,PTN,,4281,281,21,Touro,0612,612,03,Burro,1548,548,12,Elefante,5246,246,12,Elefante,7368,368,17,Macaco
2026-05-14,COR,21:30,2347,347,12,Elefante,6663,663,16,Leão,9819,819,05,Cachorro,7082,082,21,Touro,7467,467,17,Macaco
2026-05-15,PPT,09:30,7689,689,23,Urso,8757,757,15,Jacaré,0770,770,18,Porco,8316,316,04,Borboleta,6238,238,10,Coelho
2026-05-15,PTM,11:30,9205,205,02,Águia,8448,448,12,Elefante,0794,794,24,Veado,4543,543,11,Cavalo,9865,865,17,Macaco
2026-05-15,PT,14:30,8412,412,03,Burro,7012,012,03,Burro,3899,899,25,Vaca,2217,217,05,Cachorro,5538,538,10,Coelho
2026-05-15,PTV,16:30,9600,600,25,Vaca,8745,745,12,Elefante,8453,453,14,Gato,2977,977,20,Peru,0328,328,07,Carneiro
2026-05-15,PTN,,0428,428,07,Carneiro,5091,091,23,Urso,5111,111,03,Burro,8168,168,17,Macaco,6409,409,03,Burro
2026-05-15,COR,21:30,4107,107,02,Águia,3542,542,11,Cavalo,4351,351,13,Galo,3593,593,24,Veado,3824,824,06,Cabra
2026-05-16,PPT,09:30,8188,188,22,Tigre,0159,159,15,Jacaré,4470,470,18,Porco,8891,891,23,Urso,6311,311,03,Burro
2026-05-16,PTM,11:30,6620,620,05,Cachorro,3525,525,07,Carneiro,6551,551,13,Galo,4548,548,12,Elefante,4296,296,24,Veado
2026-05-16,PT,14:30,4591,591,23,Urso,4349,349,13,Galo,2885,885,22,Tigre,8192,192,23,Urso,5036,036,09,Cobra
2026-05-16,PTV,16:30,0553,553,14,Gato,2112,112,03,Burro,4414,414,04,Borboleta,7544,544,11,Cavalo,8857,857,15,Jacaré
2026-05-16,FED,,8667,667,17,Macaco,2817,817,05,Cachorro,2110,110,03,Burro,7946,946,12,Elefante,3451,451,13,Galo
2026-05-16,COR,21:30,7047,047,12,Elefante,7375,375,19,Pavão,2196,196,24,Veado,7049,049,13,Galo,2175,175,19,Pavão
2026-05-17,PPT,09:30,4442,442,11,Cavalo,1516,516,04,Borboleta,5170,170,18,Porco,2209,209,03,Burro,7478,478,20,Peru
2026-05-17,PTM,11:30,0641,641,11,Cavalo,5584,584,21,Touro,8871,871,18,Porco,8346,346,12,Elefante,8531,531,08,Camelo
2026-05-17,PT,14:30,0805,805,02,Águia,0136,136,09,Cobra,2846,846,12,Elefante,1097,097,25,Vaca,8418,418,05,Cachorro
2026-05-17,PTV,16:30,2448,448,12,Elefante,7840,840,10,Coelho,9117,117,05,Cachorro,4535,535,09,Cobra,5817,817,05,Cachorro
2026-05-18,PPT,09:30,2223,223,06,Cabra,9139,139,10,Coelho,1251,251,13,Galo,1297,297,25,Vaca,7931,931,08,Camelo
2026-05-18,PTM,11:30,1739,739,10,Coelho,2771,771,18,Porco,9329,329,08,Camelo,8655,655,14,Gato,8648,648,12,Elefante
2026-05-18,PT,14:30,9550,550,13,Galo,6426,426,07,Carneiro,3395,395,24,Veado,8470,470,18,Porco,9519,519,05,Cachorro
2026-05-18,PTV,16:30,5621,621,06,Cabra,3367,367,17,Macaco,3373,373,19,Pavão,1072,072,18,Porco,2069,069,18,Porco
2026-05-18,PTN,,1930,930,08,Camelo,1474,474,19,Pavão,9027,027,07,Carneiro,4966,966,17,Macaco,7757,757,15,Jacaré
2026-05-18,COR,21:30,3526,526,07,Carneiro,8289,289,23,Urso,9372,372,18,Porco,9875,875,19,Pavão,5340,340,10,Coelho
2026-05-19,PPT,09:30,1964,964,16,Leão,3884,884,21,Touro,8624,624,06,Cabra,3297,297,25,Vaca,5484,484,21,Touro
2026-05-19,PTM,11:30,5617,617,05,Cachorro,8219,219,05,Cachorro,3173,173,19,Pavão,3728,728,07,Carneiro,1806,806,02,Águia
2026-05-19,PT,14:30,0852,852,13,Galo,9359,359,15,Jacaré,9838,838,10,Coelho,6911,911,03,Burro,6745,745,12,Elefante
2026-05-19,PTV,16:30,5908,908,02,Águia,6669,669,18,Porco,0466,466,17,Macaco,0406,406,02,Águia,4250,250,13,Galo
2026-05-19,PTN,,6100,100,25,Vaca,7079,079,20,Peru,4066,066,17,Macaco,3936,936,09,Cobra,7970,970,18,Porco
2026-05-19,COR,21:30,1377,377,20,Peru,4297,297,25,Vaca,1768,768,17,Macaco,1641,641,11,Cavalo,4507,507,02,Águia
2026-05-20,PPT,09:30,6983,983,21,Touro,2474,474,19,Pavão,0304,304,01,Avestruz,0450,450,13,Galo,0738,738,10,Coelho
2026-05-20,PTM,11:30,1931,931,08,Camelo,9023,023,06,Cabra,2519,519,05,Cachorro,3345,345,12,Elefante,6718,718,05,Cachorro
2026-05-20,PT,14:30,9375,375,19,Pavão,3307,307,02,Águia,6225,225,07,Carneiro,9129,129,08,Camelo,3405,405,02,Águia
2026-05-20,PTV,16:30,1454,454,14,Gato,9898,898,25,Vaca,6629,629,08,Camelo,0777,777,20,Peru,9976,976,19,Pavão
2026-05-20,FED,,3207,207,02,Águia,9895,895,24,Veado,3613,613,04,Borboleta,6910,910,03,Burro,8204,204,01,Avestruz
2026-05-20,COR,21:30,3286,286,22,Tigre,9113,113,04,Borboleta,3286,286,22,Tigre,1364,364,16,Leão,1175,175,19,Pavão
2026-05-21,PPT,09:30,2377,377,20,Peru,9508,508,02,Águia,2450,450,13,Galo,1834,834,09,Cobra,9804,804,01,Avestruz
2026-05-21,PTM,11:30,9721,721,06,Cabra,6764,764,16,Leão,1167,167,17,Macaco,7068,068,17,Macaco,6035,035,09,Cobra
2026-05-21,PT,14:30,5684,684,21,Touro,7383,383,21,Touro,6065,065,17,Macaco,6154,154,14,Gato,4508,508,02,Águia
2026-05-21,PTV,16:30,3554,554,14,Gato,3282,282,21,Touro,2071,071,18,Porco,2618,618,05,Cachorro,8798,798,25,Vaca
2026-05-21,PTN,,1537,537,10,Coelho,6471,471,18,Porco,8146,146,12,Elefante,2591,591,23,Urso,6180,180,20,Peru
2026-05-21,COR,21:30,9774,774,19,Pavão,3482,482,21,Touro,1757,757,15,Jacaré,9799,799,25,Vaca,0371,371,18,Porco
2026-05-22,PPT,09:30,1969,969,18,Porco,0687,687,22,Tigre,0674,674,19,Pavão,5546,546,12,Elefante,3519,519,05,Cachorro
2026-05-22,PTM,11:30,3512,512,03,Burro,5018,018,05,Cachorro,2074,074,19,Pavão,2852,852,13,Galo,0759,759,15,Jacaré
2026-05-22,PT,14:30,0925,925,07,Carneiro,0695,695,24,Veado,2149,149,13,Galo,7123,123,06,Cabra,3464,464,16,Leão
2026-05-22,PTV,16:30,6503,503,01,Avestruz,4126,126,07,Carneiro,7944,944,11,Cavalo,0788,788,22,Tigre,2183,183,21,Touro
2026-05-22,PTN,,2825,825,07,Carneiro,5048,048,12,Elefante,3939,939,10,Coelho,4295,295,24,Veado,5839,839,10,Coelho
2026-05-22,COR,21:30,6026,026,07,Carneiro,6312,312,03,Burro,7223,223,06,Cabra,9598,598,25,Vaca,9630,630,08,Camelo
2026-05-23,PPT,09:30,3148,148,12,Elefante,8434,434,09,Cobra,1938,938,10,Coelho,0280,280,20,Peru,2944,944,11,Cavalo
2026-05-23,PTM,11:30,8724,724,06,Cabra,5947,947,12,Elefante,0430,430,08,Camelo,1812,812,03,Burro,8504,504,01,Avestruz
2026-05-23,PT,14:30,3219,219,05,Cachorro,4148,148,12,Elefante,6215,215,04,Borboleta,3590,590,23,Urso,4289,289,23,Urso
2026-05-23,PTV,16:30,8954,954,14,Gato,9849,849,13,Galo,1044,044,11,Cavalo,8983,983,21,Touro,3445,445,12,Elefante
2026-05-23,FED,,6600,600,25,Vaca,5936,936,09,Cobra,1498,498,25,Vaca,6654,654,14,Gato,7011,011,03,Burro
2026-05-23,COR,21:30,4592,592,23,Urso,5977,977,20,Peru,7668,668,17,Macaco,0370,370,18,Porco,8208,208,02,Águia
2026-05-24,PPT,09:30,5542,542,11,Cavalo,9939,939,10,Coelho,7307,307,02,Águia,5134,134,09,Cobra,6412,412,03,Burro
2026-05-24,PTM,11:30,2942,942,11,Cavalo,5460,460,15,Jacaré,7103,103,01,Avestruz,7324,324,06,Cabra,6194,194,24,Veado
2026-05-24,PT,14:30,7462,462,16,Leão,3824,824,06,Cabra,1205,205,02,Águia,8688,688,22,Tigre,0547,547,12,Elefante
2026-05-24,PTV,16:30,9527,527,07,Carneiro,2326,326,07,Carneiro,7059,059,15,Jacaré,1298,298,25,Vaca,7966,966,17,Macaco
2026-05-25,PPT,09:30,3207,207,02,Águia,9586,586,22,Tigre,3568,568,17,Macaco,2689,689,23,Urso,6251,251,13,Galo
2026-05-25,PTM,11:30,2310,310,03,Burro,1985,985,22,Tigre,2575,575,19,Pavão,4330,330,08,Camelo,5909,909,03,Burro
2026-05-25,PT,14:30,8183,183,21,Touro,1493,493,24,Veado,4093,093,24,Veado,5582,582,21,Touro,5044,044,11,Cavalo
2026-05-25,PTV,16:30,1345,345,12,Elefante,7159,159,15,Jacaré,5073,073,19,Pavão,3389,389,23,Urso,8533,533,09,Cobra
2026-05-25,PTN,,1868,868,17,Macaco,5081,081,21,Touro,6676,676,19,Pavão,4524,524,06,Cabra,2797,797,25,Vaca
2026-05-25,COR,21:30,9865,865,17,Macaco,3724,724,06,Cabra,2370,370,18,Porco,2269,269,18,Porco,9918,918,05,Cachorro
2026-05-26,PPT,09:30,3011,011,03,Burro,7925,925,07,Carneiro,3055,055,14,Gato,5097,097,25,Vaca,1598,598,25,Vaca
2026-05-26,PTM,11:30,5068,068,17,Macaco,9882,882,21,Touro,8905,905,02,Águia,0758,758,15,Jacaré,9026,026,07,Carneiro
2026-05-26,PT,14:30,0537,537,10,Coelho,1543,543,11,Cavalo,9624,624,06,Cabra,6246,246,12,Elefante,1477,477,20,Peru
2026-05-26,PTV,16:30,3690,690,23,Urso,8369,369,18,Porco,2732,732,08,Camelo,8867,867,17,Macaco,0269,269,18,Porco
2026-05-26,PTN,,1991,991,23,Urso,9229,229,08,Camelo,1765,765,17,Macaco,4447,447,12,Elefante,1044,044,11,Cavalo
2026-05-26,COR,21:30,7354,354,14,Gato,8968,968,17,Macaco,3448,448,12,Elefante,2587,587,22,Tigre,4702,702,01,Avestruz
2026-05-27,PPT,09:30,4267,267,17,Macaco,1440,440,10,Coelho,8758,758,15,Jacaré,8889,889,23,Urso,6383,383,21,Touro
2026-05-27,PTM,11:30,6834,834,09,Cobra,1682,682,21,Touro,4534,534,09,Cobra,4608,608,02,Águia,1483,483,21,Touro
2026-05-27,PT,14:30,0565,565,17,Macaco,6315,315,04,Borboleta,6706,706,02,Águia,3453,453,14,Gato,1910,910,03,Burro
2026-05-27,PTV,16:30,3106,106,02,Águia,7389,389,23,Urso,5166,166,17,Macaco,7822,822,06,Cabra,0813,813,04,Borboleta
2026-05-27,FED,,4090,090,23,Urso,0524,524,06,Cabra,2862,862,16,Leão,2454,454,14,Gato,4008,008,02,Águia
2026-05-27,COR,21:30,3342,342,11,Cavalo,3943,943,11,Cavalo,9210,210,03,Burro,6106,106,02,Águia,9520,520,05,Cachorro
2026-05-28,PPT,09:30,8035,035,09,Cobra,9792,792,23,Urso,0058,058,15,Jacaré,0820,820,05,Cachorro,2831,831,08,Camelo
2026-05-28,PTM,11:30,5999,999,25,Vaca,8160,160,15,Jacaré,4396,396,24,Veado,6833,833,09,Cobra,8367,367,17,Macaco
2026-05-28,PT,14:30,7990,990,23,Urso,4774,774,19,Pavão,6400,400,25,Vaca,6952,952,13,Galo,7746,746,12,Elefante
2026-05-28,PTV,16:30,9403,403,01,Avestruz,6307,307,02,Águia,0368,368,17,Macaco,0127,127,07,Carneiro,3806,806,02,Águia
2026-05-28,PTN,,1200,200,25,Vaca,7136,136,09,Cobra,6025,025,07,Carneiro,1074,074,19,Pavão,1287,287,22,Tigre
2026-05-28,COR,21:30,3780,780,20,Peru,7185,185,22,Tigre,6405,405,02,Águia,6023,023,06,Cabra,8535,535,09,Cobra
2026-05-29,PPT,09:30,6805,805,02,Águia,5851,851,13,Galo,8590,590,23,Urso,2392,392,23,Urso,1302,302,01,Avestruz
2026-05-29,PTM,11:30,0107,107,02,Águia,7955,955,14,Gato,1430,430,08,Camelo,2689,689,23,Urso,3250,250,13,Galo
2026-05-29,PT,14:30,5114,114,04,Borboleta,7350,350,13,Galo,5047,047,12,Elefante,0355,355,14,Gato,9888,888,22,Tigre
2026-05-29,PTV,16:30,7647,647,12,Elefante,2065,065,17,Macaco,2626,626,07,Carneiro,3781,781,21,Touro,2214,214,04,Borboleta
2026-05-29,PTN,,8149,149,13,Galo,1557,557,15,Jacaré,2673,673,19,Pavão,2002,002,01,Avestruz,8820,820,05,Cachorro
2026-05-29,COR,21:30,1744,744,11,Cavalo,8313,313,04,Borboleta,5954,954,14,Gato,1400,400,25,Vaca,4427,427,07,Carneiro
2026-05-30,PPT,09:30,2935,935,09,Cobra,8697,697,25,Vaca,5035,035,09,Cobra,2277,277,20,Peru,5718,718,05,Cachorro
2026-05-30,PTM,11:30,1150,150,13,Galo,6351,351,13,Galo,4714,714,04,Borboleta,2613,613,04,Borboleta,5226,226,07,Carneiro
2026-05-30,PT,14:30,0829,829,08,Camelo,5880,880,20,Peru,8842,842,11,Cavalo,8428,428,07,Carneiro,6955,955,14,Gato
2026-05-30,PTV,16:30,9114,114,04,Borboleta,4350,350,13,Galo,1172,172,18,Porco,7430,430,08,Camelo,8547,547,12,Elefante
2026-05-30,FED,,7254,254,14,Gato,1725,725,07,Carneiro,5914,914,04,Borboleta,5255,255,14,Gato,0057,057,15,Jacaré
2026-05-30,COR,21:30,4097,097,25,Vaca,4222,222,06,Cabra,2626,626,07,Carneiro,0076,076,19,Pavão,9902,902,01,Avestruz
2026-05-31,PPT,09:30,6396,396,24,Veado,5396,396,24,Veado,3253,253,14,Gato,7152,152,13,Galo,1445,445,12,Elefante
2026-05-31,PTM,11:30,6536,536,09,Cobra,8429,429,08,Camelo,8008,008,02,Águia,6037,037,10,Coelho,0317,317,05,Cachorro
2026-05-31,PT,14:30,0826,826,07,Carneiro,1659,659,15,Jacaré,9683,683,21,Touro,0566,566,17,Macaco,0600,600,25,Vaca
2026-05-31,PTV,16:30,6449,449,13,Galo,6920,920,05,Cachorro,9780,780,20,Peru,2968,968,17,Macaco,6555,555,14,Gato
2026-06-01,PPT,09:30,3656,656,14,Gato,2083,083,21,Touro,6274,274,19,Pavão,4935,935,09,Cobra,1908,908,02,Águia
2026-06-01,PTM,11:30,7420,420,05,Cachorro,6201,201,01,Avestruz,8058,058,15,Jacaré,2567,567,17,Macaco,9470,470,18,Porco
2026-06-01,PT,14:30,9175,175,19,Pavão,0117,117,05,Cachorro,3991,991,23,Urso,4068,068,17,Macaco,9845,845,12,Elefante
2026-06-01,PTV,16:30,6306,306,02,Águia,9392,392,23,Urso,8640,640,10,Coelho,7629,629,08,Camelo,9933,933,09,Cobra
2026-06-01,PTN,,0418,418,05,Cachorro,2464,464,16,Leão,9889,889,23,Urso,8462,462,16,Leão,7564,564,16,Leão
2026-06-01,COR,21:30,5233,233,09,Cobra,6619,619,05,Cachorro,7568,568,17,Macaco,3427,427,07,Carneiro,8154,154,14,Gato
2026-06-02,PPT,09:30,0249,249,13,Galo,3601,601,01,Avestruz,0309,309,03,Burro,6705,705,02,Águia,1989,989,23,Urso
2026-06-02,PTM,11:30,7207,207,02,Águia,1970,970,18,Porco,5337,337,10,Coelho,9110,110,03,Burro,4856,856,14,Gato
2026-06-02,PT,14:30,4198,198,25,Vaca,5702,702,01,Avestruz,4789,789,23,Urso,8755,755,14,Gato,4732,732,08,Camelo
2026-06-02,PTV,16:30,3215,215,04,Borboleta,1615,615,04,Borboleta,8373,373,19,Pavão,2059,059,15,Jacaré,0581,581,21,Touro
2026-06-02,PTN,,5911,911,03,Burro,3408,408,02,Águia,1566,566,17,Macaco,7867,867,17,Macaco,3885,885,22,Tigre
2026-06-02,COR,21:30,1032,032,08,Camelo,1324,324,06,Cabra,7622,622,06,Cabra,8815,815,04,Borboleta,7933,933,09,Cobra
2026-06-03,PPT,09:30,1675,675,19,Pavão,1954,954,14,Gato,2112,112,03,Burro,6160,160,15,Jacaré,4655,655,14,Gato
2026-06-03,PTM,11:30,0805,805,02,Águia,5885,885,22,Tigre,6761,761,16,Leão,7878,878,20,Peru,4067,067,17,Macaco
2026-06-03,PT,14:30,6115,115,04,Borboleta,5535,535,09,Cobra,4417,417,05,Cachorro,8924,924,06,Cabra,0834,834,09,Cobra
2026-06-03,PTV,16:30,5102,102,01,Avestruz,5072,072,18,Porco,2583,583,21,Touro,7986,986,22,Tigre,8222,222,06,Cabra
2026-06-03,FED,,9140,140,10,Coelho,7814,814,04,Borboleta,2380,380,20,Peru,8664,664,16,Leão,5144,144,11,Cavalo
2026-06-03,COR,21:30,0732,732,08,Camelo,2782,782,21,Touro,6355,355,14,Gato,5137,137,10,Coelho,3302,302,01,Avestruz
2026-06-04,PPT,09:30,7233,233,09,Cobra,9948,948,12,Elefante,4276,276,19,Pavão,1114,114,04,Borboleta,6578,578,20,Peru
2026-06-04,PTM,11:30,7165,165,17,Macaco,5275,275,19,Pavão,4508,508,02,Águia,5262,262,16,Leão,3748,748,12,Elefante
2026-06-04,PT,14:30,9170,170,18,Porco,5467,467,17,Macaco,6131,131,08,Camelo,4037,037,10,Coelho,2023,023,06,Cabra
2026-06-04,PTV,16:30,6504,504,01,Avestruz,3242,242,11,Cavalo,4398,398,25,Vaca,9940,940,10,Coelho,6667,667,17,Macaco
2026-06-04,PTN,,7897,897,25,Vaca,5349,349,13,Galo,4188,188,22,Tigre,8241,241,11,Cavalo,6187,187,22,Tigre
2026-06-04,COR,21:30,0415,415,04,Borboleta,2299,299,25,Vaca,6823,823,06,Cabra,4912,912,03,Burro,1868,868,17,Macaco
2026-06-05,PPT,09:30,1753,753,14,Gato,5559,559,15,Jacaré,1784,784,21,Touro,5647,647,12,Elefante,3487,487,22,Tigre
2026-06-05,PTM,11:30,0937,937,10,Coelho,3423,423,06,Cabra,2706,706,02,Águia,8793,793,24,Veado,4219,219,05,Cachorro
2026-06-05,PT,14:30,1437,437,10,Coelho,7419,419,05,Cachorro,6484,484,21,Touro,9832,832,08,Camelo,2063,063,16,Leão
2026-06-05,PTV,16:30,7708,708,02,Águia,7609,609,03,Burro,8530,530,08,Camelo,1247,247,12,Elefante,3377,377,20,Peru
2026-06-05,PTN,,8700,700,25,Vaca,9801,801,01,Avestruz,0134,134,09,Cobra,5691,691,23,Urso,9373,373,19,Pavão
2026-06-05,COR,21:30,5617,617,05,Cachorro,4533,533,09,Cobra,5026,026,07,Carneiro,6478,478,20,Peru,6290,290,23,Urso
2026-06-06,PPT,09:30,6892,892,23,Urso,8320,320,05,Cachorro,1113,113,04,Borboleta,9808,808,02,Águia,5405,405,02,Águia
2026-06-06,PTM,11:30,9248,248,12,Elefante,8546,546,12,Elefante,7647,647,12,Elefante,5780,780,20,Peru,2316,316,04,Borboleta
2026-06-06,PT,14:30,1181,181,21,Touro,7951,951,13,Galo,2836,836,09,Cobra,4976,976,19,Pavão,8562,562,16,Leão
2026-06-06,PTV,16:30,7004,004,01,Avestruz,7016,016,04,Borboleta,2799,799,25,Vaca,5893,893,24,Veado,4132,132,08,Camelo
2026-06-06,FED,,2573,573,19,Pavão,6376,376,19,Pavão,5867,867,17,Macaco,1865,865,17,Macaco,8828,828,07,Carneiro
2026-06-06,COR,21:30,4913,913,04,Borboleta,4663,663,16,Leão,0257,257,15,Jacaré,3936,936,09,Cobra,7682,682,21,Touro
2026-06-07,PPT,09:30,4700,700,25,Vaca,5567,567,17,Macaco,2054,054,14,Gato,3324,324,06,Cabra,2547,547,12,Elefante
2026-06-07,PTM,11:30,7922,922,06,Cabra,2561,561,16,Leão,6507,507,02,Águia,5957,957,15,Jacaré,4385,385,22,Tigre
2026-06-07,PT,14:30,6785,785,22,Tigre,8007,007,02,Águia,1404,404,01,Avestruz,9793,793,24,Veado,2381,381,21,Touro
2026-06-07,PTV,16:30,7018,018,05,Cachorro,9852,852,13,Galo,4205,205,02,Águia,6369,369,18,Porco,5127,127,07,Carneiro
2026-06-08,PPT,09:30,3420,420,05,Cachorro,6099,099,25,Vaca,0651,651,13,Galo,9693,693,24,Veado,8875,875,19,Pavão
2026-06-08,PTM,11:30,6911,911,03,Burro,7670,670,18,Porco,9418,418,05,Cachorro,9889,889,23,Urso,3906,906,02,Águia
2026-06-08,PT,14:30,3826,826,07,Carneiro,5729,729,08,Camelo,9653,653,14,Gato,8633,633,09,Cobra,7800,800,25,Vaca
2026-06-08,PTV,16:30,3235,235,09,Cobra,9580,580,20,Peru,7527,527,07,Carneiro,5000,000,25,Vaca,7958,958,15,Jacaré
2026-06-08,PTN,,8479,479,20,Peru,5594,594,24,Veado,9678,678,20,Peru,7461,461,16,Leão,1190,190,23,Urso
2026-06-08,COR,21:30,9020,020,05,Cachorro,4495,495,24,Veado,8691,691,23,Urso,3186,186,22,Tigre,3682,682,21,Touro
2026-06-09,PPT,09:30,9780,780,20,Peru,1231,231,08,Camelo,6716,716,04,Borboleta,1401,401,01,Avestruz,5274,274,19,Pavão
2026-06-09,PTM,11:30,0132,132,08,Camelo,3871,871,18,Porco,4683,683,21,Touro,5722,722,06,Cabra,6295,295,24,Veado
2026-06-09,PT,14:30,3798,798,25,Vaca,6885,885,22,Tigre,4644,644,11,Cavalo,0074,074,19,Pavão,2565,565,17,Macaco
2026-06-09,PTV,16:30,3200,200,25,Vaca,3184,184,21,Touro,3210,210,03,Burro,1127,127,07,Carneiro,3672,672,18,Porco
2026-06-09,PTN,,6095,095,24,Veado,3604,604,01,Avestruz,9864,864,16,Leão,3869,869,18,Porco,2393,393,24,Veado
2026-06-09,COR,21:30,5808,808,02,Águia,4875,875,19,Pavão,0602,602,01,Avestruz,9158,158,15,Jacaré,2920,920,05,Cachorro
2026-06-10,PPT,09:30,3522,522,06,Cabra,1889,889,23,Urso,1424,424,06,Cabra,9693,693,24,Veado,2366,366,17,Macaco
2026-06-10,PTM,11:30,5846,846,12,Elefante,7408,408,02,Águia,0757,757,15,Jacaré,0550,550,13,Galo,0586,586,22,Tigre
2026-06-10,PT,14:30,1478,478,20,Peru,4326,326,07,Carneiro,4508,508,02,Águia,0911,911,03,Burro,3059,059,15,Jacaré
2026-06-10,PTV,16:30,4816,816,04,Borboleta,6659,659,15,Jacaré,6712,712,03,Burro,0886,886,22,Tigre,0819,819,05,Cachorro
2026-06-10,FED,,4807,807,02,Águia,2218,218,05,Cachorro,7702,702,01,Avestruz,4099,099,25,Vaca,8362,362,16,Leão
2026-06-10,COR,21:30,3993,993,24,Veado,7633,633,09,Cobra,9496,496,24,Veado,3406,406,02,Águia,7652,652,13,Galo
2026-06-11,PPT,09:30,5063,063,16,Leão,0168,168,17,Macaco,7052,052,13,Galo,3854,854,14,Gato,1795,795,24,Veado
2026-06-11,PTM,11:30,7302,302,01,Avestruz,0593,593,24,Veado,7739,739,10,Coelho,1054,054,14,Gato,9157,157,15,Jacaré
2026-06-11,PT,14:30,4631,631,08,Camelo,0657,657,15,Jacaré,5947,947,12,Elefante,5784,784,21,Touro,5208,208,02,Águia
2026-06-11,PTV,16:30,4839,839,10,Coelho,7554,554,14,Gato,1185,185,22,Tigre,6361,361,16,Leão,8733,733,09,Cobra
2026-06-11,PTN,,1870,870,18,Porco,8400,400,25,Vaca,8521,521,06,Cabra,4335,335,09,Cobra,4249,249,13,Galo
2026-06-11,COR,21:30,7424,424,06,Cabra,5702,702,01,Avestruz,5392,392,23,Urso,8741,741,11,Cavalo,2757,757,15,Jacaré
2026-06-12,PPT,09:30,2047,047,12,Elefante,1009,009,03,Burro,3169,169,18,Porco,6987,987,22,Tigre,9751,751,13,Galo
2026-06-12,PTM,11:30,7741,741,11,Cavalo,1012,012,03,Burro,7325,325,07,Carneiro,5062,062,16,Leão,7393,393,24,Veado
2026-06-12,PT,14:30,4435,435,09,Cobra,5829,829,08,Camelo,4008,008,02,Águia,9654,654,14,Gato,8612,612,03,Burro
2026-06-12,PTV,16:30,7305,305,02,Águia,3388,388,22,Tigre,8945,945,12,Elefante,8263,263,16,Leão,4787,787,22,Tigre
2026-06-12,PTN,,8227,227,07,Carneiro,5753,753,14,Gato,9818,818,05,Cachorro,6048,048,12,Elefante,2354,354,14,Gato
2026-06-12,COR,21:30,2700,700,25,Vaca,1848,848,12,Elefante,0615,615,04,Borboleta,6415,415,04,Borboleta,3386,386,22,Tigre
2026-06-13,PPT,09:30,4651,651,13,Galo,7385,385,22,Tigre,4605,605,02,Águia,8561,561,16,Leão,5726,726,07,Carneiro
2026-06-13,PTM,11:30,9260,260,15,Jacaré,6070,070,18,Porco,0813,813,04,Borboleta,4327,327,07,Carneiro,0889,889,23,Urso
2026-06-13,PT,14:30,2009,009,03,Burro,9997,997,25,Vaca,3003,003,01,Avestruz,9883,883,21,Touro,1263,263,16,Leão
2026-06-13,PTV,16:30,4996,996,24,Veado,2871,871,18,Porco,1220,220,05,Cachorro,0059,059,15,Jacaré,7261,261,16,Leão
2026-06-13,PTN,,4056,056,14,Gato,7832,832,08,Camelo,0530,530,08,Camelo,8056,056,14,Gato,7468,468,17,Macaco
2026-06-13,COR,21:30,2780,780,20,Peru,5216,216,04,Borboleta,0691,691,23,Urso,4246,246,12,Elefante,6220,220,05,Cachorro
2026-06-14,PPT,09:30,5741,741,11,Cavalo,4837,837,10,Coelho,0321,321,06,Cabra,8851,851,13,Galo,1756,756,14,Gato
2026-06-14,FED,,0958,958,15,Jacaré,7191,191,23,Urso,3027,027,07,Carneiro,4065,065,17,Macaco,7139,139,10,Coelho
2026-06-14,PT,14:30,7490,490,23,Urso,4000,000,25,Vaca,5828,828,07,Carneiro,5697,697,25,Vaca,6860,860,15,Jacaré
2026-06-14,PTV,16:30,2858,858,15,Jacaré,7906,906,02,Águia,9085,085,22,Tigre,3197,197,25,Vaca,6207,207,02,Águia
2026-06-15,PPT,09:30,6187,187,22,Tigre,2702,702,01,Avestruz,4618,618,05,Cachorro,1111,111,03,Burro,3980,980,20,Peru
2026-06-15,PTM,11:30,4062,062,16,Leão,2570,570,18,Porco,0234,234,09,Cobra,4246,246,12,Elefante,6432,432,08,Camelo
2026-06-15,PT,14:30,4027,027,07,Carneiro,1059,059,15,Jacaré,8460,460,15,Jacaré,2719,719,05,Cachorro,3393,393,24,Veado
2026-06-15,PTV,16:30,7311,311,03,Burro,2883,883,21,Touro,0268,268,17,Macaco,6727,727,07,Carneiro,4715,715,04,Borboleta
2026-06-15,PTN,,4933,933,09,Cobra,9995,995,24,Veado,0657,657,15,Jacaré,4195,195,24,Veado,7343,343,11,Cavalo
2026-06-15,COR,21:30,6713,713,04,Borboleta,0796,796,24,Veado,2537,537,10,Coelho,7788,788,22,Tigre,5800,800,25,Vaca
2026-06-16,PPT,09:30,9838,838,10,Coelho,3328,328,07,Carneiro,6741,741,11,Cavalo,4981,981,21,Touro,9704,704,01,Avestruz
2026-06-16,PTM,11:30,5178,178,20,Peru,2897,897,25,Vaca,6870,870,18,Porco,6735,735,09,Cobra,4165,165,17,Macaco
2026-06-16,PT,14:30,8712,712,03,Burro,5292,292,23,Urso,4381,381,21,Touro,9288,288,22,Tigre,0167,167,17,Macaco
2026-06-16,PTV,16:30,6212,212,03,Burro,0527,527,07,Carneiro,8195,195,24,Veado,5118,118,05,Cachorro,9257,257,15,Jacaré
2026-06-16,PTN,,3445,445,12,Elefante,6090,090,23,Urso,2784,784,21,Touro,5079,079,20,Peru,1758,758,15,Jacaré
2026-06-16,COR,21:30,4882,882,21,Touro,2135,135,09,Cobra,7411,411,03,Burro,6107,107,02,Águia,6373,373,19,Pavão
2026-06-17,PPT,09:30,7525,525,07,Carneiro,0289,289,23,Urso,5421,421,06,Cabra,7462,462,16,Leão,6457,457,15,Jacaré
2026-06-17,PTM,11:30,5824,824,06,Cabra,7950,950,13,Galo,4399,399,25,Vaca,4203,203,01,Avestruz,3529,529,08,Camelo
2026-06-17,PT,14:30,0423,423,06,Cabra,5677,677,20,Peru,7980,980,20,Peru,6185,185,22,Tigre,0085,085,22,Tigre
2026-06-17,PTV,16:30,4903,903,01,Avestruz,0017,017,05,Cachorro,2351,351,13,Galo,1932,932,08,Camelo,4140,140,10,Coelho
2026-06-17,FED,,3952,952,13,Galo,8694,694,24,Veado,8478,478,20,Peru,1597,597,25,Vaca,4457,457,15,Jacaré
2026-06-17,COR,21:30,3477,477,20,Peru,1437,437,10,Coelho,0936,936,09,Cobra,4674,674,19,Pavão,7530,530,08,Camelo
2026-06-18,PPT,09:30,0931,931,08,Camelo,8444,444,11,Cavalo,8994,994,24,Veado,1350,350,13,Galo,9721,721,06,Cabra
2026-06-18,PTM,11:30,5805,805,02,Águia,6344,344,11,Cavalo,9972,972,18,Porco,0918,918,05,Cachorro,9797,797,25,Vaca
2026-06-18,PT,14:30,9365,365,17,Macaco,0677,677,20,Peru,7422,422,06,Cabra,5324,324,06,Cabra,4626,626,07,Carneiro
2026-06-18,PTV,16:30,3604,604,01,Avestruz,5511,511,03,Burro,0480,480,20,Peru,1526,526,07,Carneiro,6565,565,17,Macaco
2026-06-18,PTN,,4598,598,25,Vaca,7712,712,03,Burro,4249,249,13,Galo,5233,233,09,Cobra,6946,946,12,Elefante
2026-06-18,COR,21:30,2291,291,23,Urso,3500,500,25,Vaca,7177,177,20,Peru,7416,416,04,Borboleta,7619,619,05,Cachorro
2026-06-19,PPT,09:30,2826,826,07,Carneiro,3441,441,11,Cavalo,3529,529,08,Camelo,5383,383,21,Touro,9907,907,02,Águia
2026-06-19,PTM,11:30,8628,628,07,Carneiro,8377,377,20,Peru,2045,045,12,Elefante,1752,752,13,Galo,0228,228,07,Carneiro
2026-06-19,PT,14:30,4592,592,23,Urso,0553,553,14,Gato,4633,633,09,Cobra,9643,643,11,Cavalo,1089,089,23,Urso
2026-06-19,PTV,16:30,5958,958,15,Jacaré,8577,577,20,Peru,1761,761,16,Leão,7810,810,03,Burro,5412,412,03,Burro
2026-06-19,PTN,,8624,624,06,Cabra,7930,930,08,Camelo,8450,450,13,Galo,8225,225,07,Carneiro,7117,117,05,Cachorro
2026-06-19,COR,21:30,3047,047,12,Elefante,2002,002,01,Avestruz,5105,105,02,Águia,2201,201,01,Avestruz,2243,243,11,Cavalo
2026-06-20,PPT,09:30,1592,592,23,Urso,0442,442,11,Cavalo,2513,513,04,Borboleta,2888,888,22,Tigre,7720,720,05,Cachorro
2026-06-20,PTM,11:30,2019,019,05,Cachorro,0220,220,05,Cachorro,9362,362,16,Leão,2934,934,09,Cobra,8783,783,21,Touro
2026-06-20,PT,14:30,1545,545,12,Elefante,4627,627,07,Carneiro,6535,535,09,Cobra,8685,685,22,Tigre,4323,323,06,Cabra
2026-06-20,PTV,16:30,7449,449,13,Galo,5524,524,06,Cabra,9931,931,08,Camelo,2982,982,21,Touro,8601,601,01,Avestruz
2026-06-20,FED,,0673,673,19,Pavão,4810,810,03,Burro,2832,832,08,Camelo,2925,925,07,Carneiro,3988,988,22,Tigre
2026-06-20,COR,21:30,3243,243,11,Cavalo,1329,329,08,Camelo,4318,318,05,Cachorro,4333,333,09,Cobra,6046,046,12,Elefante
2026-06-21,PPT,09:30,0858,858,15,Jacaré,5581,581,21,Touro,7619,619,05,Cachorro,1589,589,23,Urso,4460,460,15,Jacaré
2026-06-21,PTM,11:30,6637,637,10,Coelho,9838,838,10,Coelho,1500,500,25,Vaca,9958,958,15,Jacaré,5840,840,10,Coelho
2026-06-21,PT,14:30,0442,442,11,Cavalo,7430,430,08,Camelo,4247,247,12,Elefante,7715,715,04,Borboleta,9961,961,16,Leão
2026-06-21,PTV,16:30,6402,402,01,Avestruz,6450,450,13,Galo,5899,899,25,Vaca,8989,989,23,Urso,0992,992,23,Urso
2026-06-22,PPT,09:30,4866,866,17,Macaco,3075,075,19,Pavão,9666,666,17,Macaco,3318,318,05,Cachorro,7697,697,25,Vaca
2026-06-22,PTM,11:30,8664,664,16,Leão,3576,576,19,Pavão,7069,069,18,Porco,5675,675,19,Pavão,9615,615,04,Borboleta
2026-06-22,PT,14:30,7339,339,10,Coelho,3666,666,17,Macaco,1173,173,19,Pavão,5568,568,17,Macaco,9655,655,14,Gato
2026-06-22,PTV,16:30,4320,320,05,Cachorro,4449,449,13,Galo,7094,094,24,Veado,4433,433,09,Cobra,5655,655,14,Gato
2026-06-22,PTN,,3264,264,16,Leão,3393,393,24,Veado,0265,265,17,Macaco,6009,009,03,Burro,4745,745,12,Elefante
2026-06-22,COR,21:30,6916,916,04,Borboleta,7878,878,20,Peru,0496,496,24,Veado,1033,033,09,Cobra,8610,610,03,Burro
2026-06-23,PPT,09:30,2222,222,06,Cabra,3498,498,25,Vaca,1832,832,08,Camelo,8427,427,07,Carneiro,2312,312,03,Burro
2026-06-23,PTM,11:30,0499,499,25,Vaca,9037,037,10,Coelho,7074,074,19,Pavão,2741,741,11,Cavalo,1812,812,03,Burro
2026-06-23,PT,14:30,0101,101,01,Avestruz,7709,709,03,Burro,1045,045,12,Elefante,3653,653,14,Gato,9979,979,20,Peru
2026-06-23,PTV,16:30,2551,551,13,Galo,4524,524,06,Cabra,6023,023,06,Cabra,4775,775,19,Pavão,8686,686,22,Tigre
2026-06-23,PTN,,6954,954,14,Gato,8130,130,08,Camelo,9851,851,13,Galo,0251,251,13,Galo,4581,581,21,Touro
2026-06-23,COR,21:30,1636,636,09,Cobra,0948,948,12,Elefante,3401,401,01,Avestruz,0297,297,25,Vaca,4620,620,05,Cachorro
2026-06-24,PPT,09:30,4585,585,22,Tigre,1526,526,07,Carneiro,1654,654,14,Gato,1514,514,04,Borboleta,9850,850,13,Galo
2026-06-24,PTM,11:30,1668,668,17,Macaco,8408,408,02,Águia,0679,679,20,Peru,9715,715,04,Borboleta,2367,367,17,Macaco
2026-06-24,PT,14:30,6799,799,25,Vaca,4891,891,23,Urso,4362,362,16,Leão,1160,160,15,Jacaré,8288,288,22,Tigre
2026-06-24,PTV,16:30,4602,602,01,Avestruz,3468,468,17,Macaco,9673,673,19,Pavão,0313,313,04,Borboleta,7014,014,04,Borboleta
2026-06-24,PTN,,6826,826,07,Carneiro,8959,959,15,Jacaré,1297,297,25,Vaca,3100,100,25,Vaca,8552,552,13,Galo
2026-06-24,COR,21:30,3967,967,17,Macaco,5070,070,18,Porco,5369,369,18,Porco,4147,147,12,Elefante,9540,540,10,Coelho
2026-06-25,FED,,4291,291,23,Urso,6208,208,02,Águia,6381,381,21,Touro,7897,897,25,Vaca,3341,341,11,Cavalo
2026-06-25,PTM,11:30,3431,431,08,Camelo,2477,477,20,Peru,3180,180,20,Peru,9223,223,06,Cabra,4659,659,15,Jacaré
2026-06-25,PT,14:30,6781,781,21,Touro,3058,058,15,Jacaré,6861,861,16,Leão,1231,231,08,Camelo,6325,325,07,Carneiro
2026-06-25,PTV,16:30,8363,363,16,Leão,5746,746,12,Elefante,7083,083,21,Touro,2999,999,25,Vaca,5106,106,02,Águia
2026-06-25,PTN,,8142,142,11,Cavalo,2793,793,24,Veado,4622,622,06,Cabra,4774,774,19,Pavão,5602,602,01,Avestruz
2026-06-25,COR,21:30,3256,256,14,Gato,2502,502,01,Avestruz,5034,034,09,Cobra,8856,856,14,Gato,9188,188,22,Tigre
2026-06-26,PPT,09:30,5738,738,10,Coelho,7872,872,18,Porco,2793,793,24,Veado,9416,416,04,Borboleta,1963,963,16,Leão
2026-06-26,PTM,11:30,3171,171,18,Porco,2715,715,04,Borboleta,7452,452,13,Galo,4342,342,11,Cavalo,4581,581,21,Touro
2026-06-26,PT,14:30,8031,031,08,Camelo,1402,402,01,Avestruz,6947,947,12,Elefante,9036,036,09,Cobra,4958,958,15,Jacaré
2026-06-26,PTV,16:30,6275,275,19,Pavão,7015,015,04,Borboleta,2298,298,25,Vaca,8173,173,19,Pavão,0871,871,18,Porco
2026-06-26,PTN,,3482,482,21,Touro,1158,158,15,Jacaré,4790,790,23,Urso,0771,771,18,Porco,6170,170,18,Porco
2026-06-26,COR,21:30,5523,523,06,Cabra,8474,474,19,Pavão,0279,279,20,Peru,8961,961,16,Leão,2319,319,05,Cachorro
2026-06-27,PPT,09:30,5846,846,12,Elefante,4834,834,09,Cobra,3600,600,25,Vaca,5376,376,19,Pavão,3165,165,17,Macaco
2026-06-27,PTM,11:30,6611,611,03,Burro,5739,739,10,Coelho,4842,842,11,Cavalo,4785,785,22,Tigre,9549,549,13,Galo
2026-06-27,PT,14:30,7357,357,15,Jacaré,6134,134,09,Cobra,0298,298,25,Vaca,8502,502,01,Avestruz,4898,898,25,Vaca
2026-06-27,PTV,16:30,1659,659,15,Jacaré,0758,758,15,Jacaré,0261,261,16,Leão,9354,354,14,Gato,2461,461,16,Leão
2026-06-27,FED,,6440,440,10,Coelho,3888,888,22,Tigre,7818,818,05,Cachorro,0467,467,17,Macaco,5020,020,05,Cachorro
2026-06-27,COR,21:30,8381,381,21,Touro,5157,157,15,Jacaré,4683,683,21,Touro,1599,599,25,Vaca,4775,775,19,Pavão
2026-06-28,PPT,09:30,6764,764,16,Leão,5590,590,23,Urso,5663,663,16,Leão,6712,712,03,Burro,1172,172,18,Porco
2026-06-28,PTM,11:30,0645,645,12,Elefante,5481,481,21,Touro,6664,664,16,Leão,1131,131,08,Camelo,8210,210,03,Burro
2026-06-28,PT,14:30,7072,072,18,Porco,0522,522,06,Cabra,0707,707,02,Águia,4750,750,13,Galo,1218,218,05,Cachorro
2026-06-28,PTV,16:30,2563,563,16,Leão,5269,269,18,Porco,5709,709,03,Burro,0394,394,24,Veado,6871,871,18,Porco
2026-06-29,PPT,09:30,5881,881,21,Touro,0406,406,02,Águia,6184,184,21,Touro,9561,561,16,Leão,3780,780,20,Peru
2026-06-29,PTM,11:30,4144,144,11,Cavalo,3571,571,18,Porco,4553,553,14,Gato,1275,275,19,Pavão,9845,845,12,Elefante
2026-06-29,PT,14:30,9077,077,20,Peru,0765,765,17,Macaco,3693,693,24,Veado,1100,100,25,Vaca,6082,082,21,Touro
2026-06-29,PTV,16:30,0370,370,18,Porco,6891,891,23,Urso,7410,410,03,Burro,8651,651,13,Galo,2996,996,24,Veado
2026-06-29,PTN,,5795,795,24,Veado,3045,045,12,Elefante,5637,637,10,Coelho,4231,231,08,Camelo,8734,734,09,Cobra
2026-06-29,COR,21:30,1129,129,08,Camelo,7250,250,13,Galo,0391,391,23,Urso,6488,488,22,Tigre,3986,986,22,Tigre
2026-06-30,PPT,09:30,8621,621,06,Cabra,6745,745,12,Elefante,3023,023,06,Cabra,6948,948,12,Elefante,4587,587,22,Tigre
2026-06-30,PTM,11:30,9575,575,19,Pavão,3301,301,01,Avestruz,7155,155,14,Gato,5104,104,01,Avestruz,0388,388,22,Tigre
2026-06-30,PT,14:30,3245,245,12,Elefante,4060,060,15,Jacaré,9174,174,19,Pavão,1429,429,08,Camelo,0843,843,11,Cavalo
2026-06-30,PTV,16:30,0857,857,15,Jacaré,1542,542,11,Cavalo,5160,160,15,Jacaré,6236,236,09,Cobra,7770,770,18,Porco
2026-06-30,PTN,,6845,845,12,Elefante,7603,603,01,Avestruz,1622,622,06,Cabra,8913,913,04,Borboleta,1249,249,13,Galo
2026-06-30,COR,21:30,3267,267,17,Macaco,1117,117,05,Cachorro,7605,605,02,Águia,6113,113,04,Borboleta,4663,663,16,Leão
2026-07-01,PPT,09:30,2837,837,10,Coelho,7908,908,02,Águia,0682,682,21,Touro,7124,124,06,Cabra,8787,787,22,Tigre
2026-07-01,PTM,11:30,4511,511,03,Burro,7620,620,05,Cachorro,4633,633,09,Cobra,2987,987,22,Tigre,2473,473,19,Pavão
2026-07-01,PT,14:30,6739,739,10,Coelho,7139,139,10,Coelho,4185,185,22,Tigre,5683,683,21,Touro,9411,411,03,Burro
2026-07-01,PTV,16:30,8665,665,17,Macaco,5108,108,02,Águia,8315,315,04,Borboleta,4358,358,15,Jacaré,8326,326,07,Carneiro
2026-07-01,FED,,9107,107,02,Águia,4974,974,19,Pavão,9288,288,22,Tigre,7930,930,08,Camelo,9119,119,05,Cachorro
2026-07-01,COR,21:30,8121,121,06,Cabra,5271,271,18,Porco,6763,763,16,Leão,9834,834,09,Cobra,1004,004,01,Avestruz
2026-07-02,PPT,09:30,9082,082,21,Touro,5716,716,04,Borboleta,0274,274,19,Pavão,5172,172,18,Porco,1379,379,20,Peru
2026-07-02,PTM,11:30,4694,694,24,Veado,4353,353,14,Gato,0117,117,05,Cachorro,3673,673,19,Pavão,3776,776,19,Pavão
2026-07-02,PT,14:30,7254,254,14,Gato,5423,423,06,Cabra,6924,924,06,Cabra,8296,296,24,Veado,0048,048,12,Elefante
2026-07-02,PTV,16:30,6865,865,17,Macaco,4075,075,19,Pavão,1355,355,14,Gato,4545,545,12,Elefante,4570,570,18,Porco
2026-07-02,PTN,,3608,608,02,Águia,2951,951,13,Galo,7659,659,15,Jacaré,9249,249,13,Galo,6573,573,19,Pavão
2026-07-02,COR,21:30,8362,362,16,Leão,4741,741,11,Cavalo,0143,143,11,Cavalo,8818,818,05,Cachorro,5509,509,03,Burro
2026-07-03,PPT,09:30,4374,374,19,Pavão,1148,148,12,Elefante,2310,310,03,Burro,4696,696,24,Veado,8828,828,07,Carneiro
2026-07-03,PTM,11:30,7273,273,19,Pavão,6697,697,25,Vaca,8009,009,03,Burro,0154,154,14,Gato,4514,514,04,Borboleta
2026-07-03,PT,14:30,0958,958,15,Jacaré,7371,371,18,Porco,3678,678,20,Peru,2302,302,01,Avestruz,0038,038,10,Coelho
2026-07-03,PTV,16:30,9923,923,06,Cabra,9561,561,16,Leão,2917,917,05,Cachorro,2493,493,24,Veado,2675,675,19,Pavão
2026-07-03,PTN,,4804,804,01,Avestruz,6157,157,15,Jacaré,8016,016,04,Borboleta,7959,959,15,Jacaré,0257,257,15,Jacaré
2026-07-03,COR,21:30,7863,863,16,Leão,2234,234,09,Cobra,3834,834,09,Cobra,8584,584,21,Touro,3083,083,21,Touro
2026-07-04,PPT,09:30,1061,061,16,Leão,7526,526,07,Carneiro,5541,541,11,Cavalo,8812,812,03,Burro,9535,535,09,Cobra
2026-07-04,PTM,11:30,0222,222,06,Cabra,7997,997,25,Vaca,6738,738,10,Coelho,6424,424,06,Cabra,3005,005,02,Águia
2026-07-04,PT,14:30,7947,947,12,Elefante,9881,881,21,Touro,2425,425,07,Carneiro,3221,221,06,Cabra,7851,851,13,Galo
2026-07-04,PTV,16:30,8945,945,12,Elefante,3194,194,24,Veado,4324,324,06,Cabra,5192,192,23,Urso,1215,215,04,Borboleta
2026-07-04,FED,,0246,246,12,Elefante,0204,204,01,Avestruz,9651,651,13,Galo,4518,518,05,Cachorro,3772,772,18,Porco
2026-07-04,COR,21:30,5640,640,10,Coelho,0494,494,24,Veado,7252,252,13,Galo,0531,531,08,Camelo,3950,950,13,Galo
2026-07-05,PPT,09:30,0142,142,11,Cavalo,1756,756,14,Gato,7281,281,21,Touro,6272,272,18,Porco,5641,641,11,Cavalo
2026-07-05,PTM,11:30,9685,685,22,Tigre,4725,725,07,Carneiro,4108,108,02,Águia,9010,010,03,Burro,9517,517,05,Cachorro
2026-07-05,PT,14:30,5219,219,05,Cachorro,5470,470,18,Porco,1253,253,14,Gato,3750,750,13,Galo,1508,508,02,Águia
2026-07-05,PTV,16:30,8712,712,03,Burro,3765,765,17,Macaco,7241,241,11,Cavalo,6412,412,03,Burro,6696,696,24,Veado
2026-07-06,PPT,09:30,0833,833,09,Cobra,9350,350,13,Galo,0628,628,07,Carneiro,5672,672,18,Porco,6105,105,02,Águia
2026-07-06,PTM,11:30,5646,646,12,Elefante,4315,315,04,Borboleta,5839,839,10,Coelho,3757,757,15,Jacaré,6663,663,16,Leão
2026-07-06,PT,14:30,0110,110,03,Burro,9629,629,08,Camelo,8755,755,14,Gato,2903,903,01,Avestruz,8828,828,07,Carneiro
2026-07-06,PTV,16:30,2019,019,05,Cachorro,2867,867,17,Macaco,4285,285,22,Tigre,8426,426,07,Carneiro,5657,657,15,Jacaré
2026-07-06,PTN,,9471,471,18,Porco,7655,655,14,Gato,9807,807,02,Águia,3298,298,25,Vaca,4631,631,08,Camelo
2026-07-06,COR,21:30,5508,508,02,Águia,2315,315,04,Borboleta,0878,878,20,Peru,1150,150,13,Galo,4644,644,11,Cavalo
2026-07-07,PPT,09:30,9068,068,17,Macaco,1645,645,12,Elefante,0938,938,10,Coelho,5797,797,25,Vaca,8229,229,08,Camelo
2026-07-07,PTM,11:30,0735,735,09,Cobra,6724,724,06,Cabra,4206,206,02,Águia,1681,681,21,Touro,4749,749,13,Galo
2026-07-07,PT,14:30,6483,483,21,Touro,9213,213,04,Borboleta,8761,761,16,Leão,2407,407,02,Águia,2731,731,08,Camelo
2026-07-07,PTV,16:30,1707,707,02,Águia,6918,918,05,Cachorro,8620,620,05,Cachorro,7302,302,01,Avestruz,3510,510,03,Burro
2026-07-07,PTN,,7930,930,08,Camelo,5010,010,03,Burro,0344,344,11,Cavalo,9501,501,01,Avestruz,4736,736,09,Cobra
2026-07-07,COR,21:30,5143,143,11,Cavalo,5156,156,14,Gato,7977,977,20,Peru,8165,165,17,Macaco,3473,473,19,Pavão
2026-07-08,PPT,09:30,9814,814,04,Borboleta,2498,498,25,Vaca,0610,610,03,Burro,4079,079,20,Peru,1307,307,02,Águia
2026-07-08,PTM,11:30,5278,278,20,Peru,3944,944,11,Cavalo,2097,097,25,Vaca,3361,361,16,Leão,3593,593,24,Veado
2026-07-08,PT,14:30,0168,168,17,Macaco,1205,205,02,Águia,5083,083,21,Touro,8949,949,13,Galo,3636,636,09,Cobra
2026-07-08,PTV,16:30,7734,734,09,Cobra,0852,852,13,Galo,3764,764,16,Leão,8855,855,14,Gato,5502,502,01,Avestruz
2026-07-08,FED,,2268,268,17,Macaco,1715,715,04,Borboleta,7479,479,20,Peru,5748,748,12,Elefante,1976,976,19,Pavão
2026-07-08,COR,21:30,7775,775,19,Pavão,0697,697,25,Vaca,3140,140,10,Coelho,1298,298,25,Vaca,1756,756,14,Gato
2026-07-09,PPT,09:30,3074,074,19,Pavão,8558,558,15,Jacaré,9437,437,10,Coelho,3648,648,12,Elefante,9750,750,13,Galo
2026-07-09,PTM,11:30,2428,428,07,Carneiro,2887,887,22,Tigre,9351,351,13,Galo,2453,453,14,Gato,5146,146,12,Elefante
2026-07-09,PT,14:30,3205,205,02,Águia,9441,441,11,Cavalo,7096,096,24,Veado,2661,661,16,Leão,4140,140,10,Coelho
2026-07-09,PTV,16:30,5677,677,20,Peru,3140,140,10,Coelho,0041,041,11,Cavalo,3222,222,06,Cabra,2286,286,22,Tigre
2026-07-09,PTN,,0072,072,18,Porco,9615,615,04,Borboleta,5126,126,07,Carneiro,1022,022,06,Cabra,1114,114,04,Borboleta
2026-07-09,COR,21:30,1865,865,17,Macaco,1043,043,11,Cavalo,4206,206,02,Águia,8129,129,08,Camelo,6614,614,04,Borboleta
2026-07-10,PPT,09:30,8591,591,23,Urso,4945,945,12,Elefante,3714,714,04,Borboleta,4351,351,13,Galo,6986,986,22,Tigre
2026-07-10,PTM,11:30,5015,015,04,Borboleta,1456,456,14,Gato,0358,358,15,Jacaré,3617,617,05,Cachorro,7298,298,25,Vaca
2026-07-10,PT,14:30,0346,346,12,Elefante,9263,263,16,Leão,6164,164,16,Leão,4885,885,22,Tigre,3284,284,21,Touro
2026-07-10,PTV,16:30,8119,119,05,Cachorro,2503,503,01,Avestruz,6333,333,09,Cobra,9772,772,18,Porco,2088,088,22,Tigre
2026-07-10,PTN,,8781,781,21,Touro,1262,262,16,Leão,0426,426,07,Carneiro,7262,262,16,Leão,8911,911,03,Burro
2026-07-10,COR,21:30,3363,363,16,Leão,2169,169,18,Porco,0207,207,02,Águia,6452,452,13,Galo,6409,409,03,Burro
2026-07-11,PPT,09:30,9955,955,14,Gato,7687,687,22,Tigre,2959,959,15,Jacaré,7282,282,21,Touro,5544,544,11,Cavalo
2026-07-11,PTM,11:30,4052,052,13,Galo,1080,080,20,Peru,3934,934,09,Cobra,2176,176,19,Pavão,0153,153,14,Gato
2026-07-11,PT,14:30,3147,147,12,Elefante,8484,484,21,Touro,9297,297,25,Vaca,8845,845,12,Elefante,3878,878,20,Peru
2026-07-11,PTV,16:30,5308,308,02,Águia,5926,926,07,Carneiro,0674,674,19,Pavão,9789,789,23,Urso,9535,535,09,Cobra
2026-07-11,FED,,5866,866,17,Macaco,7039,039,10,Coelho,3608,608,02,Águia,3472,472,18,Porco,4652,652,13,Galo
2026-07-11,COR,21:30,7052,052,13,Galo,4825,825,07,Carneiro,5826,826,07,Carneiro,3280,280,20,Peru,2150,150,13,Galo
2026-07-12,PPT,09:30,8506,506,02,Águia,4358,358,15,Jacaré,8084,084,21,Touro,9736,736,09,Cobra,9968,968,17,Macaco
2026-07-12,PTM,11:30,5644,644,11,Cavalo,1111,111,03,Burro,2342,342,11,Cavalo,5800,800,25,Vaca,7567,567,17,Macaco
2026-07-12,PT,14:30,3454,454,14,Gato,7864,864,16,Leão,8300,300,25,Vaca,0747,747,12,Elefante,4096,096,24,Veado
2026-07-12,PTV,16:30,7079,079,20,Peru,5531,531,08,Camelo,5424,424,06,Cabra,9435,435,09,Cobra,3531,531,08,Camelo
2026-07-13,PPT,09:30,0067,067,17,Macaco,3732,732,08,Camelo,7003,003,01,Avestruz,4863,863,16,Leão,1309,309,03,Burro
2026-07-13,PTM,11:30,0072,072,18,Porco,0457,457,15,Jacaré,1397,397,25,Vaca,0154,154,14,Gato,4360,360,15,Jacaré
2026-07-13,PT,14:30,5364,364,16,Leão,4469,469,18,Porco,0660,660,15,Jacaré,9559,559,15,Jacaré,6396,396,24,Veado
2026-07-13,PTV,16:30,1213,213,04,Borboleta,5522,522,06,Cabra,7160,160,15,Jacaré,2071,071,18,Porco,8433,433,09,Cobra
2026-07-13,PTN,,2719,719,05,Cachorro,2144,144,11,Cavalo,3540,540,10,Coelho,6029,029,08,Camelo,8557,557,15,Jacaré
2026-07-13,COR,21:30,0026,026,07,Carneiro,3085,085,22,Tigre,3219,219,05,Cachorro,1797,797,25,Vaca,4161,161,16,Leão
2026-07-14,PPT,09:30,8178,178,20,Peru,2823,823,06,Cabra,4934,934,09,Cobra,7750,750,13,Galo,6814,814,04,Borboleta
2026-07-14,PTM,11:30,6063,063,16,Leão,5045,045,12,Elefante,8963,963,16,Leão,5274,274,19,Pavão,0721,721,06,Cabra
2026-07-14,PT,14:30,8239,239,10,Coelho,6214,214,04,Borboleta,2955,955,14,Gato,5906,906,02,Águia,9287,287,22,Tigre
2026-07-14,PTV,16:30,7195,195,24,Veado,1096,096,24,Veado,2005,005,02,Águia,9666,666,17,Macaco,9928,928,07,Carneiro
2026-07-14,PTN,,6044,044,11,Cavalo,9218,218,05,Cachorro,2409,409,03,Burro,5146,146,12,Elefante,9837,837,10,Coelho
2026-07-14,COR,21:30,0263,263,16,Leão,8853,853,14,Gato,5275,275,19,Pavão,6148,148,12,Elefante,5375,375,19,Pavão
2026-07-15,PPT,09:30,2261,261,16,Leão,3636,636,09,Cobra,6568,568,17,Macaco,5309,309,03,Burro,2196,196,24,Veado
2026-07-15,PTM,11:30,6558,558,15,Jacaré,3157,157,15,Jacaré,3004,004,01,Avestruz,9209,209,03,Burro,3417,417,05,Cachorro
2026-07-15,PT,14:30,6797,797,25,Vaca,4214,214,04,Borboleta,4204,204,01,Avestruz,9467,467,17,Macaco,4191,191,23,Urso
2026-07-15,PTV,16:30,0283,283,21,Touro,3274,274,19,Pavão,6594,594,24,Veado,0247,247,12,Elefante,9483,483,21,Touro
2026-07-15,FED,,9184,184,21,Touro,3600,600,25,Vaca,9773,773,19,Pavão,4824,824,06,Cabra,8016,016,04,Borboleta
2026-07-15,COR,21:30,9925,925,07,Carneiro,2241,241,11,Cavalo,0041,041,11,Cavalo,0947,947,12,Elefante,8012,012,03,Burro
2026-07-16,PPT,09:30,2519,519,05,Cachorro,1254,254,14,Gato,7167,167,17,Macaco,4179,179,20,Peru,0238,238,10,Coelho
2026-07-16,PTM,11:30,0066,066,17,Macaco,1534,534,09,Cobra,3925,925,07,Carneiro,3223,223,06,Cabra,5773,773,19,Pavão
2026-07-16,PT,14:30,5327,327,07,Carneiro,7657,657,15,Jacaré,6745,745,12,Elefante,6804,804,01,Avestruz,2876,876,19,Pavão
2026-07-16,PTV,16:30,6400,400,25,Vaca,2373,373,19,Pavão,7481,481,21,Touro,7305,305,02,Águia,7888,888,22,Tigre
2026-07-16,PTN,,0141,141,11,Cavalo,1093,093,24,Veado,0944,944,11,Cavalo,3289,289,23,Urso,4093,093,24,Veado
2026-07-16,COR,21:30,3488,488,22,Tigre,1284,284,21,Touro,6342,342,11,Cavalo,0915,915,04,Borboleta,5061,061,16,Leão
2026-07-17,PPT,09:30,7887,887,22,Tigre,9809,809,03,Burro,6770,770,18,Porco,6616,616,04,Borboleta,8632,632,08,Camelo
2026-07-17,PTM,11:30,5764,764,16,Leão,6978,978,20,Peru,1266,266,17,Macaco,9650,650,13,Galo,3194,194,24,Veado
2026-07-17,PT,14:30,1320,320,05,Cachorro,6499,499,25,Vaca,1479,479,20,Peru,2833,833,09,Cobra,3950,950,13,Galo
2026-07-17,PTV,16:30,7758,758,15,Jacaré,3626,626,07,Carneiro,6023,023,06,Cabra,0630,630,08,Camelo,6226,226,07,Carneiro
2026-07-17,PTN,,8431,431,08,Camelo,3393,393,24,Veado,3877,877,20,Peru,3134,134,09,Cobra,5668,668,17,Macaco
2026-07-17,COR,21:30,1325,325,07,Carneiro,0933,933,09,Cobra,9034,034,09,Cobra,3541,541,11,Cavalo,7271,271,18,Porco
2026-07-18,PPT,09:30,4212,212,03,Burro,0296,296,24,Veado,7535,535,09,Cobra,6212,212,03,Burro,4825,825,07,Carneiro
2026-07-18,PTM,11:30,4687,687,22,Tigre,5405,405,02,Águia,4635,635,09,Cobra,6171,171,18,Porco,2769,769,18,Porco
2026-07-18,PT,14:30,5428,428,07,Carneiro,9230,230,08,Camelo,4237,237,10,Coelho,4546,546,12,Elefante,4274,274,19,Pavão
2026-07-18,PTV,16:30,4744,744,11,Cavalo,0776,776,19,Pavão,9961,961,16,Leão,1025,025,07,Carneiro,5270,270,18,Porco
2026-07-18,PTN,,2977,977,20,Peru,6084,084,21,Touro,4738,738,10,Coelho,6630,630,08,Camelo,8225,225,07,Carneiro
2026-07-18,COR,21:30,5364,364,16,Leão,0842,842,11,Cavalo,5976,976,19,Pavão,0294,294,24,Veado,9518,518,05,Cachorro
2026-07-19,FED,,7667,667,17,Macaco,9675,675,19,Pavão,3914,914,04,Borboleta,1743,743,11,Cavalo,6446,446,12,Elefante
2026-07-19,PT,14:30,1140,140,10,Coelho,4411,411,03,Burro,9031,031,08,Camelo,9799,799,25,Vaca,0927,927,07,Carneiro
2026-07-19,PTV,16:30,2998,998,25,Vaca,2590,590,23,Urso,8779,779,20,Peru,7994,994,24,Veado,5836,836,09,Cobra
2026-07-20,PPT,09:30,7695,695,24,Veado,4164,164,16,Leão,2884,884,21,Touro,3050,050,13,Galo,9677,677,20,Peru
2026-07-20,PTM,11:30,4555,555,14,Gato,8737,737,10,Coelho,0450,450,13,Galo,0167,167,17,Macaco,6748,748,12,Elefante
2026-07-20,PT,14:30,0854,854,14,Gato,3970,970,18,Porco,7240,240,10,Coelho,6740,740,10,Coelho,1603,603,01,Avestruz
2026-07-20,PTV,16:30,5716,716,04,Borboleta,1169,169,18,Porco,5746,746,12,Elefante,8565,565,17,Macaco,8610,610,03,Burro
2026-07-20,PTN,,6488,488,22,Tigre,1870,870,18,Porco,3708,708,02,Águia,3490,490,23,Urso,6174,174,19,Pavão
2026-07-20,COR,21:30,9766,766,17,Macaco,9308,308,02,Águia,0648,648,12,Elefante,0649,649,13,Galo,4840,840,10,Coelho
2026-07-21,PPT,09:30,1604,604,01,Avestruz,6056,056,14,Gato,5978,978,20,Peru,2130,130,08,Camelo,3162,162,16,Leão
2026-07-21,PTM,11:30,4639,639,10,Coelho,3980,980,20,Peru,0249,249,13,Galo,6513,513,04,Borboleta,1674,674,19,Pavão
2026-07-21,PT,14:30,6799,799,25,Vaca,1633,633,09,Cobra,8894,894,24,Veado,9829,829,08,Camelo,5031,031,08,Camelo
2026-07-21,PTV,16:30,6128,128,07,Carneiro,2698,698,25,Vaca,6424,424,06,Cabra,4316,316,04,Borboleta,3627,627,07,Carneiro
2026-07-21,PTN,,5652,652,13,Galo,2145,145,12,Elefante,4433,433,09,Cobra,1980,980,20,Peru,8177,177,20,Peru
2026-07-21,COR,21:30,6047,047,12,Elefante,8631,631,08,Camelo,1432,432,08,Camelo,2741,741,11,Cavalo,7691,691,23,Urso
2026-07-22,PPT,09:30,8928,928,07,Carneiro,8299,299,25,Vaca,1332,332,08,Camelo,1919,919,05,Cachorro,8966,966,17,Macaco
2026-07-22,PTM,11:30,2349,349,13,Galo,3109,109,03,Burro,5580,580,20,Peru,9056,056,14,Gato,8069,069,18,Porco
2026-07-22,PT,14:30,7930,930,08,Camelo,9841,841,11,Cavalo,9747,747,12,Elefante,4978,978,20,Peru,0881,881,21,Touro
2026-07-22,PTV,16:30,1701,701,01,Avestruz,0666,666,17,Macaco,2793,793,24,Veado,7311,311,03,Burro,1370,370,18,Porco
2026-07-22,FED,,7889,889,23,Urso,8861,861,16,Leão,7640,640,10,Coelho,4135,135,09,Cobra,0201,201,01,Avestruz
2026-07-22,COR,21:30,1952,952,13,Galo,2305,305,02,Águia,5691,691,23,Urso,2482,482,21,Touro,7959,959,15,Jacaré
2026-07-23,PPT,09:30,7427,427,07,Carneiro,8273,273,19,Pavão,6274,274,19,Pavão,1270,270,18,Porco,4672,672,18,Porco
2026-07-23,PTM,11:30,4761,761,16,Leão,8025,025,07,Carneiro,4451,451,13,Galo,8324,324,06,Cabra,7649,649,13,Galo
2026-07-23,PT,14:30,0892,892,23,Urso,1494,494,24,Veado,2373,373,19,Pavão,1988,988,22,Tigre,5138,138,10,Coelho
2026-07-23,PTV,16:30,0169,169,18,Porco,7240,240,10,Coelho,4999,999,25,Vaca,1663,663,16,Leão,0808,808,02,Águia
2026-07-23,PTN,,6012,012,03,Burro,5287,287,22,Tigre,2284,284,21,Touro,5189,189,23,Urso,2708,708,02,Águia
2026-07-23,COR,21:30,4172,172,18,Porco,6268,268,17,Macaco,9508,508,02,Águia,7092,092,23,Urso,1119,119,05,Cachorro
2026-07-24,PPT,09:30,9205,205,02,Águia,2288,288,22,Tigre,2007,007,02,Águia,9711,711,03,Burro,1515,515,04,Borboleta
2026-07-24,PTM,11:30,4021,021,06,Cabra,9887,887,22,Tigre,3299,299,25,Vaca,5083,083,21,Touro,9210,210,03,Burro
2026-07-24,PT,14:30,7584,584,21,Touro,7676,676,19,Pavão,2056,056,14,Gato,3454,454,14,Gato,0744,744,11,Cavalo
2026-07-24,PTV,16:30,9250,250,13,Galo,6464,464,16,Leão,3837,837,10,Coelho,8464,464,16,Leão,6220,220,05,Cachorro
2026-07-24,PTN,,2428,428,07,Carneiro,2284,284,21,Touro,3808,808,02,Águia,0776,776,19,Pavão,9722,722,06,Cabra
2026-07-24,COR,21:30,8382,382,21,Touro,5754,754,14,Gato,4497,497,25,Vaca,6251,251,13,Galo,1283,283,21,Touro
2026-07-25,PPT,09:30,4046,046,12,Elefante,9288,288,22,Tigre,5571,571,18,Porco,8597,597,25,Vaca,5500,500,25,Vaca
2026-07-25,PTM,11:30,8290,290,23,Urso,6631,631,08,Camelo,9716,716,04,Borboleta,7827,827,07,Carneiro,1878,878,20,Peru
2026-07-25,PT,14:30,6399,399,25,Vaca,2209,209,03,Burro,6531,531,08,Camelo,0489,489,23,Urso,6898,898,25,Vaca
2026-07-25,PTV,16:30,9991,991,23,Urso,9180,180,20,Peru,9402,402,01,Avestruz,2225,225,07,Carneiro,1894,894,24,Veado
2026-07-25,PTN,,0832,832,08,Camelo,5353,353,14,Gato,2192,192,23,Urso,3046,046,12,Elefante,0414,414,04,Borboleta
2026-07-25,COR,21:30,2619,619,05,Cachorro,3397,397,25,Vaca,9740,740,10,Coelho,3529,529,08,Camelo,6622,622,06,Cabra
2026-07-26,FED,,8522,522,06,Cabra,8455,455,14,Gato,5533,533,09,Cobra,1290,290,23,Urso,3408,408,02,Águia
2026-07-26,PT,14:30,0917,917,05,Cachorro,6838,838,10,Coelho,0664,664,16,Leão,7817,817,05,Cachorro,4031,031,08,Camelo
2026-07-26,PTV,16:30,4667,667,17,Macaco,5656,656,14,Gato,4121,121,06,Cabra,1902,902,01,Avestruz,5143,143,11,Cavalo
2026-07-27,PPT,09:30,6064,064,16,Leão,0361,361,16,Leão,6396,396,24,Veado,8710,710,03,Burro,6798,798,25,Vaca
2026-07-27,PTM,11:30,1852,852,13,Galo,1759,759,15,Jacaré,0185,185,22,Tigre,7372,372,18,Porco,8410,410,03,Burro
2026-07-27,PT,14:30,8956,956,14,Gato,5312,312,03,Burro,9551,551,13,Galo,8490,490,23,Urso,3499,499,25,Vaca
2026-07-27,PTV,16:30,3048,048,12,Elefante,8754,754,14,Gato,1097,097,25,Vaca,5060,060,15,Jacaré,2737,737,10,Coelho
2026-07-27,PTN,,9987,987,22,Tigre,7388,388,22,Tigre,9312,312,03,Burro,6489,489,23,Urso,1017,017,05,Cachorro
2026-07-27,COR,21:30,3766,766,17,Macaco,1123,123,06,Cabra,9174,174,19,Pavão,6023,023,06,Cabra,7358,358,15,Jacaré
2026-07-28,PPT,09:30,3555,555,14,Gato,6178,178,20,Peru,0434,434,09,Cobra,9143,143,11,Cavalo,0839,839,10,Coelho
2026-07-28,PTM,11:30,7882,882,21,Touro,2577,577,20,Peru,0815,815,04,Borboleta,4772,772,18,Porco,2988,988,22,Tigre
2026-07-28,PT,14:30,5021,021,06,Cabra,4893,893,24,Veado,0271,271,18,Porco,8215,215,04,Borboleta,0118,118,05,Cachorro
2026-07-28,PTV,16:30,4568,568,17,Macaco,6942,942,11,Cavalo,4826,826,07,Carneiro,5345,345,12,Elefante,8503,503,01,Avestruz
2026-07-28,PTN,,1472,472,18,Porco,6194,194,24,Veado,5325,325,07,Carneiro,1598,598,25,Vaca,3996,996,24,Veado
2026-07-28,COR,21:30,5733,733,09,Cobra,4209,209,03,Burro,8372,372,18,Porco,2913,913,04,Borboleta,2055,055,14,Gato
2026-07-29,PPT,09:30,2773,773,19,Pavão,7682,682,21,Touro,2738,738,10,Coelho,7608,608,02,Águia,4867,867,17,Macaco
2026-07-29,PTM,11:30,8926,926,07,Carneiro,0867,867,17,Macaco,6116,116,04,Borboleta,6278,278,20,Peru,7696,696,24,Veado
2026-07-29,PT,14:30,5948,948,12,Elefante,9131,131,08,Camelo,6749,749,13,Galo,9461,461,16,Leão,6476,476,19,Pavão
2026-07-29,PTV,16:30,7377,377,20,Peru,9370,370,18,Porco,3158,158,15,Jacaré,4517,517,05,Cachorro,4260,260,15,Jacaré
2026-07-29,FED,,4621,621,06,Cabra,1500,500,25,Vaca,2794,794,24,Veado,2546,546,12,Elefante,8807,807,02,Águia
2026-07-29,COR,21:30,0641,641,11,Cavalo,9785,785,22,Tigre,8036,036,09,Cobra,3421,421,06,Cabra,3163,163,16,Leão
2026-07-30,PPT,09:30,7311,311,03,Burro,1538,538,10,Coelho,9562,562,16,Leão,4260,260,15,Jacaré,3620,620,05,Cachorro
2026-07-30,PTM,11:30,3303,303,01,Avestruz,4135,135,09,Cobra,1080,080,20,Peru,0588,588,22,Tigre,3518,518,05,Cachorro
2026-07-30,PT,14:30,6376,376,19,Pavão,3093,093,24,Veado,5207,207,02,Águia,0791,791,23,Urso,7229,229,08,Camelo
2026-07-30,PTV,16:30,9030,030,08,Camelo,2852,852,13,Galo,3543,543,11,Cavalo,0038,038,10,Coelho,1355,355,14,Gato
2026-07-30,PTN,,7372,372,18,Porco,2794,794,24,Veado,3483,483,21,Touro,1525,525,07,Carneiro,7695,695,24,Veado
2026-07-30,COR,21:30,0149,149,13,Galo,5875,875,19,Pavão,6161,161,16,Leão,7573,573,19,Pavão,4573,573,19,Pavão
2026-07-31,PPT,09:30,8493,493,24,Veado,6593,593,24,Veado,7680,680,20,Peru,7901,901,01,Avestruz,8365,365,17,Macaco
2026-07-31,PTM,11:30,0621,621,06,Cabra,3401,401,01,Avestruz,8347,347,12,Elefante,5486,486,22,Tigre,0622,622,06,Cabra
2026-07-31,PT,14:30,5787,787,22,Tigre,8611,611,03,Burro,3846,846,12,Elefante,4030,030,08,Camelo,2518,518,05,Cachorro
2026-07-31,PTV,16:30,6089,089,23,Urso,4930,930,08,Camelo,6106,106,02,Águia,3831,831,08,Camelo,5976,976,19,Pavão
2026-07-31,PTN,,2854,854,14,Gato,8066,066,17,Macaco,1323,323,06,Cabra,5457,457,15,Jacaré,4068,068,17,Macaco
2026-07-31,COR,21:30,7420,420,05,Cachorro,4874,874,19,Pavão,9096,096,24,Veado,7601,601,01,Avestruz,9949,949,13,Galo
2026-08-01,PPT,09:30,7263,263,16,Leão,6578,578,20,Peru,8832,832,08,Camelo,7119,119,05,Cachorro,6566,566,17,Macaco
2026-08-01,PTM,11:30,4174,174,19,Pavão,3490,490,23,Urso,1254,254,14,Gato,7392,392,23,Urso,4746,746,12,Elefante
2026-08-01,PT,14:30,7959,959,15,Jacaré,4589,589,23,Urso,2279,279,20,Peru,6326,326,07,Carneiro,4714,714,04,Borboleta
2026-08-01,PTV,16:30,2677,677,20,Peru,1040,040,10,Coelho,0298,298,25,Vaca,1191,191,23,Urso,5841,841,11,Cavalo
2026-08-01,PTN,,8425,425,07,Carneiro,8859,859,15,Jacaré,8199,199,25,Vaca,6472,472,18,Porco,5088,088,22,Tigre
2026-08-01,COR,21:30,4473,473,19,Pavão,9196,196,24,Veado,2529,529,08,Camelo,9430,430,08,Camelo,2343,343,11,Cavalo
2026-08-02,FED,,3770,770,18,Porco,4465,465,17,Macaco,3867,867,17,Macaco,3192,192,23,Urso,6301,301,01,Avestruz
2026-08-02,PT,14:30,3690,690,23,Urso,0421,421,06,Cabra,2969,969,18,Porco,9696,696,24,Veado,2391,391,23,Urso
2026-08-02,PTV,16:30,9681,681,21,Touro,6318,318,05,Cachorro,5603,603,01,Avestruz,4913,913,04,Borboleta,6870,870,18,Porco
2026-08-03,PPT,09:30,6463,463,16,Leão,4359,359,15,Jacaré,7312,312,03,Burro,8842,842,11,Cavalo,4685,685,22,Tigre
2026-08-03,PTM,11:30,8637,637,10,Coelho,4114,114,04,Borboleta,9919,919,05,Cachorro,1244,244,11,Cavalo,5223,223,06,Cabra
2026-08-03,PT,14:30,6382,382,21,Touro,1426,426,07,Carneiro,9856,856,14,Gato,5861,861,16,Leão,1079,079,20,Peru
2026-08-03,PTV,16:30,7164,164,16,Leão,8987,987,22,Tigre,4581,581,21,Touro,2428,428,07,Carneiro,2480,480,20,Peru
2026-08-03,PTN,,2338,338,10,Coelho,9344,344,11,Cavalo,8356,356,14,Gato,2908,908,02,Águia,6106,106,02,Águia
2026-08-03,COR,21:30,1779,779,20,Peru,5105,105,02,Águia,4322,322,06,Cabra,3626,626,07,Carneiro,0937,937,10,Coelho
2026-08-04,PPT,09:30,0077,077,20,Peru,4502,502,01,Avestruz,3224,224,06,Cabra,0448,448,12,Elefante,1982,982,21,Touro
2026-08-04,PTM,11:30,5904,904,01,Avestruz,0513,513,04,Borboleta,6872,872,18,Porco,6228,228,07,Carneiro,8573,573,19,Pavão
2026-08-04,PT,14:30,9643,643,11,Cavalo,8475,475,19,Pavão,9718,718,05,Cachorro,2385,385,22,Tigre,1453,453,14,Gato
2026-08-04,PTV,16:30,5286,286,22,Tigre,9266,266,17,Macaco,2461,461,16,Leão,3028,028,07,Carneiro,7357,357,15,Jacaré
2026-08-04,PTN,,9435,435,09,Cobra,2306,306,02,Águia,0714,714,04,Borboleta,7703,703,01,Avestruz,7217,217,05,Cachorro
2026-08-04,COR,21:30,3808,808,02,Águia,9389,389,23,Urso,0409,409,03,Burro,2587,587,22,Tigre,6889,889,23,Urso
2026-08-05,PPT,09:30,1061,061,16,Leão,7922,922,06,Cabra,5736,736,09,Cobra,3669,669,18,Porco,9971,971,18,Porco
2026-08-05,PTM,11:30,6293,293,24,Veado,0645,645,12,Elefante,8571,571,18,Porco,6875,875,19,Pavão,9004,004,01,Avestruz
2026-08-05,PT,14:30,3021,021,06,Cabra,3483,483,21,Touro,4631,631,08,Camelo,4253,253,14,Gato,6454,454,14,Gato
2026-08-05,PTV,16:30,0841,841,11,Cavalo,4855,855,14,Gato,4331,331,08,Camelo,1594,594,24,Veado,5333,333,09,Cobra
2026-08-05,FED,,6952,952,13,Galo,8922,922,06,Cabra,9298,298,25,Vaca,6805,805,02,Águia,2721,721,06,Cabra
2026-08-05,COR,21:30,5120,120,05,Cachorro,8198,198,25,Vaca,2182,182,21,Touro,5935,935,09,Cobra,9120,120,05,Cachorro
2026-08-06,PPT,09:30,9422,422,06,Cabra,3626,626,07,Carneiro,1686,686,22,Tigre,5152,152,13,Galo,6653,653,14,Gato
2026-08-06,PTM,11:30,6253,253,14,Gato,5396,396,24,Veado,5979,979,20,Peru,6105,105,02,Águia,2095,095,24,Veado
2026-08-06,PT,14:30,9422,422,06,Cabra,4323,323,06,Cabra,8246,246,12,Elefante,8325,325,07,Carneiro,4208,208,02,Águia
2026-08-06,PTV,16:30,8890,890,23,Urso,6271,271,18,Porco,6466,466,17,Macaco,7364,364,16,Leão,8607,607,02,Águia
2026-08-06,PTN,,7752,752,13,Galo,8289,289,23,Urso,4666,666,17,Macaco,2176,176,19,Pavão,5916,916,04,Borboleta
2026-08-06,COR,21:30,7926,926,07,Carneiro,3149,149,13,Galo,8768,768,17,Macaco,4997,997,25,Vaca,2660,660,15,Jacaré
2026-08-07,PPT,09:30,0967,967,17,Macaco,5499,499,25,Vaca,0980,980,20,Peru,9904,904,01,Avestruz,6590,590,23,Urso
2026-08-07,PTM,11:30,6801,801,01,Avestruz,8577,577,20,Peru,8980,980,20,Peru,7744,744,11,Cavalo,6092,092,23,Urso
2026-08-07,PT,14:30,8599,599,25,Vaca,9908,908,02,Águia,0627,627,07,Carneiro,4447,447,12,Elefante,2457,457,15,Jacaré
2026-08-07,PTV,16:30,9873,873,19,Pavão,4961,961,16,Leão,3144,144,11,Cavalo,4793,793,24,Veado,3591,591,23,Urso
2026-08-07,PTN,,8212,212,03,Burro,3501,501,01,Avestruz,9076,076,19,Pavão,2565,565,17,Macaco,3291,291,23,Urso
2026-08-07,COR,21:30,1191,191,23,Urso,1241,241,11,Cavalo,7544,544,11,Cavalo,0263,263,16,Leão,9543,543,11,Cavalo
2026-08-08,PPT,09:30,4959,959,15,Jacaré,9744,744,11,Cavalo,7844,844,11,Cavalo,9919,919,05,Cachorro,7624,624,06,Cabra
2026-08-08,PTM,11:30,7897,897,25,Vaca,0873,873,19,Pavão,8011,011,03,Burro,3943,943,11,Cavalo,4394,394,24,Veado
2026-08-08,PT,14:30,8111,111,03,Burro,7874,874,19,Pavão,6818,818,05,Cachorro,4878,878,20,Peru,5380,380,20,Peru
2026-08-08,PTV,16:30,6885,885,22,Tigre,7873,873,19,Pavão,0410,410,03,Burro,3985,985,22,Tigre,5862,862,16,Leão
2026-08-08,PTN,,2183,183,21,Touro,3545,545,12,Elefante,7090,090,23,Urso,6261,261,16,Leão,0509,509,03,Burro
2026-08-08,COR,21:30,0339,339,10,Coelho,3848,848,12,Elefante,3777,777,20,Peru,3567,567,17,Macaco,0576,576,19,Pavão
2026-08-09,FED,,6821,821,06,Cabra,7694,694,24,Veado,7531,531,08,Camelo,0030,030,08,Camelo,3074,074,19,Pavão
2026-08-09,PT,14:30,1051,051,13,Galo,6557,557,15,Jacaré,4242,242,11,Cavalo,5877,877,20,Peru,7977,977,20,Peru
2026-08-09,PTV,16:30,2102,102,01,Avestruz,8778,778,20,Peru,6996,996,24,Veado,5035,035,09,Cobra,3076,076,19,Pavão
2026-08-10,PPT,09:30,0272,272,18,Porco,5405,405,02,Águia,5879,879,20,Peru,3459,459,15,Jacaré,6650,650,13,Galo
2026-08-10,PTM,11:30,3390,390,23,Urso,8476,476,19,Pavão,0048,048,12,Elefante,5530,530,08,Camelo,4088,088,22,Tigre
2026-08-10,PT,14:30,0225,225,07,Carneiro,7042,042,11,Cavalo,2883,883,21,Touro,5934,934,09,Cobra,4866,866,17,Macaco
2026-08-10,PTV,16:30,7669,669,18,Porco,0897,897,25,Vaca,5512,512,03,Burro,0238,238,10,Coelho,5437,437,10,Coelho
2026-08-10,PTN,,5711,711,03,Burro,6318,318,05,Cachorro,4948,948,12,Elefante,6972,972,18,Porco,0904,904,01,Avestruz
2026-08-10,COR,21:30,1604,604,01,Avestruz,3477,477,20,Peru,3139,139,10,Coelho,7098,098,25,Vaca,0524,524,06,Cabra
2026-08-11,PPT,09:30,5953,953,14,Gato,2243,243,11,Cavalo,4303,303,01,Avestruz,1142,142,11,Cavalo,4511,511,03,Burro
2026-08-11,PTM,11:30,7010,010,03,Burro,9043,043,11,Cavalo,5140,140,10,Coelho,4208,208,02,Águia,6922,922,06,Cabra
2026-08-11,PT,14:30,1251,251,13,Galo,3432,432,08,Camelo,8407,407,02,Águia,7274,274,19,Pavão,9262,262,16,Leão
2026-08-11,PTV,16:30,8292,292,23,Urso,3749,749,13,Galo,3795,795,24,Veado,6861,861,16,Leão,3262,262,16,Leão
2026-08-11,PTN,,1278,278,20,Peru,4737,737,10,Coelho,7880,880,20,Peru,2262,262,16,Leão,9992,992,23,Urso
2026-08-11,COR,21:30,8623,623,06,Cabra,0821,821,06,Cabra,4799,799,25,Vaca,8975,975,19,Pavão,5375,375,19,Pavão
2026-08-12,PPT,09:30,7323,323,06,Cabra,0843,843,11,Cavalo,1358,358,15,Jacaré,3585,585,22,Tigre,8896,896,24,Veado
2026-08-12,PTM,11:30,1751,751,13,Galo,7155,155,14,Gato,1504,504,01,Avestruz,2244,244,11,Cavalo,0565,565,17,Macaco
2026-08-12,PT,14:30,0236,236,09,Cobra,6811,811,03,Burro,5108,108,02,Águia,1676,676,19,Pavão,4429,429,08,Camelo
2026-08-12,PTV,16:30,4902,902,01,Avestruz,9685,685,22,Tigre,7299,299,25,Vaca,9517,517,05,Cachorro,5880,880,20,Peru
2026-08-12,FED,,6997,997,25,Vaca,4852,852,13,Galo,0091,091,23,Urso,2438,438,10,Coelho,9210,210,03,Burro
2026-08-12,COR,21:30,3283,283,21,Touro,2573,573,19,Pavão,1572,572,18,Porco,7731,731,08,Camelo,3525,525,07,Carneiro
2026-08-13,PPT,09:30,6465,465,17,Macaco,7285,285,22,Tigre,4268,268,17,Macaco,1953,953,14,Gato,2582,582,21,Touro
2026-08-13,PTM,11:30,3883,883,21,Touro,2809,809,03,Burro,0469,469,18,Porco,1986,986,22,Tigre,1322,322,06,Cabra
2026-08-13,PT,14:30,6421,421,06,Cabra,4304,304,01,Avestruz,4542,542,11,Cavalo,8161,161,16,Leão,5299,299,25,Vaca
2026-08-13,PTV,16:30,7693,693,24,Veado,6798,798,25,Vaca,5503,503,01,Avestruz,3377,377,20,Peru,7591,591,23,Urso
2026-08-13,PTN,,1663,663,16,Leão,0730,730,08,Camelo,6907,907,02,Águia,5583,583,21,Touro,3509,509,03,Burro
2026-08-13,COR,21:30,3045,045,12,Elefante,1364,364,16,Leão,2243,243,11,Cavalo,5375,375,19,Pavão,1449,449,13,Galo
2026-08-14,PPT,09:30,5941,941,11,Cavalo,6185,185,22,Tigre,9702,702,01,Avestruz,1879,879,20,Peru,2444,444,11,Cavalo
2026-08-14,PTM,11:30,6016,016,04,Borboleta,7898,898,25,Vaca,3955,955,14,Gato,1839,839,10,Coelho,8431,431,08,Camelo
2026-08-14,PT,14:30,5516,516,04,Borboleta,6283,283,21,Touro,7905,905,02,Águia,4291,291,23,Urso,2615,615,04,Borboleta
2026-08-14,PTV,16:30,1474,474,19,Pavão,4826,826,07,Carneiro,9162,162,16,Leão,0148,148,12,Elefante,6801,801,01,Avestruz
2026-08-14,PTN,,7225,225,07,Carneiro,1770,770,18,Porco,5325,325,07,Carneiro,5568,568,17,Macaco,4596,596,24,Veado
2026-08-14,COR,21:30,4132,132,08,Camelo,7860,860,15,Jacaré,2448,448,12,Elefante,2136,136,09,Cobra,5411,411,03,Burro
2026-08-15,PPT,09:30,2570,570,18,Porco,1506,506,02,Águia,9615,615,04,Borboleta,1579,579,20,Peru,2478,478,20,Peru
2026-08-15,PTM,11:30,2705,705,02,Águia,0734,734,09,Cobra,7399,399,25,Vaca,7769,769,18,Porco,8861,861,16,Leão
2026-08-15,PT,14:30,8968,968,17,Macaco,4279,279,20,Peru,5160,160,15,Jacaré,6447,447,12,Elefante,8149,149,13,Galo
2026-08-15,PTV,16:30,3490,490,23,Urso,7993,993,24,Veado,4459,459,15,Jacaré,1500,500,25,Vaca,6777,777,20,Peru
2026-08-15,PTN,,6433,433,09,Cobra,2496,496,24,Veado,7788,788,22,Tigre,0263,263,16,Leão,1370,370,18,Porco
2026-08-15,COR,21:30,8689,689,23,Urso,0470,470,18,Porco,4445,445,12,Elefante,4875,875,19,Pavão,1924,924,06,Cabra
2026-08-16,FED,,2745,745,12,Elefante,9744,744,11,Cavalo,3467,467,17,Macaco,4337,337,10,Coelho,4461,461,16,Leão
2026-08-16,PT,14:30,7507,507,02,Águia,9220,220,05,Cachorro,8557,557,15,Jacaré,1494,494,24,Veado,9793,793,24,Veado
2026-08-16,PTV,16:30,8538,538,10,Coelho,4128,128,07,Carneiro,2371,371,18,Porco,5732,732,08,Camelo,4829,829,08,Camelo
2026-08-17,PPT,09:30,6132,132,08,Camelo,1035,035,09,Cobra,9869,869,18,Porco,6052,052,13,Galo,7551,551,13,Galo
2026-08-17,PTM,11:30,4794,794,24,Veado,5703,703,01,Avestruz,3762,762,16,Leão,4268,268,17,Macaco,1294,294,24,Veado
2026-08-17,PT,14:30,3633,633,09,Cobra,0586,586,22,Tigre,3609,609,03,Burro,8904,904,01,Avestruz,8085,085,22,Tigre
2026-08-17,PTV,16:30,2720,720,05,Cachorro,7102,102,01,Avestruz,9393,393,24,Veado,0760,760,15,Jacaré,0118,118,05,Cachorro
2026-08-17,PTN,,2099,099,25,Vaca,7083,083,21,Touro,8872,872,18,Porco,2905,905,02,Águia,3177,177,20,Peru
2026-08-17,COR,21:30,7394,394,24,Veado,6249,249,13,Galo,0588,588,22,Tigre,7567,567,17,Macaco,9361,361,16,Leão
2026-08-18,PPT,09:30,0397,397,25,Vaca,5380,380,20,Peru,4079,079,20,Peru,9147,147,12,Elefante,7651,651,13,Galo
2026-08-18,PTM,11:30,0404,404,01,Avestruz,9999,999,25,Vaca,3304,304,01,Avestruz,7076,076,19,Pavão,0548,548,12,Elefante
2026-08-18,PT,14:30,2960,960,15,Jacaré,5874,874,19,Pavão,0661,661,16,Leão,6099,099,25,Vaca,9406,406,02,Águia
2026-08-18,PTV,16:30,9114,114,04,Borboleta,7766,766,17,Macaco,6262,262,16,Leão,8713,713,04,Borboleta,8404,404,01,Avestruz
2026-08-18,PTN,,7643,643,11,Cavalo,6610,610,03,Burro,4553,553,14,Gato,3570,570,18,Porco,6841,841,11,Cavalo
2026-08-18,COR,21:30,0271,271,18,Porco,6481,481,21,Touro,6090,090,23,Urso,5867,867,17,Macaco,5163,163,16,Leão
2026-08-19,PPT,09:30,8416,416,04,Borboleta,4289,289,23,Urso,2768,768,17,Macaco,2388,388,22,Tigre,8329,329,08,Camelo
2026-08-19,PTM,11:30,0065,065,17,Macaco,9219,219,05,Cachorro,8812,812,03,Burro,9133,133,09,Cobra,8909,909,03,Burro
2026-08-19,PT,14:30,1621,621,06,Cabra,0387,387,22,Tigre,1561,561,16,Leão,9764,764,16,Leão,8768,768,17,Macaco
2026-08-19,PTV,16:30,9868,868,17,Macaco,6485,485,22,Tigre,8263,263,16,Leão,1906,906,02,Águia,1913,913,04,Borboleta
2026-08-19,FED,,0574,574,19,Pavão,9932,932,08,Camelo,4112,112,03,Burro,6366,366,17,Macaco,8482,482,21,Touro
2026-08-19,COR,21:30,2119,119,05,Cachorro,8420,420,05,Cachorro,8826,826,07,Carneiro,1369,369,18,Porco,3361,361,16,Leão
2026-08-20,PPT,09:30,9191,191,23,Urso,2346,346,12,Elefante,1136,136,09,Cobra,6472,472,18,Porco,7523,523,06,Cabra
2026-08-20,PTM,11:30,2014,014,04,Borboleta,9421,421,06,Cabra,7373,373,19,Pavão,2217,217,05,Cachorro,9605,605,02,Águia
2026-08-20,PT,14:30,5415,415,04,Borboleta,5574,574,19,Pavão,8356,356,14,Gato,2196,196,24,Veado,9889,889,23,Urso
2026-08-20,PTV,16:30,3651,651,13,Galo,7924,924,06,Cabra,2932,932,08,Camelo,8069,069,18,Porco,5389,389,23,Urso
2026-08-20,PTN,,8856,856,14,Gato,8358,358,15,Jacaré,3277,277,20,Peru,1925,925,07,Carneiro,2772,772,18,Porco
2026-08-20,COR,21:30,3028,028,07,Carneiro,5118,118,05,Cachorro,3631,631,08,Camelo,3373,373,19,Pavão,2767,767,17,Macaco
2026-08-21,PPT,09:30,2193,193,24,Veado,4838,838,10,Coelho,8780,780,20,Peru,6027,027,07,Carneiro,1942,942,11,Cavalo
2026-08-21,PTM,11:30,1171,171,18,Porco,6360,360,15,Jacaré,6938,938,10,Coelho,1420,420,05,Cachorro,2886,886,22,Tigre
2026-08-21,PT,14:30,4977,977,20,Peru,0245,245,12,Elefante,3867,867,17,Macaco,7788,788,22,Tigre,0243,243,11,Cavalo
2026-08-21,PTV,16:30,6111,111,03,Burro,3732,732,08,Camelo,6506,506,02,Águia,9492,492,23,Urso,0721,721,06,Cabra
2026-08-21,PTN,,1822,822,06,Cabra,4432,432,08,Camelo,3192,192,23,Urso,3778,778,20,Peru,4199,199,25,Vaca
2026-08-21,COR,21:30,7971,971,18,Porco,4821,821,06,Cabra,0391,391,23,Urso,1829,829,08,Camelo,7222,222,06,Cabra
2026-08-22,PPT,09:30,9721,721,06,Cabra,1229,229,08,Camelo,5926,926,07,Carneiro,1545,545,12,Elefante,7222,222,06,Cabra
2026-08-22,PTM,11:30,3334,334,09,Cobra,0879,879,20,Peru,8167,167,17,Macaco,5152,152,13,Galo,0020,020,05,Cachorro
2026-08-22,PT,14:30,2229,229,08,Camelo,3488,488,22,Tigre,5058,058,15,Jacaré,7874,874,19,Pavão,9802,802,01,Avestruz
2026-08-22,PTV,16:30,4479,479,20,Peru,5904,904,01,Avestruz,8198,198,25,Vaca,9297,297,25,Vaca,2190,190,23,Urso
2026-08-22,PTN,,9553,553,14,Gato,5116,116,04,Borboleta,9490,490,23,Urso,3307,307,02,Águia,1797,797,25,Vaca
2026-08-22,COR,21:30,7182,182,21,Touro,1374,374,19,Pavão,6366,366,17,Macaco,3974,974,19,Pavão,7579,579,20,Peru
2026-08-23,FED,,3000,000,25,Vaca,9559,559,15,Jacaré,2213,213,04,Borboleta,1203,203,01,Avestruz,7095,095,24,Veado
2026-08-23,PT,14:30,8993,993,24,Veado,6419,419,05,Cachorro,9388,388,22,Tigre,4659,659,15,Jacaré,9585,585,22,Tigre
2026-08-23,PTV,16:30,4144,144,11,Cavalo,8365,365,17,Macaco,7760,760,15,Jacaré,3926,926,07,Carneiro,1449,449,13,Galo
2026-08-24,PPT,09:30,9615,615,04,Borboleta,5344,344,11,Cavalo,9535,535,09,Cobra,9252,252,13,Galo,9440,440,10,Coelho
2026-08-24,PTM,11:30,6911,911,03,Burro,5883,883,21,Touro,4299,299,25,Vaca,5114,114,04,Borboleta,8120,120,05,Cachorro
2026-08-24,PT,14:30,5857,857,15,Jacaré,7072,072,18,Porco,5562,562,16,Leão,6508,508,02,Águia,4844,844,11,Cavalo
2026-08-24,PTV,16:30,3117,117,05,Cachorro,2207,207,02,Águia,4581,581,21,Touro,0915,915,04,Borboleta,1289,289,23,Urso
2026-08-24,PTN,,2381,381,21,Touro,8781,781,21,Touro,4156,156,14,Gato,2689,689,23,Urso,1474,474,19,Pavão
2026-08-24,COR,21:30,0762,762,16,Leão,9221,221,06,Cabra,0004,004,01,Avestruz,9043,043,11,Cavalo,9002,002,01,Avestruz
2026-08-25,PPT,09:30,1303,303,01,Avestruz,4161,161,16,Leão,8863,863,16,Leão,1786,786,22,Tigre,4044,044,11,Cavalo
2026-08-25,PTM,11:30,3299,299,25,Vaca,3397,397,25,Vaca,8423,423,06,Cabra,6234,234,09,Cobra,3105,105,02,Águia
2026-08-25,PT,14:30,1843,843,11,Cavalo,9394,394,24,Veado,8357,357,15,Jacaré,6100,100,25,Vaca,8985,985,22,Tigre
2026-08-25,PTV,16:30,7905,905,02,Águia,0344,344,11,Cavalo,8547,547,12,Elefante,7993,993,24,Veado,9737,737,10,Coelho
2026-08-25,PTN,,5153,153,14,Gato,8089,089,23,Urso,4215,215,04,Borboleta,3624,624,06,Cabra,6225,225,07,Carneiro
2026-08-25,COR,21:30,7258,258,15,Jacaré,6413,413,04,Borboleta,9208,208,02,Águia,2352,352,13,Galo,5893,893,24,Veado
2026-08-26,PPT,09:30,7034,034,09,Cobra,9245,245,12,Elefante,3682,682,21,Touro,8587,587,22,Tigre,8810,810,03,Burro
2026-08-26,PTM,11:30,4508,508,02,Águia,4498,498,25,Vaca,8948,948,12,Elefante,0800,800,25,Vaca,9893,893,24,Veado
2026-08-26,PT,14:30,8083,083,21,Touro,9444,444,11,Cavalo,6513,513,04,Borboleta,0900,900,25,Vaca,8391,391,23,Urso
2026-08-26,PTV,16:30,5059,059,15,Jacaré,2194,194,24,Veado,3108,108,02,Águia,0322,322,06,Cabra,6736,736,09,Cobra
2026-08-26,FED,,4574,574,19,Pavão,4929,929,08,Camelo,9657,657,15,Jacaré,0781,781,21,Touro,3798,798,25,Vaca
2026-08-26,COR,21:30,0600,600,25,Vaca,2009,009,03,Burro,4245,245,12,Elefante,3896,896,24,Veado,6937,937,10,Coelho
2026-08-27,PPT,09:30,3171,171,18,Porco,2236,236,09,Cobra,6305,305,02,Águia,4299,299,25,Vaca,4470,470,18,Porco
2026-08-27,PTM,11:30,1429,429,08,Camelo,5774,774,19,Pavão,4621,621,06,Cabra,5534,534,09,Cobra,8551,551,13,Galo
2026-08-27,PT,14:30,9498,498,25,Vaca,8949,949,13,Galo,7088,088,22,Tigre,7972,972,18,Porco,5391,391,23,Urso
2026-08-27,PTV,16:30,6664,664,16,Leão,1654,654,14,Gato,3770,770,18,Porco,3003,003,01,Avestruz,1364,364,16,Leão
2026-08-27,PTN,,5215,215,04,Borboleta,8690,690,23,Urso,4591,591,23,Urso,0054,054,14,Gato,2425,425,07,Carneiro
2026-08-27,COR,21:30,4656,656,14,Gato,0428,428,07,Carneiro,6060,060,15,Jacaré,6437,437,10,Coelho,2085,085,22,Tigre
2026-08-28,PPT,09:30,3866,866,17,Macaco,9738,738,10,Coelho,7437,437,10,Coelho,2513,513,04,Borboleta,7810,810,03,Burro
2026-08-28,PTM,11:30,8044,044,11,Cavalo,4745,745,12,Elefante,2754,754,14,Gato,1126,126,07,Carneiro,6187,187,22,Tigre
2026-08-28,PT,14:30,3045,045,12,Elefante,9069,069,18,Porco,7140,140,10,Coelho,7326,326,07,Carneiro,7097,097,25,Vaca
2026-08-28,PTV,16:30,0905,905,02,Águia,6506,506,02,Águia,3445,445,12,Elefante,5711,711,03,Burro,7176,176,19,Pavão
2026-08-28,PTN,,1551,551,13,Galo,0690,690,23,Urso,7809,809,03,Burro,1630,630,08,Camelo,2188,188,22,Tigre
2026-08-28,COR,21:30,3648,648,12,Elefante,1582,582,21,Touro,6452,452,13,Galo,7537,537,10,Coelho,1709,709,03,Burro
2026-08-29,PPT,09:30,9104,104,01,Avestruz,3340,340,10,Coelho,3241,241,11,Cavalo,9543,543,11,Cavalo,9366,366,17,Macaco
2026-08-29,PTM,11:30,7153,153,14,Gato,8269,269,18,Porco,1141,141,11,Cavalo,0269,269,18,Porco,2887,887,22,Tigre
2026-08-29,PT,14:30,8346,346,12,Elefante,4331,331,08,Camelo,8141,141,11,Cavalo,8802,802,01,Avestruz,8878,878,20,Peru
2026-08-29,PTV,16:30,4158,158,15,Jacaré,8461,461,16,Leão,1382,382,21,Touro,4117,117,05,Cachorro,5650,650,13,Galo
2026-08-29,PTN,,1753,753,14,Gato,7051,051,13,Galo,4551,551,13,Galo,6205,205,02,Águia,7746,746,12,Elefante
2026-08-29,COR,21:30,7734,734,09,Cobra,8319,319,05,Cachorro,9401,401,01,Avestruz,2290,290,23,Urso,1431,431,08,Camelo
2026-08-30,FED,,8932,932,08,Camelo,9314,314,04,Borboleta,7181,181,21,Touro,0373,373,19,Pavão,7859,859,15,Jacaré
2026-08-30,PT,14:30,6171,171,18,Porco,8221,221,06,Cabra,0398,398,25,Vaca,0698,698,25,Vaca,7206,206,02,Águia
2026-08-30,PTV,16:30,2529,529,08,Camelo,7186,186,22,Tigre,5792,792,23,Urso,1158,158,15,Jacaré,0084,084,21,Touro
2026-08-31,PPT,09:30,1799,799,25,Vaca,2444,444,11,Cavalo,9741,741,11,Cavalo,1805,805,02,Águia,8404,404,01,Avestruz
2026-08-31,PTM,11:30,7868,868,17,Macaco,0994,994,24,Veado,9193,193,24,Veado,1100,100,25,Vaca,2163,163,16,Leão
2026-08-31,PT,14:30,6178,178,20,Peru,1999,999,25,Vaca,3672,672,18,Porco,8037,037,10,Coelho,8693,693,24,Veado
2026-08-31,PTV,16:30,1520,520,05,Cachorro,8258,258,15,Jacaré,5446,446,12,Elefante,5318,318,05,Cachorro,1454,454,14,Gato
2026-08-31,PTN,,7085,085,22,Tigre,5291,291,23,Urso,3001,001,01,Avestruz,3919,919,05,Cachorro,6449,449,13,Galo
2026-08-31,COR,21:30,6666,666,17,Macaco,8760,760,15,Jacaré,1119,119,05,Cachorro,4020,020,05,Cachorro,5197,197,25,Vaca
2026-09-01,PPT,09:30,0862,862,16,Leão,4866,866,17,Macaco,9712,712,03,Burro,5996,996,24,Veado,6925,925,07,Carneiro
2026-09-01,PTM,11:30,5814,814,04,Borboleta,6293,293,24,Veado,5517,517,05,Cachorro,2048,048,12,Elefante,5512,512,03,Burro
2026-09-01,PT,14:30,4257,257,15,Jacaré,0098,098,25,Vaca,0943,943,11,Cavalo,6095,095,24,Veado,0186,186,22,Tigre
2026-09-01,PTV,16:30,5653,653,14,Gato,7765,765,17,Macaco,8880,880,20,Peru,1760,760,15,Jacaré,7059,059,15,Jacaré
2026-09-01,PTN,,2260,260,15,Jacaré,0835,835,09,Cobra,7752,752,13,Galo,3725,725,07,Carneiro,0091,091,23,Urso
2026-09-01,COR,21:30,9414,414,04,Borboleta,9427,427,07,Carneiro,6307,307,02,Águia,8210,210,03,Burro,8693,693,24,Veado
2026-09-02,PPT,09:30,8430,430,08,Camelo,4023,023,06,Cabra,6386,386,22,Tigre,8529,529,08,Camelo,0309,309,03,Burro
2026-09-02,PTM,11:30,3597,597,25,Vaca,7312,312,03,Burro,1538,538,10,Coelho,4158,158,15,Jacaré,8434,434,09,Cobra
2026-09-02,PT,14:30,6625,625,07,Carneiro,7529,529,08,Camelo,0086,086,22,Tigre,5824,824,06,Cabra,2751,751,13,Galo
2026-09-02,PTV,16:30,1266,266,17,Macaco,0504,504,01,Avestruz,2621,621,06,Cabra,9774,774,19,Pavão,1287,287,22,Tigre
2026-09-02,FED,,0921,921,06,Cabra,4230,230,08,Camelo,1189,189,23,Urso,2173,173,19,Pavão,7347,347,12,Elefante
2026-09-02,COR,21:30,6179,179,20,Peru,2826,826,07,Carneiro,0119,119,05,Cachorro,8665,665,17,Macaco,5553,553,14,Gato
2026-09-03,PPT,09:30,8733,733,09,Cobra,2626,626,07,Carneiro,4929,929,08,Camelo,8667,667,17,Macaco,9930,930,08,Camelo
2026-09-03,PTM,11:30,2717,717,05,Cachorro,9680,680,20,Peru,8631,631,08,Camelo,7969,969,18,Porco,6960,960,15,Jacaré
2026-09-03,PT,14:30,4299,299,25,Vaca,1017,017,05,Cachorro,6863,863,16,Leão,1283,283,21,Touro,3807,807,02,Águia
2026-09-03,PTV,16:30,7427,427,07,Carneiro,8871,871,18,Porco,4094,094,24,Veado,6067,067,17,Macaco,0657,657,15,Jacaré
2026-09-03,PTN,,5140,140,10,Coelho,0363,363,16,Leão,6176,176,19,Pavão,7463,463,16,Leão,6468,468,17,Macaco
2026-09-03,COR,21:30,5664,664,16,Leão,8013,013,04,Borboleta,8741,741,11,Cavalo,0733,733,09,Cobra,2582,582,21,Touro
2026-09-04,PPT,09:30,8785,785,22,Tigre,1952,952,13,Galo,3068,068,17,Macaco,6445,445,12,Elefante,7157,157,15,Jacaré
2026-09-04,PTM,11:30,2490,490,23,Urso,4228,228,07,Carneiro,2452,452,13,Galo,8191,191,23,Urso,8686,686,22,Tigre
2026-09-04,PT,14:30,1912,912,03,Burro,8353,353,14,Gato,8545,545,12,Elefante,3691,691,23,Urso,8257,257,15,Jacaré
2026-09-04,PTV,16:30,8249,249,13,Galo,8105,105,02,Águia,0238,238,10,Coelho,0245,245,12,Elefante,6875,875,19,Pavão
2026-09-04,PTN,,5075,075,19,Pavão,6454,454,14,Gato,9001,001,01,Avestruz,7572,572,18,Porco,3218,218,05,Cachorro
2026-09-04,COR,21:30,4058,058,15,Jacaré,4294,294,24,Veado,4911,911,03,Burro,8644,644,11,Cavalo,5782,782,21,Touro
2026-09-05,PPT,09:30,8819,819,05,Cachorro,1614,614,04,Borboleta,0763,763,16,Leão,8058,058,15,Jacaré,2948,948,12,Elefante
2026-09-05,PTM,11:30,1212,212,03,Burro,4668,668,17,Macaco,1277,277,20,Peru,0921,921,06,Cabra,3958,958,15,Jacaré
2026-09-05,PT,14:30,5538,538,10,Coelho,6702,702,01,Avestruz,0062,062,16,Leão,5325,325,07,Carneiro,6993,993,24,Veado
2026-09-05,PTV,16:30,3031,031,08,Camelo,4939,939,10,Coelho,5733,733,09,Cobra,8638,638,10,Coelho,4910,910,03,Burro
2026-09-05,PTN,,0788,788,22,Tigre,7207,207,02,Águia,9744,744,11,Cavalo,2777,777,20,Peru,2429,429,08,Camelo
2026-09-05,COR,21:30,5270,270,18,Porco,2075,075,19,Pavão,1214,214,04,Borboleta,9676,676,19,Pavão,9133,133,09,Cobra
2026-09-06,FED,,8337,337,10,Coelho,5904,904,01,Avestruz,7642,642,11,Cavalo,5308,308,02,Águia,8572,572,18,Porco
2026-09-06,PT,14:30,8213,213,04,Borboleta,5858,858,15,Jacaré,0996,996,24,Veado,1411,411,03,Burro,8924,924,06,Cabra
2026-09-06,PTV,16:30,5377,377,20,Peru,2178,178,20,Peru,3067,067,17,Macaco,8988,988,22,Tigre,4980,980,20,Peru
2026-09-07,PPT,09:30,2232,232,08,Camelo,2507,507,02,Águia,2443,443,11,Cavalo,1862,862,16,Leão,1342,342,11,Cavalo
2026-09-07,PTM,11:30,9308,308,02,Águia,6343,343,11,Cavalo,2366,366,17,Macaco,0605,605,02,Águia,0917,917,05,Cachorro
2026-09-07,PT,14:30,6275,275,19,Pavão,6303,303,01,Avestruz,9308,308,02,Águia,0957,957,15,Jacaré,1388,388,22,Tigre
2026-09-07,PTV,16:30,9043,043,11,Cavalo,5358,358,15,Jacaré,4761,761,16,Leão,1263,263,16,Leão,1511,511,03,Burro
2026-09-07,PTN,,5435,435,09,Cobra,4280,280,20,Peru,8913,913,04,Borboleta,3632,632,08,Camelo,2136,136,09,Cobra
2026-09-07,COR,21:30,1328,328,07,Carneiro,9981,981,21,Touro,3656,656,14,Gato,4536,536,09,Cobra,8734,734,09,Cobra
2026-09-08,PPT,09:30,7802,802,01,Avestruz,9040,040,10,Coelho,6326,326,07,Carneiro,0589,589,23,Urso,1514,514,04,Borboleta
2026-09-08,PTM,11:30,5901,901,01,Avestruz,5199,199,25,Vaca,8120,120,05,Cachorro,6535,535,09,Cobra,8758,758,15,Jacaré
2026-09-08,PT,14:30,6771,771,18,Porco,8707,707,02,Águia,1207,207,02,Águia,5152,152,13,Galo,6683,683,21,Touro
2026-09-08,PTV,16:30,8622,622,06,Cabra,4434,434,09,Cobra,2170,170,18,Porco,0460,460,15,Jacaré,3357,357,15,Jacaré
2026-09-08,PTN,,2307,307,02,Águia,5856,856,14,Gato,3762,762,16,Leão,3827,827,07,Carneiro,3412,412,03,Burro
2026-09-08,COR,21:30,8107,107,02,Águia,4807,807,02,Águia,6598,598,25,Vaca,1943,943,11,Cavalo,8704,704,01,Avestruz
2026-09-09,PPT,09:30,7155,155,14,Gato,7504,504,01,Avestruz,6403,403,01,Avestruz,9797,797,25,Vaca,2449,449,13,Galo
2026-09-09,PTM,11:30,7855,855,14,Gato,7269,269,18,Porco,7068,068,17,Macaco,0367,367,17,Macaco,4885,885,22,Tigre
2026-09-09,PT,14:30,5633,633,09,Cobra,0098,098,25,Vaca,4609,609,03,Burro,5557,557,15,Jacaré,5975,975,19,Pavão
2026-09-09,PTV,16:30,6514,514,04,Borboleta,9061,061,16,Leão,0368,368,17,Macaco,4362,362,16,Leão,0387,387,22,Tigre
2026-09-09,FED,,4423,423,06,Cabra,3481,481,21,Touro,7422,422,06,Cabra,7068,068,17,Macaco,7566,566,17,Macaco
2026-09-09,COR,21:30,4484,484,21,Touro,5093,093,24,Veado,2471,471,18,Porco,5379,379,20,Peru,1199,199,25,Vaca
2026-09-10,PPT,09:30,4981,981,21,Touro,1522,522,06,Cabra,8677,677,20,Peru,7039,039,10,Coelho,5650,650,13,Galo
2026-09-10,PTM,11:30,6036,036,09,Cobra,8097,097,25,Vaca,4814,814,04,Borboleta,4122,122,06,Cabra,1440,440,10,Coelho
2026-09-10,PT,14:30,8849,849,13,Galo,8077,077,20,Peru,6124,124,06,Cabra,8166,166,17,Macaco,1767,767,17,Macaco
2026-09-10,PTV,16:30,5072,072,18,Porco,1878,878,20,Peru,5796,796,24,Veado,9380,380,20,Peru,9749,749,13,Galo
2026-09-10,PTN,,4199,199,25,Vaca,9867,867,17,Macaco,2165,165,17,Macaco,4751,751,13,Galo,6535,535,09,Cobra
2026-09-10,COR,21:30,6242,242,11,Cavalo,3984,984,21,Touro,6741,741,11,Cavalo,1711,711,03,Burro,6506,506,02,Águia
2026-09-11,PPT,09:30,2568,568,17,Macaco,2406,406,02,Águia,0262,262,16,Leão,8011,011,03,Burro,4161,161,16,Leão
2026-09-11,PTM,11:30,0701,701,01,Avestruz,8948,948,12,Elefante,8593,593,24,Veado,6167,167,17,Macaco,0168,168,17,Macaco
2026-09-11,PT,14:30,8584,584,21,Touro,0387,387,22,Tigre,9162,162,16,Leão,6721,721,06,Cabra,1738,738,10,Coelho
2026-09-11,PTV,16:30,8872,872,18,Porco,1897,897,25,Vaca,1392,392,23,Urso,0909,909,03,Burro,3410,410,03,Burro
2026-09-11,PTN,,2276,276,19,Pavão,8257,257,15,Jacaré,7375,375,19,Pavão,8755,755,14,Gato,6803,803,01,Avestruz
2026-09-11,COR,21:30,9729,729,08,Camelo,5365,365,17,Macaco,6893,893,24,Veado,6327,327,07,Carneiro,1640,640,10,Coelho
2026-09-12,PPT,09:30,3009,009,03,Burro,4177,177,20,Peru,1453,453,14,Gato,1321,321,06,Cabra,6557,557,15,Jacaré
2026-09-12,PTM,11:30,4434,434,09,Cobra,8272,272,18,Porco,4322,322,06,Cabra,4576,576,19,Pavão,3753,753,14,Gato
2026-09-12,PT,14:30,8336,336,09,Cobra,6309,309,03,Burro,7417,417,05,Cachorro,6020,020,05,Cachorro,7567,567,17,Macaco
2026-09-12,PTV,16:30,5677,677,20,Peru,4554,554,14,Gato,2125,125,07,Carneiro,6642,642,11,Cavalo,6112,112,03,Burro
2026-09-12,PTN,,9758,758,15,Jacaré,3865,865,17,Macaco,9457,457,15,Jacaré,8520,520,05,Cachorro,9549,549,13,Galo
2026-09-12,COR,21:30,5028,028,07,Carneiro,0902,902,01,Avestruz,7800,800,25,Vaca,9477,477,20,Peru,9872,872,18,Porco
2026-09-13,FED,,0028,028,07,Carneiro,3895,895,24,Veado,5292,292,23,Urso,9375,375,19,Pavão,5594,594,24,Veado
2026-09-13,PT,14:30,3467,467,17,Macaco,3989,989,23,Urso,4458,458,15,Jacaré,9075,075,19,Pavão,9905,905,02,Águia
2026-09-13,PTV,16:30,8267,267,17,Macaco,8915,915,04,Borboleta,2804,804,01,Avestruz,9290,290,23,Urso,9589,589,23,Urso
2026-09-14,PPT,09:30,8662,662,16,Leão,4694,694,24,Veado,4414,414,04,Borboleta,0340,340,10,Coelho,5818,818,05,Cachorro
2026-09-14,PTM,11:30,2647,647,12,Elefante,8258,258,15,Jacaré,1568,568,17,Macaco,3195,195,24,Veado,7266,266,17,Macaco
