csvData,Tipo,Horario,Premio_1,Centena_1,Grupo_1,Bicho_1,Premio_2,Centena_2,Grupo_2,Bicho_2,Premio_3,Centena_3,Grupo_3,Bicho_3,Premio_4,Centena_4,Grupo_4,Bicho_4,Premio_5,Centena_5,Grupo_5,Bicho_5
2024-01-02,PTM,11:30,7369,369,18,Porco,3493,493,24,Veado,0634,634,09,Cobra,9656,656,14,Gato,9702,702,01,Avestruz
2024-01-02,PT,14:30,2468,468,17,Macaco,1670,670,18,Porco,3467,467,17,Macaco,3842,842,11,Cavalo,5009,009,03,Burro
2024-01-02,PTV,16:30,2344,344,11,Cavalo,8252,252,13,Galo,6439,439,10,Coelho,7307,307,02,Águia,3586,586,22,Tigre
2024-01-02,PTN,,4121,121,06,Cabra,9613,613,04,Borboleta,8082,082,21,Touro,8128,128,07,Carneiro,0995,995,24,Veado
2024-01-02,COR,21:30,2775,775,19,Pavão,6555,555,14,Gato,1404,404,01,Avestruz,9059,059,15,Jacaré,0841,841,11,Cavalo
2024-01-03,PPT,09:30,4905,905,02,Águia,1894,894,24,Veado,1235,235,09,Cobra,1846,846,12,Elefante,5512,512,03,Burro
2024-01-03,PTM,11:30,0783,783,21,Touro,3702,702,01,Avestruz,6389,389,23,Urso,6267,267,17,Macaco,4765,765,17,Macaco
2024-01-03,PT,14:30,1655,655,14,Gato,3137,137,10,Coelho,5973,973,19,Pavão,3659,659,15,Jacaré,4594,594,24,Veado
2024-01-03,PTV,16:30,5990,990,23,Urso,3531,531,08,Camelo,3960,960,15,Jacaré,9156,156,14,Gato,1163,163,16,Leão
2024-01-03,FED,,4638,638,10,Coelho,4100,100,25,Vaca,0597,597,25,Vaca,8263,263,16,Leão,6247,247,12,Elefante
2024-01-03,COR,21:30,0672,672,18,Porco,4884,884,21,Touro,4997,997,25,Vaca,5935,935,09,Cobra,9911,911,03,Burro
2024-01-04,PPT,09:30,9005,005,02,Águia,9948,948,12,Elefante,4439,439,10,Coelho,0176,176,19,Pavão,3603,603,01,Avestruz
2024-01-04,PTM,11:30,6159,159,15,Jacaré,3263,263,16,Leão,8082,082,21,Touro,8171,171,18,Porco,6043,043,11,Cavalo
2024-01-04,PT,14:30,1755,755,14,Gato,8118,118,05,Cachorro,0973,973,19,Pavão,9746,746,12,Elefante,6989,989,23,Urso
2024-01-04,PTV,16:30,4236,236,09,Cobra,9986,986,22,Tigre,4315,315,04,Borboleta,3503,503,01,Avestruz,2298,298,25,Vaca
2024-01-04,PTN,,5446,446,12,Elefante,0808,808,02,Águia,6959,959,15,Jacaré,4995,995,24,Veado,1217,217,05,Cachorro
2024-01-04,COR,21:30,5665,665,17,Macaco,0777,777,20,Peru,1016,016,04,Borboleta,6388,388,22,Tigre,8531,531,08,Camelo
2024-01-05,PPT,09:30,4967,967,17,Macaco,1075,075,19,Pavão,5205,205,02,Águia,4600,600,25,Vaca,4404,404,01,Avestruz
2024-01-05,PTM,11:30,1276,276,19,Pavão,8464,464,16,Leão,0966,966,17,Macaco,9730,730,08,Camelo,7141,141,11,Cavalo
2024-01-05,PT,14:30,4875,875,19,Pavão,6559,559,15,Jacaré,7195,195,24,Veado,4256,256,14,Gato,5833,833,09,Cobra
2024-01-05,PTV,16:30,9808,808,02,Águia,8397,397,25,Vaca,3395,395,24,Veado,8000,000,25,Vaca,9673,673,19,Pavão
2024-01-05,PTN,,4818,818,05,Cachorro,4393,393,24,Veado,9684,684,21,Touro,6239,239,10,Coelho,1440,440,10,Coelho
2024-01-05,COR,21:30,3352,352,13,Galo,1425,425,07,Carneiro,2480,480,20,Peru,6360,360,15,Jacaré,0810,810,03,Burro
2024-01-06,PPT,09:30,0619,619,05,Cachorro,0594,594,24,Veado,1974,974,19,Pavão,6854,854,14,Gato,8561,561,16,Leão
2024-01-06,PTM,11:30,0947,947,12,Elefante,1769,769,18,Porco,9950,950,13,Galo,1428,428,07,Carneiro,4927,927,07,Carneiro
2024-01-06,PT,14:30,7553,553,14,Gato,3539,539,10,Coelho,9911,911,03,Burro,2726,726,07,Carneiro,2136,136,09,Cobra
2024-01-06,PTV,16:30,1723,723,06,Cabra,2093,093,24,Veado,1709,709,03,Burro,5881,881,21,Touro,9722,722,06,Cabra
2024-01-06,FED,,6169,169,18,Porco,8908,908,02,Águia,3616,616,04,Borboleta,8535,535,09,Cobra,8317,317,05,Cachorro
2024-01-06,COR,21:30,4459,459,15,Jacaré,2002,002,01,Avestruz,9432,432,08,Camelo,8470,470,18,Porco,3086,086,22,Tigre
2024-01-07,PPT,09:30,5209,209,03,Burro,0803,803,01,Avestruz,3169,169,18,Porco,6539,539,10,Coelho,9083,083,21,Touro
2024-01-07,PTM,11:30,2111,111,03,Burro,6803,803,01,Avestruz,5930,930,08,Camelo,8464,464,16,Leão,1025,025,07,Carneiro
2024-01-07,PT,14:30,9800,800,25,Vaca,6210,210,03,Burro,8740,740,10,Coelho,4530,530,08,Camelo,7986,986,22,Tigre
2024-01-07,PTV,16:30,1287,287,22,Tigre,0826,826,07,Carneiro,4708,708,02,Águia,6578,578,20,Peru,0376,376,19,Pavão
2024-01-08,PPT,09:30,6084,084,21,Touro,0216,216,04,Borboleta,2652,652,13,Galo,9323,323,06,Cabra,1037,037,10,Coelho
2024-01-08,PTM,11:30,7083,083,21,Touro,0164,164,16,Leão,1457,457,15,Jacaré,3274,274,19,Pavão,0383,383,21,Touro
2024-01-08,PT,14:30,5004,004,01,Avestruz,1951,951,13,Galo,0016,016,04,Borboleta,7353,353,14,Gato,1822,822,06,Cabra
2024-01-08,PTV,16:30,9261,261,16,Leão,8479,479,20,Peru,6104,104,01,Avestruz,0653,653,14,Gato,1691,691,23,Urso
2024-01-08,PTN,,9606,606,02,Águia,0500,500,25,Vaca,8317,317,05,Cachorro,2548,548,12,Elefante,4025,025,07,Carneiro
2024-01-08,COR,21:30,7745,745,12,Elefante,5070,070,18,Porco,3104,104,01,Avestruz,5772,772,18,Porco,6829,829,08,Camelo
2024-01-09,PPT,09:30,1877,877,20,Peru,4858,858,15,Jacaré,6452,452,13,Galo,2517,517,05,Cachorro,2759,759,15,Jacaré
2024-01-09,PTM,11:30,0796,796,24,Veado,9092,092,23,Urso,6945,945,12,Elefante,0149,149,13,Galo,9395,395,24,Veado
2024-01-09,PT,14:30,8233,233,09,Cobra,1365,365,17,Macaco,2190,190,23,Urso,6551,551,13,Galo,8121,121,06,Cabra
2024-01-09,PTV,16:30,4509,509,03,Burro,5611,611,03,Burro,5202,202,01,Avestruz,3459,459,15,Jacaré,4187,187,22,Tigre
2024-01-09,PTN,,5116,116,04,Borboleta,6541,541,11,Cavalo,5872,872,18,Porco,6109,109,03,Burro,5245,245,12,Elefante
2024-01-09,COR,21:30,0712,712,03,Burro,4487,487,22,Tigre,7141,141,11,Cavalo,8047,047,12,Elefante,1079,079,20,Peru
2024-01-10,PPT,09:30,9305,305,02,Águia,0756,756,14,Gato,6622,622,06,Cabra,9544,544,11,Cavalo,0282,282,21,Touro
2024-01-10,PTM,11:30,3191,191,23,Urso,4727,727,07,Carneiro,6844,844,11,Cavalo,4766,766,17,Macaco,6434,434,09,Cobra
2024-01-10,PT,14:30,0993,993,24,Veado,1946,946,12,Elefante,9728,728,07,Carneiro,0772,772,18,Porco,4425,425,07,Carneiro
2024-01-10,PTV,16:30,4410,410,03,Burro,4773,773,19,Pavão,1150,150,13,Galo,8058,058,15,Jacaré,8073,073,19,Pavão
2024-01-10,FED,,1528,528,07,Carneiro,0321,321,06,Cabra,7592,592,23,Urso,5960,960,15,Jacaré,1479,479,20,Peru
2024-01-10,COR,21:30,0369,369,18,Porco,6195,195,24,Veado,1821,821,06,Cabra,9095,095,24,Veado,8560,560,15,Jacaré
2024-01-11,PPT,09:30,2017,017,05,Cachorro,2751,751,13,Galo,6817,817,05,Cachorro,5179,179,20,Peru,6228,228,07,Carneiro
2024-01-11,PTM,11:30,4234,234,09,Cobra,6568,568,17,Macaco,5895,895,24,Veado,3821,821,06,Cabra,2529,529,08,Camelo
2024-01-11,PT,14:30,2955,955,14,Gato,2916,916,04,Borboleta,0570,570,18,Porco,3843,843,11,Cavalo,1602,602,01,Avestruz
2024-01-11,PTV,16:30,1043,043,11,Cavalo,7839,839,10,Coelho,6858,858,15,Jacaré,8164,164,16,Leão,1105,105,02,Águia
2024-01-11,PTN,,2563,563,16,Leão,3405,405,02,Águia,6459,459,15,Jacaré,8802,802,01,Avestruz,4610,610,03,Burro
2024-01-11,COR,21:30,2030,030,08,Camelo,2642,642,11,Cavalo,1262,262,16,Leão,7936,936,09,Cobra,3233,233,09,Cobra
2024-01-12,PPT,09:30,6370,370,18,Porco,6894,894,24,Veado,3041,041,11,Cavalo,1281,281,21,Touro,2590,590,23,Urso
2024-01-12,PTM,11:30,0509,509,03,Burro,9998,998,25,Vaca,7554,554,14,Gato,8063,063,16,Leão,7345,345,12,Elefante
2024-01-12,PT,14:30,4407,407,02,Águia,9160,160,15,Jacaré,4848,848,12,Elefante,6760,760,15,Jacaré,9235,235,09,Cobra
2024-01-12,PTV,16:30,9668,668,17,Macaco,7409,409,03,Burro,5849,849,13,Galo,7014,014,04,Borboleta,4776,776,19,Pavão
2024-01-12,PTN,,0618,618,05,Cachorro,6383,383,21,Touro,4795,795,24,Veado,8317,317,05,Cachorro,4468,468,17,Macaco
2024-01-12,COR,21:30,1512,512,03,Burro,5804,804,01,Avestruz,8863,863,16,Leão,0476,476,19,Pavão,2472,472,18,Porco
2024-01-13,PPT,09:30,1204,204,01,Avestruz,3370,370,18,Porco,7202,202,01,Avestruz,6672,672,18,Porco,1010,010,03,Burro
2024-01-13,PTM,11:30,8533,533,09,Cobra,3706,706,02,Águia,1573,573,19,Pavão,8489,489,23,Urso,6571,571,18,Porco
2024-01-13,PT,14:30,5962,962,16,Leão,2533,533,09,Cobra,4188,188,22,Tigre,9791,791,23,Urso,9599,599,25,Vaca
2024-01-13,PTV,16:30,9223,223,06,Cabra,1185,185,22,Tigre,0978,978,20,Peru,8494,494,24,Veado,5365,365,17,Macaco
2024-01-13,FED,,2673,673,19,Pavão,6077,077,20,Peru,5213,213,04,Borboleta,1326,326,07,Carneiro,7138,138,10,Coelho
2024-01-13,COR,21:30,6174,174,19,Pavão,6010,010,03,Burro,7390,390,23,Urso,5239,239,10,Coelho,0082,082,21,Touro
2024-01-14,PPT,09:30,3668,668,17,Macaco,2852,852,13,Galo,8010,010,03,Burro,4099,099,25,Vaca,4902,902,01,Avestruz
2024-01-14,PTM,11:30,7578,578,20,Peru,0107,107,02,Águia,3691,691,23,Urso,1650,650,13,Galo,5628,628,07,Carneiro
2024-01-14,PT,14:30,6898,898,25,Vaca,8166,166,17,Macaco,2891,891,23,Urso,3128,128,07,Carneiro,0388,388,22,Tigre
2024-01-14,PTV,16:30,2692,692,23,Urso,4274,274,19,Pavão,6538,538,10,Coelho,7475,475,19,Pavão,5318,318,05,Cachorro
2024-01-15,PPT,09:30,0634,634,09,Cobra,1620,620,05,Cachorro,1477,477,20,Peru,3849,849,13,Galo,0732,732,08,Camelo
2024-01-15,PTM,11:30,6842,842,11,Cavalo,7503,503,01,Avestruz,5374,374,19,Pavão,4523,523,06,Cabra,3131,131,08,Camelo
2024-01-15,PT,14:30,1455,455,14,Gato,1983,983,21,Touro,2203,203,01,Avestruz,5043,043,11,Cavalo,1486,486,22,Tigre
2024-01-15,PTV,16:30,2113,113,04,Borboleta,6065,065,17,Macaco,4463,463,16,Leão,9365,365,17,Macaco,4536,536,09,Cobra
2024-01-15,PTN,,8505,505,02,Águia,2080,080,20,Peru,8593,593,24,Veado,2683,683,21,Touro,3961,961,16,Leão
2024-01-15,COR,21:30,9100,100,25,Vaca,1839,839,10,Coelho,1454,454,14,Gato,9850,850,13,Galo,6488,488,22,Tigre
2024-01-16,PPT,09:30,1298,298,25,Vaca,1468,468,17,Macaco,7547,547,12,Elefante,0810,810,03,Burro,4130,130,08,Camelo
2024-01-16,PTM,11:30,8944,944,11,Cavalo,0206,206,02,Águia,1612,612,03,Burro,5096,096,24,Veado,0569,569,18,Porco
2024-01-16,PT,14:30,5665,665,17,Macaco,3843,843,11,Cavalo,4855,855,14,Gato,0309,309,03,Burro,6827,827,07,Carneiro
2024-01-16,PTV,16:30,6595,595,24,Veado,5844,844,11,Cavalo,6228,228,07,Carneiro,6252,252,13,Galo,4700,700,25,Vaca
2024-01-16,PTN,,9195,195,24,Veado,7365,365,17,Macaco,7793,793,24,Veado,5012,012,03,Burro,7239,239,10,Coelho
2024-01-16,COR,21:30,9233,233,09,Cobra,9074,074,19,Pavão,3459,459,15,Jacaré,6787,787,22,Tigre,6457,457,15,Jacaré
2024-01-17,PPT,09:30,7574,574,19,Pavão,8916,916,04,Borboleta,6345,345,12,Elefante,0563,563,16,Leão,0026,026,07,Carneiro
2024-01-17,PTM,11:30,3375,375,19,Pavão,8767,767,17,Macaco,5614,614,04,Borboleta,4782,782,21,Touro,5900,900,25,Vaca
2024-01-17,PT,14:30,5032,032,08,Camelo,6799,799,25,Vaca,4540,540,10,Coelho,5126,126,07,Carneiro,2430,430,08,Camelo
2024-01-17,PTV,16:30,9770,770,18,Porco,5691,691,23,Urso,4918,918,05,Cachorro,7568,568,17,Macaco,4866,866,17,Macaco
2024-01-17,FED,,0541,541,11,Cavalo,3795,795,24,Veado,9078,078,20,Peru,2550,550,13,Galo,7258,258,15,Jacaré
2024-01-17,COR,21:30,3045,045,12,Elefante,4246,246,12,Elefante,9564,564,16,Leão,4219,219,05,Cachorro,5505,505,02,Águia
2024-01-18,PPT,09:30,0965,965,17,Macaco,2274,274,19,Pavão,7841,841,11,Cavalo,2160,160,15,Jacaré,1852,852,13,Galo
2024-01-18,PTM,11:30,9086,086,22,Tigre,4693,693,24,Veado,1854,854,14,Gato,9947,947,12,Elefante,5050,050,13,Galo
2024-01-18,PT,14:30,7303,303,01,Avestruz,5574,574,19,Pavão,9968,968,17,Macaco,3545,545,12,Elefante,2935,935,09,Cobra
2024-01-18,PTV,16:30,0555,555,14,Gato,2127,127,07,Carneiro,1991,991,23,Urso,5262,262,16,Leão,2818,818,05,Cachorro
2024-01-18,PTN,,5975,975,19,Pavão,7495,495,24,Veado,7698,698,25,Vaca,3388,388,22,Tigre,7484,484,21,Touro
2024-01-18,COR,21:30,2558,558,15,Jacaré,1116,116,04,Borboleta,2209,209,03,Burro,4617,617,05,Cachorro,8055,055,14,Gato
2024-01-19,PPT,09:30,5001,001,01,Avestruz,4676,676,19,Pavão,4343,343,11,Cavalo,5494,494,24,Veado,9926,926,07,Carneiro
2024-01-19,PTM,11:30,6564,564,16,Leão,9918,918,05,Cachorro,6127,127,07,Carneiro,5958,958,15,Jacaré,8850,850,13,Galo
2024-01-19,PT,14:30,6108,108,02,Águia,2645,645,12,Elefante,3293,293,24,Veado,0350,350,13,Galo,2794,794,24,Veado
2024-01-19,PTV,16:30,8116,116,04,Borboleta,4072,072,18,Porco,0785,785,22,Tigre,0900,900,25,Vaca,0234,234,09,Cobra
2024-01-19,PTN,,2227,227,07,Carneiro,0828,828,07,Carneiro,8462,462,16,Leão,2455,455,14,Gato,6596,596,24,Veado
2024-01-19,COR,21:30,3480,480,20,Peru,5241,241,11,Cavalo,0264,264,16,Leão,1726,726,07,Carneiro,8274,274,19,Pavão
2024-01-20,PPT,09:30,4222,222,06,Cabra,7604,604,01,Avestruz,4336,336,09,Cobra,1715,715,04,Borboleta,0408,408,02,Águia
2024-01-20,PTM,11:30,5843,843,11,Cavalo,8211,211,03,Burro,3426,426,07,Carneiro,0611,611,03,Burro,2230,230,08,Camelo
2024-01-20,PT,14:30,5862,862,16,Leão,7453,453,14,Gato,7809,809,03,Burro,6055,055,14,Gato,5518,518,05,Cachorro
2024-01-20,PTV,16:30,4802,802,01,Avestruz,2367,367,17,Macaco,3175,175,19,Pavão,8829,829,08,Camelo,0923,923,06,Cabra
2024-01-20,FED,,2605,605,02,Águia,0663,663,16,Leão,1627,627,07,Carneiro,6376,376,19,Pavão,0453,453,14,Gato
2024-01-20,COR,21:30,6230,230,08,Camelo,5819,819,05,Cachorro,4398,398,25,Vaca,1605,605,02,Águia,9630,630,08,Camelo
2024-01-21,PPT,09:30,2106,106,02,Águia,6116,116,04,Borboleta,2183,183,21,Touro,5545,545,12,Elefante,6910,910,03,Burro
2024-01-21,PTM,11:30,3863,863,16,Leão,1021,021,06,Cabra,7257,257,15,Jacaré,2688,688,22,Tigre,7334,334,09,Cobra
2024-01-21,PT,14:30,5514,514,04,Borboleta,8065,065,17,Macaco,9704,704,01,Avestruz,8268,268,17,Macaco,9034,034,09,Cobra
2024-01-21,PTV,16:30,5282,282,21,Touro,5061,061,16,Leão,9344,344,11,Cavalo,2143,143,11,Cavalo,5783,783,21,Touro
2024-01-22,PPT,09:30,2532,532,08,Camelo,8962,962,16,Leão,1128,128,07,Carneiro,2894,894,24,Veado,0384,384,21,Touro
2024-01-22,PTM,11:30,6176,176,19,Pavão,0907,907,02,Águia,9770,770,18,Porco,9055,055,14,Gato,6904,904,01,Avestruz
2024-01-22,PT,14:30,0480,480,20,Peru,3116,116,04,Borboleta,5454,454,14,Gato,7980,980,20,Peru,5703,703,01,Avestruz
2024-01-22,PTV,16:30,0945,945,12,Elefante,2615,615,04,Borboleta,2949,949,13,Galo,3587,587,22,Tigre,9100,100,25,Vaca
2024-01-22,PTN,,6870,870,18,Porco,4256,256,14,Gato,1000,000,25,Vaca,2795,795,24,Veado,0906,906,02,Águia
2024-01-22,COR,21:30,6175,175,19,Pavão,2645,645,12,Elefante,6680,680,20,Peru,4304,304,01,Avestruz,2355,355,14,Gato
2024-01-23,PPT,09:30,2357,357,15,Jacaré,0331,331,08,Camelo,0555,555,14,Gato,5888,888,22,Tigre,6977,977,20,Peru
2024-01-23,PTM,11:30,7157,157,15,Jacaré,3674,674,19,Pavão,0030,030,08,Camelo,1580,580,20,Peru,2857,857,15,Jacaré
2024-01-23,PT,14:30,2402,402,01,Avestruz,8730,730,08,Camelo,9777,777,20,Peru,2282,282,21,Touro,7631,631,08,Camelo
2024-01-23,PTV,16:30,1360,360,15,Jacaré,4201,201,01,Avestruz,6737,737,10,Coelho,0784,784,21,Touro,5943,943,11,Cavalo
2024-01-23,PTN,,1018,018,05,Cachorro,9465,465,17,Macaco,8229,229,08,Camelo,4856,856,14,Gato,5102,102,01,Avestruz
2024-01-23,COR,21:30,4830,830,08,Camelo,1452,452,13,Galo,7510,510,03,Burro,0243,243,11,Cavalo,6802,802,01,Avestruz
2024-01-24,PPT,09:30,3421,421,06,Cabra,2030,030,08,Camelo,3378,378,20,Peru,5632,632,08,Camelo,3103,103,01,Avestruz
2024-01-24,PTM,11:30,3194,194,24,Veado,6708,708,02,Águia,6540,540,10,Coelho,2442,442,11,Cavalo,9998,998,25,Vaca
2024-01-24,PT,14:30,6146,146,12,Elefante,2333,333,09,Cobra,4020,020,05,Cachorro,8550,550,13,Galo,1794,794,24,Veado
2024-01-24,PTV,16:30,3259,259,15,Jacaré,6898,898,25,Vaca,0530,530,08,Camelo,7187,187,22,Tigre,5316,316,04,Borboleta
2024-01-24,FED,,7637,637,10,Coelho,2964,964,16,Leão,6159,159,15,Jacaré,2826,826,07,Carneiro,4544,544,11,Cavalo
2024-01-24,COR,21:30,7898,898,25,Vaca,3823,823,06,Cabra,3191,191,23,Urso,1513,513,04,Borboleta,5955,955,14,Gato
2024-01-25,PPT,09:30,3751,751,13,Galo,1426,426,07,Carneiro,9834,834,09,Cobra,3687,687,22,Tigre,7530,530,08,Camelo
2024-01-25,PTM,11:30,3332,332,08,Camelo,6446,446,12,Elefante,0729,729,08,Camelo,7927,927,07,Carneiro,3475,475,19,Pavão
2024-01-25,PT,14:30,7917,917,05,Cachorro,9340,340,10,Coelho,1008,008,02,Águia,3689,689,23,Urso,3908,908,02,Águia
2024-01-25,PTV,16:30,4348,348,12,Elefante,9757,757,15,Jacaré,2900,900,25,Vaca,5071,071,18,Porco,8785,785,22,Tigre
2024-01-25,PTN,,8738,738,10,Coelho,4458,458,15,Jacaré,7802,802,01,Avestruz,6402,402,01,Avestruz,4624,624,06,Cabra
2024-01-25,COR,21:30,4383,383,21,Touro,0485,485,22,Tigre,5470,470,18,Porco,7184,184,21,Touro,0742,742,11,Cavalo
2024-01-26,PPT,09:30,8916,916,04,Borboleta,4794,794,24,Veado,8477,477,20,Peru,6001,001,01,Avestruz,9759,759,15,Jacaré
2024-01-26,PTM,11:30,2045,045,12,Elefante,5057,057,15,Jacaré,6833,833,09,Cobra,3821,821,06,Cabra,7754,754,14,Gato
2024-01-26,PT,14:30,8865,865,17,Macaco,8452,452,13,Galo,8444,444,11,Cavalo,9916,916,04,Borboleta,6319,319,05,Cachorro
2024-01-26,PTV,16:30,6919,919,05,Cachorro,0945,945,12,Elefante,2187,187,22,Tigre,0561,561,16,Leão,2811,811,03,Burro
2024-01-26,PTN,,8761,761,16,Leão,6170,170,18,Porco,8956,956,14,Gato,9945,945,12,Elefante,2876,876,19,Pavão
2024-01-26,COR,21:30,6078,078,20,Peru,9563,563,16,Leão,2662,662,16,Leão,4593,593,24,Veado,6771,771,18,Porco
2024-01-27,PPT,09:30,1821,821,06,Cabra,6345,345,12,Elefante,4233,233,09,Cobra,3656,656,14,Gato,3671,671,18,Porco
2024-01-27,PTM,11:30,4753,753,14,Gato,2061,061,16,Leão,0265,265,17,Macaco,0843,843,11,Cavalo,2625,625,07,Carneiro
2024-01-27,PT,14:30,1833,833,09,Cobra,2417,417,05,Cachorro,8305,305,02,Águia,4708,708,02,Águia,7663,663,16,Leão
2024-01-27,PTV,16:30,0352,352,13,Galo,3089,089,23,Urso,9795,795,24,Veado,7270,270,18,Porco,3913,913,04,Borboleta
2024-01-27,FED,,5561,561,16,Leão,9220,220,05,Cachorro,7273,273,19,Pavão,7749,749,13,Galo,1166,166,17,Macaco
2024-01-27,COR,21:30,4267,267,17,Macaco,0407,407,02,Águia,1934,934,09,Cobra,7444,444,11,Cavalo,8455,455,14,Gato
2024-01-28,PPT,09:30,4815,815,04,Borboleta,1837,837,10,Coelho,1778,778,20,Peru,0888,888,22,Tigre,2403,403,01,Avestruz
2024-01-28,PTM,11:30,6510,510,03,Burro,5108,108,02,Águia,9400,400,25,Vaca,3131,131,08,Camelo,2489,489,23,Urso
2024-01-28,PT,14:30,8448,448,12,Elefante,9725,725,07,Carneiro,8221,221,06,Cabra,0589,589,23,Urso,5310,310,03,Burro
2024-01-28,PTV,16:30,4444,444,11,Cavalo,4319,319,05,Cachorro,4658,658,15,Jacaré,7509,509,03,Burro,5725,725,07,Carneiro
2024-01-29,PPT,09:30,5079,079,20,Peru,4759,759,15,Jacaré,4755,755,14,Gato,1456,456,14,Gato,3635,635,09,Cobra
2024-01-29,PTM,11:30,6625,625,07,Carneiro,0005,005,02,Águia,1365,365,17,Macaco,2201,201,01,Avestruz,7134,134,09,Cobra
2024-01-29,PT,14:30,3937,937,10,Coelho,3136,136,09,Cobra,4901,901,01,Avestruz,1823,823,06,Cabra,4116,116,04,Borboleta
2024-01-29,PTV,16:30,6085,085,22,Tigre,1462,462,16,Leão,9654,654,14,Gato,8455,455,14,Gato,2570,570,18,Porco
2024-01-29,PTN,,8558,558,15,Jacaré,3743,743,11,Cavalo,2521,521,06,Cabra,7249,249,13,Galo,0615,615,04,Borboleta
2024-01-29,COR,21:30,8776,776,19,Pavão,3879,879,20,Peru,2046,046,12,Elefante,1709,709,03,Burro,7933,933,09,Cobra
2024-01-30,PPT,09:30,6049,049,13,Galo,8848,848,12,Elefante,7559,559,15,Jacaré,1476,476,19,Pavão,0667,667,17,Macaco
2024-01-30,PTM,11:30,9109,109,03,Burro,5924,924,06,Cabra,8612,612,03,Burro,5543,543,11,Cavalo,7878,878,20,Peru
2024-01-30,PT,14:30,9962,962,16,Leão,3512,512,03,Burro,2523,523,06,Cabra,2187,187,22,Tigre,6304,304,01,Avestruz
2024-01-30,PTV,16:30,9107,107,02,Águia,2349,349,13,Galo,2973,973,19,Pavão,5622,622,06,Cabra,4207,207,02,Águia
2024-01-30,PTN,,5404,404,01,Avestruz,0381,381,21,Touro,6764,764,16,Leão,5747,747,12,Elefante,1905,905,02,Águia
2024-01-30,COR,21:30,9306,306,02,Águia,9305,305,02,Águia,3667,667,17,Macaco,8137,137,10,Coelho,0732,732,08,Camelo
2024-01-31,PPT,09:30,3482,482,21,Touro,2865,865,17,Macaco,0669,669,18,Porco,7430,430,08,Camelo,9160,160,15,Jacaré
2024-01-31,PTM,11:30,6591,591,23,Urso,4300,300,25,Vaca,6086,086,22,Tigre,5733,733,09,Cobra,8646,646,12,Elefante
2024-01-31,PT,14:30,4559,559,15,Jacaré,3824,824,06,Cabra,4965,965,17,Macaco,9539,539,10,Coelho,1634,634,09,Cobra
2024-01-31,PTV,16:30,7747,747,12,Elefante,0114,114,04,Borboleta,9035,035,09,Cobra,5427,427,07,Carneiro,5872,872,18,Porco
2024-01-31,FED,,6997,997,25,Vaca,7026,026,07,Carneiro,2206,206,02,Águia,3068,068,17,Macaco,3713,713,04,Borboleta
2024-01-31,COR,21:30,3504,504,01,Avestruz,2265,265,17,Macaco,3791,791,23,Urso,8751,751,13,Galo,9468,468,17,Macaco
2024-02-01,PPT,09:30,6712,712,03,Burro,5345,345,12,Elefante,6277,277,20,Peru,7564,564,16,Leão,8963,963,16,Leão
2024-02-01,PTM,11:30,9089,089,23,Urso,9135,135,09,Cobra,7131,131,08,Camelo,9918,918,05,Cachorro,5642,642,11,Cavalo
2024-02-01,PT,14:30,9505,505,02,Águia,8929,929,08,Camelo,6953,953,14,Gato,0377,377,20,Peru,2816,816,04,Borboleta
2024-02-01,PTV,16:30,8934,934,09,Cobra,7629,629,08,Camelo,9528,528,07,Carneiro,6229,229,08,Camelo,8119,119,05,Cachorro
2024-02-01,PTN,,2077,077,20,Peru,0817,817,05,Cachorro,7919,919,05,Cachorro,4431,431,08,Camelo,0917,917,05,Cachorro
2024-02-01,COR,21:30,3581,581,21,Touro,1015,015,04,Borboleta,1460,460,15,Jacaré,6391,391,23,Urso,0050,050,13,Galo
2024-02-02,PPT,09:30,9118,118,05,Cachorro,3989,989,23,Urso,0613,613,04,Borboleta,9534,534,09,Cobra,0089,089,23,Urso
2024-02-02,PTM,11:30,9578,578,20,Peru,0038,038,10,Coelho,8214,214,04,Borboleta,9390,390,23,Urso,8083,083,21,Touro
2024-02-02,PT,14:30,2447,447,12,Elefante,2829,829,08,Camelo,5322,322,06,Cabra,9820,820,05,Cachorro,3798,798,25,Vaca
2024-02-02,PTV,16:30,6112,112,03,Burro,9046,046,12,Elefante,1055,055,14,Gato,6060,060,15,Jacaré,6033,033,09,Cobra
2024-02-02,PTN,,9694,694,24,Veado,0014,014,04,Borboleta,0495,495,24,Veado,5531,531,08,Camelo,9603,603,01,Avestruz
2024-02-02,COR,21:30,3556,556,14,Gato,2317,317,05,Cachorro,4791,791,23,Urso,5919,919,05,Cachorro,7618,618,05,Cachorro
2024-02-03,PPT,09:30,4641,641,11,Cavalo,8549,549,13,Galo,6732,732,08,Camelo,1623,623,06,Cabra,3479,479,20,Peru
2024-02-03,PTM,11:30,6558,558,15,Jacaré,4827,827,07,Carneiro,6767,767,17,Macaco,8278,278,20,Peru,0446,446,12,Elefante
2024-02-03,PT,14:30,8990,990,23,Urso,2941,941,11,Cavalo,7773,773,19,Pavão,0999,999,25,Vaca,9032,032,08,Camelo
2024-02-03,PTV,16:30,1085,085,22,Tigre,6180,180,20,Peru,4991,991,23,Urso,5492,492,23,Urso,0410,410,03,Burro
2024-02-03,FED,,0122,122,06,Cabra,7723,723,06,Cabra,5087,087,22,Tigre,6875,875,19,Pavão,2072,072,18,Porco
2024-02-03,COR,21:30,0321,321,06,Cabra,1024,024,06,Cabra,7523,523,06,Cabra,8085,085,22,Tigre,3809,809,03,Burro
2024-02-04,PPT,09:30,5327,327,07,Carneiro,1751,751,13,Galo,6060,060,15,Jacaré,1560,560,15,Jacaré,1456,456,14,Gato
2024-02-04,PTM,11:30,0880,880,20,Peru,4085,085,22,Tigre,1912,912,03,Burro,0100,100,25,Vaca,3237,237,10,Coelho
2024-02-04,PT,14:30,2486,486,22,Tigre,3637,637,10,Coelho,5502,502,01,Avestruz,8401,401,01,Avestruz,4022,022,06,Cabra
2024-02-04,PTV,16:30,9164,164,16,Leão,7784,784,21,Touro,7484,484,21,Touro,5504,504,01,Avestruz,7124,124,06,Cabra
2024-02-05,PPT,09:30,4918,918,05,Cachorro,1880,880,20,Peru,9302,302,01,Avestruz,4330,330,08,Camelo,4640,640,10,Coelho
2024-02-05,PTM,11:30,6143,143,11,Cavalo,7592,592,23,Urso,3073,073,19,Pavão,3970,970,18,Porco,1910,910,03,Burro
2024-02-05,PT,14:30,0480,480,20,Peru,2818,818,05,Cachorro,9092,092,23,Urso,0132,132,08,Camelo,5094,094,24,Veado
2024-02-05,PTV,16:30,0543,543,11,Cavalo,7359,359,15,Jacaré,1419,419,05,Cachorro,9573,573,19,Pavão,5669,669,18,Porco
2024-02-05,PTN,,5743,743,11,Cavalo,5922,922,06,Cabra,6969,969,18,Porco,7756,756,14,Gato,4253,253,14,Gato
2024-02-05,COR,21:30,4313,313,04,Borboleta,8761,761,16,Leão,8861,861,16,Leão,8079,079,20,Peru,8111,111,03,Burro
2024-02-06,PPT,09:30,9444,444,11,Cavalo,6747,747,12,Elefante,2064,064,16,Leão,4009,009,03,Burro,5961,961,16,Leão
2024-02-06,PTM,11:30,0655,655,14,Gato,1636,636,09,Cobra,6531,531,08,Camelo,1792,792,23,Urso,4651,651,13,Galo
2024-02-06,PT,14:30,7694,694,24,Veado,3716,716,04,Borboleta,4829,829,08,Camelo,5594,594,24,Veado,9051,051,13,Galo
2024-02-06,PTV,16:30,2745,745,12,Elefante,2141,141,11,Cavalo,0430,430,08,Camelo,1168,168,17,Macaco,3829,829,08,Camelo
2024-02-06,PTN,,9420,420,05,Cachorro,8737,737,10,Coelho,5048,048,12,Elefante,0819,819,05,Cachorro,7816,816,04,Borboleta
2024-02-06,COR,21:30,2570,570,18,Porco,2514,514,04,Borboleta,0323,323,06,Cabra,6042,042,11,Cavalo,5315,315,04,Borboleta
2024-02-07,PPT,09:30,6594,594,24,Veado,0541,541,11,Cavalo,4005,005,02,Águia,7816,816,04,Borboleta,6168,168,17,Macaco
2024-02-07,PTM,11:30,2903,903,01,Avestruz,2406,406,02,Águia,7420,420,05,Cachorro,1984,984,21,Touro,1704,704,01,Avestruz
2024-02-07,PT,14:30,4523,523,06,Cabra,3836,836,09,Cobra,0667,667,17,Macaco,3242,242,11,Cavalo,9971,971,18,Porco
2024-02-07,PTV,16:30,0182,182,21,Touro,9242,242,11,Cavalo,8060,060,15,Jacaré,4450,450,13,Galo,9703,703,01,Avestruz
2024-02-07,FED,,1632,632,08,Camelo,7822,822,06,Cabra,3137,137,10,Coelho,2365,365,17,Macaco,4518,518,05,Cachorro
2024-02-07,COR,21:30,8686,686,22,Tigre,2446,446,12,Elefante,0996,996,24,Veado,1197,197,25,Vaca,0966,966,17,Macaco
2024-02-08,PPT,09:30,4161,161,16,Leão,2638,638,10,Coelho,8752,752,13,Galo,7803,803,01,Avestruz,4871,871,18,Porco
2024-02-08,PTM,11:30,8499,499,25,Vaca,0953,953,14,Gato,7930,930,08,Camelo,5978,978,20,Peru,2759,759,15,Jacaré
2024-02-08,PT,14:30,2650,650,13,Galo,8273,273,19,Pavão,0256,256,14,Gato,9816,816,04,Borboleta,9311,311,03,Burro
2024-02-08,PTV,16:30,5225,225,07,Carneiro,7850,850,13,Galo,3263,263,16,Leão,1654,654,14,Gato,4285,285,22,Tigre
2024-02-08,PTN,,7825,825,07,Carneiro,5961,961,16,Leão,8056,056,14,Gato,5141,141,11,Cavalo,2940,940,10,Coelho
2024-02-08,COR,21:30,5271,271,18,Porco,9778,778,20,Peru,5563,563,16,Leão,2687,687,22,Tigre,5177,177,20,Peru
2024-02-09,PPT,09:30,2965,965,17,Macaco,9736,736,09,Cobra,1951,951,13,Galo,0665,665,17,Macaco,2256,256,14,Gato
2024-02-09,PTM,11:30,8100,100,25,Vaca,9717,717,05,Cachorro,9697,697,25,Vaca,5196,196,24,Veado,9616,616,04,Borboleta
2024-02-09,PT,14:30,2096,096,24,Veado,8831,831,08,Camelo,7424,424,06,Cabra,9315,315,04,Borboleta,4313,313,04,Borboleta
2024-02-09,PTV,16:30,6281,281,21,Touro,4138,138,10,Coelho,5323,323,06,Cabra,2834,834,09,Cobra,2305,305,02,Águia
2024-02-09,PTN,,3881,881,21,Touro,5480,480,20,Peru,0283,283,21,Touro,3878,878,20,Peru,9788,788,22,Tigre
2024-02-09,COR,21:30,4348,348,12,Elefante,7296,296,24,Veado,2795,795,24,Veado,2822,822,06,Cabra,9891,891,23,Urso
2024-02-10,PPT,09:30,4857,857,15,Jacaré,6588,588,22,Tigre,7403,403,01,Avestruz,0057,057,15,Jacaré,8246,246,12,Elefante
2024-02-10,PTM,11:30,5516,516,04,Borboleta,0691,691,23,Urso,0466,466,17,Macaco,3892,892,23,Urso,3949,949,13,Galo
2024-02-10,PT,14:30,4315,315,04,Borboleta,2713,713,04,Borboleta,1879,879,20,Peru,5671,671,18,Porco,0745,745,12,Elefante
2024-02-10,PTV,16:30,0399,399,25,Vaca,7800,800,25,Vaca,7925,925,07,Carneiro,7886,886,22,Tigre,6979,979,20,Peru
2024-02-10,FED,,0490,490,23,Urso,5112,112,03,Burro,7127,127,07,Carneiro,1487,487,22,Tigre,3234,234,09,Cobra
2024-02-10,COR,21:30,2184,184,21,Touro,8092,092,23,Urso,1810,810,03,Burro,2424,424,06,Cabra,1680,680,20,Peru
2024-02-11,PPT,09:30,0564,564,16,Leão,2229,229,08,Camelo,6485,485,22,Tigre,2577,577,20,Peru,7954,954,14,Gato
2024-02-11,PTM,11:30,5699,699,25,Vaca,3051,051,13,Galo,7440,440,10,Coelho,2065,065,17,Macaco,3641,641,11,Cavalo
2024-02-11,PT,14:30,0591,591,23,Urso,8400,400,25,Vaca,2979,979,20,Peru,3861,861,16,Leão,2010,010,03,Burro
2024-02-11,PTV,16:30,3981,981,21,Touro,6186,186,22,Tigre,4098,098,25,Vaca,2610,610,03,Burro,4443,443,11,Cavalo
2024-02-12,PPT,09:30,3356,356,14,Gato,4520,520,05,Cachorro,0470,470,18,Porco,6635,635,09,Cobra,1508,508,02,Águia
2024-02-12,PTM,11:30,2325,325,07,Carneiro,8319,319,05,Cachorro,6153,153,14,Gato,0571,571,18,Porco,4114,114,04,Borboleta
2024-02-12,PT,14:30,1876,876,19,Pavão,6726,726,07,Carneiro,5599,599,25,Vaca,8090,090,23,Urso,1907,907,02,Águia
2024-02-12,PTV,16:30,5168,168,17,Macaco,9069,069,18,Porco,1532,532,08,Camelo,6604,604,01,Avestruz,5285,285,22,Tigre
2024-02-12,PTN,,1716,716,04,Borboleta,7272,272,18,Porco,8868,868,17,Macaco,3316,316,04,Borboleta,1094,094,24,Veado
2024-02-12,COR,21:30,7958,958,15,Jacaré,0825,825,07,Carneiro,6088,088,22,Tigre,7224,224,06,Cabra,1402,402,01,Avestruz
2024-02-13,PPT,09:30,5858,858,15,Jacaré,8923,923,06,Cabra,3698,698,25,Vaca,7712,712,03,Burro,1095,095,24,Veado
2024-02-13,PTM,11:30,1769,769,18,Porco,8106,106,02,Águia,4882,882,21,Touro,7907,907,02,Águia,3670,670,18,Porco
2024-02-13,PT,14:30,5557,557,15,Jacaré,5827,827,07,Carneiro,1286,286,22,Tigre,9987,987,22,Tigre,1223,223,06,Cabra
2024-02-13,PTV,16:30,7131,131,08,Camelo,1484,484,21,Touro,1342,342,11,Cavalo,4775,775,19,Pavão,6004,004,01,Avestruz
2024-02-13,PTN,,3022,022,06,Cabra,5473,473,19,Pavão,9875,875,19,Pavão,2695,695,24,Veado,6224,224,06,Cabra
2024-02-13,COR,21:30,2471,471,18,Porco,6953,953,14,Gato,5922,922,06,Cabra,8092,092,23,Urso,6494,494,24,Veado
2024-02-14,PPT,09:30,4169,169,18,Porco,8348,348,12,Elefante,4853,853,14,Gato,3204,204,01,Avestruz,5165,165,17,Macaco
2024-02-14,PTM,11:30,3079,079,20,Peru,9474,474,19,Pavão,5695,695,24,Veado,1870,870,18,Porco,4145,145,12,Elefante
2024-02-14,PT,14:30,5282,282,21,Touro,4739,739,10,Coelho,2417,417,05,Cachorro,6480,480,20,Peru,0245,245,12,Elefante
2024-02-14,PTV,16:30,2209,209,03,Burro,3043,043,11,Cavalo,8609,609,03,Burro,7081,081,21,Touro,3985,985,22,Tigre
2024-02-14,PTN,,5287,287,22,Tigre,1994,994,24,Veado,0977,977,20,Peru,1466,466,17,Macaco,3925,925,07,Carneiro
2024-02-14,COR,21:30,5930,930,08,Camelo,6227,227,07,Carneiro,0363,363,16,Leão,1745,745,12,Elefante,0556,556,14,Gato
2024-02-15,PPT,09:30,1067,067,17,Macaco,6525,525,07,Carneiro,7663,663,16,Leão,1754,754,14,Gato,4000,000,25,Vaca
2024-02-15,PTM,11:30,0842,842,11,Cavalo,3017,017,05,Cachorro,7451,451,13,Galo,0501,501,01,Avestruz,6629,629,08,Camelo
2024-02-15,PT,14:30,6662,662,16,Leão,8637,637,10,Coelho,8376,376,19,Pavão,8576,576,19,Pavão,0598,598,25,Vaca
2024-02-15,PTV,16:30,6126,126,07,Carneiro,3946,946,12,Elefante,6030,030,08,Camelo,8672,672,18,Porco,3485,485,22,Tigre
2024-02-15,PTN,,9767,767,17,Macaco,0948,948,12,Elefante,0711,711,03,Burro,0218,218,05,Cachorro,6041,041,11,Cavalo
2024-02-15,COR,21:30,7600,600,25,Vaca,2840,840,10,Coelho,2646,646,12,Elefante,1779,779,20,Peru,3397,397,25,Vaca
2024-02-16,PPT,09:30,4032,032,08,Camelo,4187,187,22,Tigre,9441,441,11,Cavalo,7299,299,25,Vaca,8463,463,16,Leão
2024-02-16,PTM,11:30,7623,623,06,Cabra,9927,927,07,Carneiro,8242,242,11,Cavalo,2917,917,05,Cachorro,7910,910,03,Burro
2024-02-16,PT,14:30,4233,233,09,Cobra,4449,449,13,Galo,4441,441,11,Cavalo,1391,391,23,Urso,9588,588,22,Tigre
2024-02-16,PTV,16:30,0365,365,17,Macaco,0612,612,03,Burro,8925,925,07,Carneiro,4470,470,18,Porco,1281,281,21,Touro
2024-02-16,PTN,,3377,377,20,Peru,2175,175,19,Pavão,5471,471,18,Porco,3929,929,08,Camelo,8911,911,03,Burro
2024-02-16,COR,21:30,8912,912,03,Burro,2741,741,11,Cavalo,6853,853,14,Gato,0795,795,24,Veado,5674,674,19,Pavão
2024-02-17,PPT,09:30,9305,305,02,Águia,0251,251,13,Galo,1257,257,15,Jacaré,0227,227,07,Carneiro,4632,632,08,Camelo
2024-02-17,PTM,11:30,1354,354,14,Gato,5045,045,12,Elefante,5556,556,14,Gato,4663,663,16,Leão,5265,265,17,Macaco
2024-02-17,PT,14:30,5372,372,18,Porco,7536,536,09,Cobra,6304,304,01,Avestruz,5708,708,02,Águia,6634,634,09,Cobra
2024-02-17,PTV,16:30,1989,989,23,Urso,8840,840,10,Coelho,8887,887,22,Tigre,2534,534,09,Cobra,4059,059,15,Jacaré
2024-02-17,FED,,7178,178,20,Peru,6102,102,01,Avestruz,5733,733,09,Cobra,3185,185,22,Tigre,2259,259,15,Jacaré
2024-02-17,COR,21:30,0622,622,06,Cabra,0981,981,21,Touro,7490,490,23,Urso,8045,045,12,Elefante,0090,090,23,Urso
2024-02-18,PPT,09:30,6121,121,06,Cabra,4680,680,20,Peru,4799,799,25,Vaca,7004,004,01,Avestruz,4621,621,06,Cabra
2024-02-18,PTM,11:30,3175,175,19,Pavão,2334,334,09,Cobra,9880,880,20,Peru,9211,211,03,Burro,1468,468,17,Macaco
2024-02-18,PT,14:30,6656,656,14,Gato,4161,161,16,Leão,4753,753,14,Gato,0317,317,05,Cachorro,3423,423,06,Cabra
2024-02-18,PTV,16:30,2814,814,04,Borboleta,2595,595,24,Veado,3330,330,08,Camelo,8144,144,11,Cavalo,5115,115,04,Borboleta
2024-02-19,PPT,09:30,2246,246,12,Elefante,7851,851,13,Galo,1873,873,19,Pavão,6829,829,08,Camelo,6205,205,02,Águia
2024-02-19,PTM,11:30,0540,540,10,Coelho,0656,656,14,Gato,4122,122,06,Cabra,1754,754,14,Gato,5762,762,16,Leão
2024-02-19,PT,14:30,8828,828,07,Carneiro,8734,734,09,Cobra,2047,047,12,Elefante,4491,491,23,Urso,0348,348,12,Elefante
2024-02-19,PTV,16:30,1050,050,13,Galo,8376,376,19,Pavão,4388,388,22,Tigre,1399,399,25,Vaca,4156,156,14,Gato
2024-02-19,PTN,,9757,757,15,Jacaré,9608,608,02,Águia,9432,432,08,Camelo,7884,884,21,Touro,7359,359,15,Jacaré
2024-02-19,COR,21:30,6475,475,19,Pavão,9843,843,11,Cavalo,1241,241,11,Cavalo,2886,886,22,Tigre,6774,774,19,Pavão
2024-02-20,PPT,09:30,2253,253,14,Gato,6059,059,15,Jacaré,8008,008,02,Águia,7798,798,25,Vaca,0819,819,05,Cachorro
2024-02-20,PTM,11:30,9981,981,21,Touro,6293,293,24,Veado,5729,729,08,Camelo,4450,450,13,Galo,1951,951,13,Galo
2024-02-20,PT,14:30,4039,039,10,Coelho,4050,050,13,Galo,1663,663,16,Leão,8520,520,05,Cachorro,7468,468,17,Macaco
2024-02-20,PTV,16:30,1774,774,19,Pavão,7882,882,21,Touro,5438,438,10,Coelho,7054,054,14,Gato,8120,120,05,Cachorro
2024-02-20,PTN,,8554,554,14,Gato,2746,746,12,Elefante,3945,945,12,Elefante,8025,025,07,Carneiro,2474,474,19,Pavão
2024-02-20,COR,21:30,9251,251,13,Galo,3229,229,08,Camelo,0595,595,24,Veado,9241,241,11,Cavalo,3586,586,22,Tigre
2024-02-21,PPT,09:30,9700,700,25,Vaca,2968,968,17,Macaco,6341,341,11,Cavalo,5427,427,07,Carneiro,2629,629,08,Camelo
2024-02-21,PTM,11:30,0102,102,01,Avestruz,2439,439,10,Coelho,3093,093,24,Veado,6092,092,23,Urso,1940,940,10,Coelho
2024-02-21,PT,14:30,6854,854,14,Gato,6954,954,14,Gato,5615,615,04,Borboleta,6438,438,10,Coelho,9537,537,10,Coelho
2024-02-21,PTV,16:30,1607,607,02,Águia,5769,769,18,Porco,0571,571,18,Porco,3370,370,18,Porco,3014,014,04,Borboleta
2024-02-21,FED,,9110,110,03,Burro,1955,955,14,Gato,3519,519,05,Cachorro,1237,237,10,Coelho,7104,104,01,Avestruz
2024-02-21,COR,21:30,4501,501,01,Avestruz,8171,171,18,Porco,5291,291,23,Urso,8563,563,16,Leão,8318,318,05,Cachorro
2024-02-22,PPT,09:30,3699,699,25,Vaca,3503,503,01,Avestruz,0697,697,25,Vaca,0764,764,16,Leão,9066,066,17,Macaco
2024-02-22,PTM,11:30,7036,036,09,Cobra,8910,910,03,Burro,6119,119,05,Cachorro,5679,679,20,Peru,5846,846,12,Elefante
2024-02-22,PT,14:30,6458,458,15,Jacaré,1139,139,10,Coelho,1321,321,06,Cabra,7315,315,04,Borboleta,4225,225,07,Carneiro
2024-02-22,PTV,16:30,8652,652,13,Galo,3355,355,14,Gato,1801,801,01,Avestruz,7164,164,16,Leão,2634,634,09,Cobra
2024-02-22,PTN,,7827,827,07,Carneiro,7844,844,11,Cavalo,0401,401,01,Avestruz,6058,058,15,Jacaré,9060,060,15,Jacaré
2024-02-22,COR,21:30,1564,564,16,Leão,5601,601,01,Avestruz,9645,645,12,Elefante,9641,641,11,Cavalo,2888,888,22,Tigre
2024-02-23,PPT,09:30,3487,487,22,Tigre,5158,158,15,Jacaré,6631,631,08,Camelo,3162,162,16,Leão,6334,334,09,Cobra
2024-02-23,PTM,11:30,6243,243,11,Cavalo,2608,608,02,Águia,6634,634,09,Cobra,9551,551,13,Galo,4825,825,07,Carneiro
2024-02-23,PT,14:30,6189,189,23,Urso,7217,217,05,Cachorro,0951,951,13,Galo,2537,537,10,Coelho,0322,322,06,Cabra
2024-02-23,PTV,16:30,2991,991,23,Urso,6831,831,08,Camelo,8507,507,02,Águia,8228,228,07,Carneiro,4134,134,09,Cobra
2024-02-23,PTN,,9056,056,14,Gato,3775,775,19,Pavão,6795,795,24,Veado,1084,084,21,Touro,9958,958,15,Jacaré
2024-02-23,COR,21:30,8849,849,13,Galo,3573,573,19,Pavão,7828,828,07,Carneiro,9630,630,08,Camelo,3051,051,13,Galo
2024-02-24,PPT,09:30,8940,940,10,Coelho,6753,753,14,Gato,3094,094,24,Veado,0446,446,12,Elefante,5609,609,03,Burro
2024-02-24,PTM,11:30,1446,446,12,Elefante,9037,037,10,Coelho,4136,136,09,Cobra,3540,540,10,Coelho,4624,624,06,Cabra
2024-02-24,PT,14:30,8879,879,20,Peru,3782,782,21,Touro,8264,264,16,Leão,7679,679,20,Peru,4103,103,01,Avestruz
2024-02-24,PTV,16:30,5424,424,06,Cabra,4125,125,07,Carneiro,9603,603,01,Avestruz,1184,184,21,Touro,2722,722,06,Cabra
2024-02-24,FED,,3309,309,03,Burro,6340,340,10,Coelho,1701,701,01,Avestruz,7539,539,10,Coelho,5868,868,17,Macaco
2024-02-24,COR,21:30,3015,015,04,Borboleta,7834,834,09,Cobra,8994,994,24,Veado,2973,973,19,Pavão,1220,220,05,Cachorro
2024-02-25,PPT,09:30,6945,945,12,Elefante,4416,416,04,Borboleta,8240,240,10,Coelho,9817,817,05,Cachorro,6572,572,18,Porco
2024-02-25,PTM,11:30,8562,562,16,Leão,8673,673,19,Pavão,3327,327,07,Carneiro,9158,158,15,Jacaré,1071,071,18,Porco
2024-02-25,PT,14:30,3189,189,23,Urso,2678,678,20,Peru,2397,397,25,Vaca,4341,341,11,Cavalo,2065,065,17,Macaco
2024-02-25,PTV,16:30,8551,551,13,Galo,8893,893,24,Veado,2646,646,12,Elefante,7869,869,18,Porco,1961,961,16,Leão
2024-02-26,PPT,09:30,6635,635,09,Cobra,6945,945,12,Elefante,7633,633,09,Cobra,3924,924,06,Cabra,4937,937,10,Coelho
2024-02-26,PTM,11:30,6061,061,16,Leão,8868,868,17,Macaco,0413,413,04,Borboleta,6287,287,22,Tigre,8296,296,24,Veado
2024-02-26,PT,14:30,9212,212,03,Burro,5243,243,11,Cavalo,5117,117,05,Cachorro,4043,043,11,Cavalo,5265,265,17,Macaco
2024-02-26,PTV,16:30,8604,604,01,Avestruz,0095,095,24,Veado,5814,814,04,Borboleta,4823,823,06,Cabra,7808,808,02,Águia
2024-02-26,PTN,,0554,554,14,Gato,4254,254,14,Gato,7071,071,18,Porco,6350,350,13,Galo,6352,352,13,Galo
2024-02-26,COR,21:30,0525,525,07,Carneiro,7512,512,03,Burro,4934,934,09,Cobra,5555,555,14,Gato,8565,565,17,Macaco
2024-02-27,PPT,09:30,5059,059,15,Jacaré,2790,790,23,Urso,5088,088,22,Tigre,8410,410,03,Burro,4093,093,24,Veado
2024-02-27,PTM,11:30,2216,216,04,Borboleta,1746,746,12,Elefante,2953,953,14,Gato,5683,683,21,Touro,5405,405,02,Águia
2024-02-27,PT,14:30,2012,012,03,Burro,8281,281,21,Touro,2835,835,09,Cobra,2519,519,05,Cachorro,8887,887,22,Tigre
2024-02-27,PTV,16:30,5533,533,09,Cobra,0982,982,21,Touro,1988,988,22,Tigre,3393,393,24,Veado,0227,227,07,Carneiro
2024-02-27,PTN,,2319,319,05,Cachorro,9313,313,04,Borboleta,3389,389,23,Urso,2622,622,06,Cabra,1006,006,02,Águia
2024-02-27,COR,21:30,6278,278,20,Peru,6005,005,02,Águia,2254,254,14,Gato,1317,317,05,Cachorro,3581,581,21,Touro
2024-02-28,PPT,09:30,1881,881,21,Touro,9877,877,20,Peru,0982,982,21,Touro,2405,405,02,Águia,3853,853,14,Gato
2024-02-28,PTM,11:30,2532,532,08,Camelo,0273,273,19,Pavão,9834,834,09,Cobra,3674,674,19,Pavão,8346,346,12,Elefante
2024-02-28,PT,14:30,6959,959,15,Jacaré,0892,892,23,Urso,7953,953,14,Gato,4354,354,14,Gato,4338,338,10,Coelho
2024-02-28,PTV,16:30,3385,385,22,Tigre,8612,612,03,Burro,0921,921,06,Cabra,2704,704,01,Avestruz,5390,390,23,Urso
2024-02-28,FED,,4930,930,08,Camelo,9140,140,10,Coelho,3062,062,16,Leão,1438,438,10,Coelho,5187,187,22,Tigre
2024-02-28,COR,21:30,6890,890,23,Urso,6104,104,01,Avestruz,4225,225,07,Carneiro,0402,402,01,Avestruz,0178,178,20,Peru
2024-02-29,PPT,09:30,0899,899,25,Vaca,6146,146,12,Elefante,5690,690,23,Urso,2709,709,03,Burro,0527,527,07,Carneiro
2024-02-29,PTM,11:30,4475,475,19,Pavão,4636,636,09,Cobra,9265,265,17,Macaco,5535,535,09,Cobra,2081,081,21,Touro
2024-02-29,PT,14:30,1332,332,08,Camelo,5251,251,13,Galo,6998,998,25,Vaca,1559,559,15,Jacaré,6088,088,22,Tigre
2024-02-29,PTV,16:30,4119,119,05,Cachorro,0872,872,18,Porco,1445,445,12,Elefante,9764,764,16,Leão,7215,215,04,Borboleta
2024-02-29,PTN,,4730,730,08,Camelo,7157,157,15,Jacaré,2297,297,25,Vaca,9179,179,20,Peru,0700,700,25,Vaca
2024-02-29,COR,21:30,4069,069,18,Porco,3465,465,17,Macaco,7668,668,17,Macaco,1665,665,17,Macaco,6087,087,22,Tigre
2024-03-01,PPT,09:30,6878,878,20,Peru,6577,577,20,Peru,8221,221,06,Cabra,2524,524,06,Cabra,6563,563,16,Leão
2024-03-01,PTM,11:30,5180,180,20,Peru,4989,989,23,Urso,4315,315,04,Borboleta,7277,277,20,Peru,0010,010,03,Burro
2024-03-01,PT,14:30,3116,116,04,Borboleta,6709,709,03,Burro,3052,052,13,Galo,9041,041,11,Cavalo,3638,638,10,Coelho
2024-03-01,PTV,16:30,1648,648,12,Elefante,5943,943,11,Cavalo,0280,280,20,Peru,0677,677,20,Peru,7137,137,10,Coelho
2024-03-01,PTN,,8397,397,25,Vaca,0106,106,02,Águia,6845,845,12,Elefante,8000,000,25,Vaca,2047,047,12,Elefante
2024-03-01,COR,21:30,7219,219,05,Cachorro,0037,037,10,Coelho,0381,381,21,Touro,7152,152,13,Galo,9122,122,06,Cabra
2024-03-02,PPT,09:30,2315,315,04,Borboleta,7578,578,20,Peru,7121,121,06,Cabra,5981,981,21,Touro,6774,774,19,Pavão
2024-03-02,PTM,11:30,9276,276,19,Pavão,5248,248,12,Elefante,9994,994,24,Veado,5452,452,13,Galo,8974,974,19,Pavão
2024-03-02,PT,14:30,7908,908,02,Águia,5575,575,19,Pavão,6925,925,07,Carneiro,0519,519,05,Cachorro,5691,691,23,Urso
2024-03-02,PTV,16:30,9318,318,05,Cachorro,8298,298,25,Vaca,3612,612,03,Burro,1711,711,03,Burro,9215,215,04,Borboleta
2024-03-02,FED,,6927,927,07,Carneiro,4772,772,18,Porco,3472,472,18,Porco,6375,375,19,Pavão,2954,954,14,Gato
2024-03-02,COR,21:30,9795,795,24,Veado,3689,689,23,Urso,8156,156,14,Gato,2968,968,17,Macaco,9811,811,03,Burro
2024-03-03,PPT,09:30,2630,630,08,Camelo,8635,635,09,Cobra,0294,294,24,Veado,8271,271,18,Porco,6608,608,02,Águia
2024-03-03,PTM,11:30,6658,658,15,Jacaré,0951,951,13,Galo,8599,599,25,Vaca,5286,286,22,Tigre,0508,508,02,Águia
2024-03-03,PT,14:30,9802,802,01,Avestruz,1240,240,10,Coelho,9296,296,24,Veado,7406,406,02,Águia,8737,737,10,Coelho
2024-03-03,PTV,16:30,7131,131,08,Camelo,5327,327,07,Carneiro,8025,025,07,Carneiro,5327,327,07,Carneiro,3470,470,18,Porco
2024-03-04,PPT,09:30,8613,613,04,Borboleta,5588,588,22,Tigre,2149,149,13,Galo,2974,974,19,Pavão,5683,683,21,Touro
2024-03-04,PTM,11:30,3177,177,20,Peru,1566,566,17,Macaco,3260,260,15,Jacaré,7034,034,09,Cobra,8230,230,08,Camelo
2024-03-04,PT,14:30,9730,730,08,Camelo,4844,844,11,Cavalo,3958,958,15,Jacaré,5643,643,11,Cavalo,4681,681,21,Touro
2024-03-04,PTV,16:30,4030,030,08,Camelo,1631,631,08,Camelo,0807,807,02,Águia,0491,491,23,Urso,4709,709,03,Burro
2024-03-04,PTN,,3930,930,08,Camelo,1569,569,18,Porco,2674,674,19,Pavão,0045,045,12,Elefante,8528,528,07,Carneiro
2024-03-04,COR,21:30,7719,719,05,Cachorro,8712,712,03,Burro,7973,973,19,Pavão,5862,862,16,Leão,8544,544,11,Cavalo
2024-03-05,PPT,09:30,3276,276,19,Pavão,2562,562,16,Leão,1100,100,25,Vaca,6208,208,02,Águia,4643,643,11,Cavalo
2024-03-05,PTM,11:30,1089,089,23,Urso,2832,832,08,Camelo,9929,929,08,Camelo,2286,286,22,Tigre,7719,719,05,Cachorro
2024-03-05,PT,14:30,8372,372,18,Porco,4583,583,21,Touro,2707,707,02,Águia,9896,896,24,Veado,1879,879,20,Peru
2024-03-05,PTV,16:30,6274,274,19,Pavão,4168,168,17,Macaco,5639,639,10,Coelho,7561,561,16,Leão,9710,710,03,Burro
2024-03-05,PTN,,9491,491,23,Urso,2041,041,11,Cavalo,4005,005,02,Águia,3216,216,04,Borboleta,0301,301,01,Avestruz
2024-03-05,COR,21:30,5733,733,09,Cobra,7689,689,23,Urso,2057,057,15,Jacaré,2307,307,02,Águia,3995,995,24,Veado
2024-03-06,PPT,09:30,9882,882,21,Touro,4480,480,20,Peru,3303,303,01,Avestruz,4604,604,01,Avestruz,1691,691,23,Urso
2024-03-06,PTM,11:30,6885,885,22,Tigre,0197,197,25,Vaca,5870,870,18,Porco,5115,115,04,Borboleta,1514,514,04,Borboleta
2024-03-06,PT,14:30,6969,969,18,Porco,6215,215,04,Borboleta,8721,721,06,Cabra,6723,723,06,Cabra,6271,271,18,Porco
2024-03-06,PTV,16:30,1007,007,02,Águia,2462,462,16,Leão,5330,330,08,Camelo,6126,126,07,Carneiro,2233,233,09,Cobra
2024-03-06,FED,,5341,341,11,Cavalo,4496,496,24,Veado,2416,416,04,Borboleta,7589,589,23,Urso,5653,653,14,Gato
2024-03-06,COR,21:30,0677,677,20,Peru,7100,100,25,Vaca,8185,185,22,Tigre,7218,218,05,Cachorro,2396,396,24,Veado
2024-03-07,PPT,09:30,0223,223,06,Cabra,2990,990,23,Urso,3408,408,02,Águia,7024,024,06,Cabra,0053,053,14,Gato
2024-03-07,PTM,11:30,6490,490,23,Urso,1271,271,18,Porco,3841,841,11,Cavalo,6491,491,23,Urso,1467,467,17,Macaco
2024-03-07,PT,14:30,5078,078,20,Peru,4371,371,18,Porco,1483,483,21,Touro,8712,712,03,Burro,4078,078,20,Peru
2024-03-07,PTV,16:30,9718,718,05,Cachorro,6621,621,06,Cabra,6689,689,23,Urso,4252,252,13,Galo,2567,567,17,Macaco
2024-03-07,PTN,,0245,245,12,Elefante,8641,641,11,Cavalo,1388,388,22,Tigre,0719,719,05,Cachorro,2438,438,10,Coelho
2024-03-07,COR,21:30,0927,927,07,Carneiro,9923,923,06,Cabra,7960,960,15,Jacaré,9419,419,05,Cachorro,8127,127,07,Carneiro
2024-03-08,PPT,09:30,8888,888,22,Tigre,1500,500,25,Vaca,4718,718,05,Cachorro,4175,175,19,Pavão,2178,178,20,Peru
2024-03-08,PTM,11:30,7391,391,23,Urso,6076,076,19,Pavão,5429,429,08,Camelo,5134,134,09,Cobra,6072,072,18,Porco
2024-03-08,PT,14:30,7057,057,15,Jacaré,6456,456,14,Gato,4934,934,09,Cobra,4830,830,08,Camelo,7093,093,24,Veado
2024-03-08,PTV,16:30,8586,586,22,Tigre,7002,002,01,Avestruz,8658,658,15,Jacaré,6358,358,15,Jacaré,9442,442,11,Cavalo
2024-03-08,PTN,,3225,225,07,Carneiro,9009,009,03,Burro,8165,165,17,Macaco,5924,924,06,Cabra,1845,845,12,Elefante
2024-03-08,COR,21:30,1667,667,17,Macaco,6553,553,14,Gato,6301,301,01,Avestruz,4610,610,03,Burro,4919,919,05,Cachorro
2024-03-09,PPT,09:30,3235,235,09,Cobra,8434,434,09,Cobra,5909,909,03,Burro,1313,313,04,Borboleta,6440,440,10,Coelho
2024-03-09,PTM,11:30,5186,186,22,Tigre,2260,260,15,Jacaré,9158,158,15,Jacaré,6517,517,05,Cachorro,0393,393,24,Veado
2024-03-09,PT,14:30,0795,795,24,Veado,9798,798,25,Vaca,8724,724,06,Cabra,7943,943,11,Cavalo,7798,798,25,Vaca
2024-03-09,PTV,16:30,6983,983,21,Touro,9924,924,06,Cabra,9603,603,01,Avestruz,3324,324,06,Cabra,7873,873,19,Pavão
2024-03-09,FED,,3498,498,25,Vaca,0639,639,10,Coelho,2488,488,22,Tigre,2812,812,03,Burro,8017,017,05,Cachorro
2024-03-09,COR,21:30,6723,723,06,Cabra,5741,741,11,Cavalo,9519,519,05,Cachorro,1851,851,13,Galo,1664,664,16,Leão
2024-03-10,PPT,09:30,9804,804,01,Avestruz,2549,549,13,Galo,6552,552,13,Galo,3675,675,19,Pavão,3774,774,19,Pavão
2024-03-10,PTM,11:30,6301,301,01,Avestruz,0886,886,22,Tigre,0631,631,08,Camelo,8124,124,06,Cabra,2653,653,14,Gato
2024-03-10,PT,14:30,0154,154,14,Gato,9896,896,24,Veado,9233,233,09,Cobra,9473,473,19,Pavão,8837,837,10,Coelho
2024-03-10,PTV,16:30,2034,034,09,Cobra,8549,549,13,Galo,3327,327,07,Carneiro,0708,708,02,Águia,1140,140,10,Coelho
2024-03-11,PPT,09:30,6632,632,08,Camelo,4393,393,24,Veado,8135,135,09,Cobra,4399,399,25,Vaca,9580,580,20,Peru
2024-03-11,PTM,11:30,3840,840,10,Coelho,3507,507,02,Águia,2998,998,25,Vaca,6859,859,15,Jacaré,4181,181,21,Touro
2024-03-11,PT,14:30,7363,363,16,Leão,7469,469,18,Porco,3707,707,02,Águia,3685,685,22,Tigre,3094,094,24,Veado
2024-03-11,PTV,16:30,6632,632,08,Camelo,2212,212,03,Burro,0048,048,12,Elefante,0126,126,07,Carneiro,5671,671,18,Porco
2024-03-11,PTN,,7804,804,01,Avestruz,2443,443,11,Cavalo,9252,252,13,Galo,5546,546,12,Elefante,0410,410,03,Burro
2024-03-11,COR,21:30,4541,541,11,Cavalo,7169,169,18,Porco,5013,013,04,Borboleta,1614,614,04,Borboleta,8056,056,14,Gato
2024-03-12,PPT,09:30,1302,302,01,Avestruz,6304,304,01,Avestruz,2110,110,03,Burro,5467,467,17,Macaco,2473,473,19,Pavão
2024-03-12,PTM,11:30,0516,516,04,Borboleta,3010,010,03,Burro,7494,494,24,Veado,5063,063,16,Leão,2896,896,24,Veado
2024-03-12,PT,14:30,7097,097,25,Vaca,5475,475,19,Pavão,7137,137,10,Coelho,7528,528,07,Carneiro,8843,843,11,Cavalo
2024-03-12,PTV,16:30,9169,169,18,Porco,8022,022,06,Cabra,2599,599,25,Vaca,2023,023,06,Cabra,6778,778,20,Peru
2024-03-12,PTN,,0593,593,24,Veado,0509,509,03,Burro,3376,376,19,Pavão,0982,982,21,Touro,6317,317,05,Cachorro
2024-03-12,COR,21:30,0652,652,13,Galo,7640,640,10,Coelho,8578,578,20,Peru,9449,449,13,Galo,6013,013,04,Borboleta
2024-03-13,PPT,09:30,8428,428,07,Carneiro,3763,763,16,Leão,2998,998,25,Vaca,2163,163,16,Leão,8061,061,16,Leão
2024-03-13,PTM,11:30,0553,553,14,Gato,6579,579,20,Peru,4845,845,12,Elefante,3715,715,04,Borboleta,8800,800,25,Vaca
2024-03-13,PT,14:30,3334,334,09,Cobra,0834,834,09,Cobra,8801,801,01,Avestruz,5562,562,16,Leão,3128,128,07,Carneiro
2024-03-13,PTV,16:30,2137,137,10,Coelho,1207,207,02,Águia,0063,063,16,Leão,4352,352,13,Galo,5997,997,25,Vaca
2024-03-13,FED,,1901,901,01,Avestruz,4959,959,15,Jacaré,1395,395,24,Veado,6782,782,21,Touro,1161,161,16,Leão
2024-03-13,COR,21:30,2082,082,21,Touro,6184,184,21,Touro,9168,168,17,Macaco,4204,204,01,Avestruz,7277,277,20,Peru
2024-03-14,PPT,09:30,7006,006,02,Águia,1287,287,22,Tigre,8914,914,04,Borboleta,4556,556,14,Gato,9669,669,18,Porco
2024-03-14,PTM,11:30,9842,842,11,Cavalo,6695,695,24,Veado,4664,664,16,Leão,5045,045,12,Elefante,3097,097,25,Vaca
2024-03-14,PT,14:30,2947,947,12,Elefante,8665,665,17,Macaco,0703,703,01,Avestruz,9326,326,07,Carneiro,9395,395,24,Veado
2024-03-14,PTV,16:30,0096,096,24,Veado,9499,499,25,Vaca,4561,561,16,Leão,7956,956,14,Gato,5665,665,17,Macaco
2024-03-14,PTN,,2649,649,13,Galo,4200,200,25,Vaca,2383,383,21,Touro,1118,118,05,Cachorro,0933,933,09,Cobra
2024-03-14,COR,21:30,5414,414,04,Borboleta,2651,651,13,Galo,0527,527,07,Carneiro,4705,705,02,Águia,9404,404,01,Avestruz
2024-03-15,PPT,09:30,5858,858,15,Jacaré,5375,375,19,Pavão,5990,990,23,Urso,5437,437,10,Coelho,0284,284,21,Touro
2024-03-15,PTM,11:30,4870,870,18,Porco,1996,996,24,Veado,5717,717,05,Cachorro,6764,764,16,Leão,7260,260,15,Jacaré
2024-03-15,PT,14:30,9629,629,08,Camelo,1392,392,23,Urso,2605,605,02,Águia,0106,106,02,Águia,5129,129,08,Camelo
2024-03-15,PTV,16:30,4280,280,20,Peru,3471,471,18,Porco,6075,075,19,Pavão,6771,771,18,Porco,5835,835,09,Cobra
2024-03-15,PTN,,2460,460,15,Jacaré,7522,522,06,Cabra,1685,685,22,Tigre,0755,755,14,Gato,4782,782,21,Touro
2024-03-15,COR,21:30,4806,806,02,Águia,2117,117,05,Cachorro,4940,940,10,Coelho,9758,758,15,Jacaré,0902,902,01,Avestruz
2024-03-16,PPT,09:30,0367,367,17,Macaco,5616,616,04,Borboleta,5813,813,04,Borboleta,7582,582,21,Touro,7828,828,07,Carneiro
2024-03-16,PTM,11:30,5802,802,01,Avestruz,2074,074,19,Pavão,8959,959,15,Jacaré,7437,437,10,Coelho,5333,333,09,Cobra
2024-03-16,PT,14:30,8647,647,12,Elefante,4605,605,02,Águia,2104,104,01,Avestruz,2017,017,05,Cachorro,9321,321,06,Cabra
2024-03-16,PTV,16:30,8342,342,11,Cavalo,8772,772,18,Porco,5019,019,05,Cachorro,3321,321,06,Cabra,4337,337,10,Coelho
2024-03-16,FED,,7542,542,11,Cavalo,5529,529,08,Camelo,8032,032,08,Camelo,7419,419,05,Cachorro,6916,916,04,Borboleta
2024-03-16,COR,21:30,6412,412,03,Burro,5693,693,24,Veado,9697,697,25,Vaca,8600,600,25,Vaca,8446,446,12,Elefante
2024-03-17,PPT,09:30,7876,876,19,Pavão,4632,632,08,Camelo,0484,484,21,Touro,2302,302,01,Avestruz,8487,487,22,Tigre
2024-03-17,PTM,11:30,1661,661,16,Leão,4082,082,21,Touro,0684,684,21,Touro,1432,432,08,Camelo,0161,161,16,Leão
2024-03-17,PT,14:30,4165,165,17,Macaco,6376,376,19,Pavão,1712,712,03,Burro,0644,644,11,Cavalo,5232,232,08,Camelo
2024-03-17,PTV,16:30,6989,989,23,Urso,5194,194,24,Veado,5098,098,25,Vaca,3217,217,05,Cachorro,9601,601,01,Avestruz
2024-03-18,PPT,09:30,0954,954,14,Gato,2669,669,18,Porco,8503,503,01,Avestruz,6405,405,02,Águia,2282,282,21,Touro
2024-03-18,PTM,11:30,5052,052,13,Galo,0623,623,06,Cabra,9235,235,09,Cobra,5254,254,14,Gato,2096,096,24,Veado
2024-03-18,PT,14:30,6844,844,11,Cavalo,1113,113,04,Borboleta,7672,672,18,Porco,6007,007,02,Águia,1525,525,07,Carneiro
2024-03-18,PTV,16:30,7856,856,14,Gato,6788,788,22,Tigre,5331,331,08,Camelo,4310,310,03,Burro,6175,175,19,Pavão
2024-03-18,PTN,,8619,619,05,Cachorro,6340,340,10,Coelho,5456,456,14,Gato,7681,681,21,Touro,8462,462,16,Leão
2024-03-18,COR,21:30,0149,149,13,Galo,2043,043,11,Cavalo,7755,755,14,Gato,5636,636,09,Cobra,9743,743,11,Cavalo
2024-03-19,PPT,09:30,7951,951,13,Galo,7160,160,15,Jacaré,9689,689,23,Urso,0295,295,24,Veado,7940,940,10,Coelho
2024-03-19,PTM,11:30,6500,500,25,Vaca,4691,691,23,Urso,0190,190,23,Urso,9360,360,15,Jacaré,5721,721,06,Cabra
2024-03-19,PT,14:30,0879,879,20,Peru,4700,700,25,Vaca,0358,358,15,Jacaré,1112,112,03,Burro,1365,365,17,Macaco
2024-03-19,PTV,16:30,8794,794,24,Veado,6745,745,12,Elefante,7123,123,06,Cabra,9976,976,19,Pavão,3950,950,13,Galo
2024-03-19,PTN,,0034,034,09,Cobra,6959,959,15,Jacaré,2540,540,10,Coelho,4527,527,07,Carneiro,8136,136,09,Cobra
2024-03-19,COR,21:30,2031,031,08,Camelo,3915,915,04,Borboleta,2262,262,16,Leão,8024,024,06,Cabra,7948,948,12,Elefante
2024-03-20,PPT,09:30,3297,297,25,Vaca,4448,448,12,Elefante,9741,741,11,Cavalo,5335,335,09,Cobra,6437,437,10,Coelho
2024-03-20,PTM,11:30,8138,138,10,Coelho,9918,918,05,Cachorro,8439,439,10,Coelho,6037,037,10,Coelho,3198,198,25,Vaca
2024-03-20,PT,14:30,1682,682,21,Touro,8873,873,19,Pavão,6214,214,04,Borboleta,2866,866,17,Macaco,3145,145,12,Elefante
2024-03-20,PTV,16:30,8551,551,13,Galo,2185,185,22,Tigre,3013,013,04,Borboleta,9414,414,04,Borboleta,9162,162,16,Leão
2024-03-20,FED,,4687,687,22,Tigre,1590,590,23,Urso,0291,291,23,Urso,4131,131,08,Camelo,1649,649,13,Galo
2024-03-20,COR,21:30,9132,132,08,Camelo,4122,122,06,Cabra,8492,492,23,Urso,7209,209,03,Burro,4534,534,09,Cobra
2024-03-21,PPT,09:30,6414,414,04,Borboleta,5904,904,01,Avestruz,8135,135,09,Cobra,7022,022,06,Cabra,1362,362,16,Leão
2024-03-21,PTM,11:30,1516,516,04,Borboleta,7706,706,02,Águia,3768,768,17,Macaco,8695,695,24,Veado,8442,442,11,Cavalo
2024-03-21,PT,14:30,9247,247,12,Elefante,2415,415,04,Borboleta,7967,967,17,Macaco,2085,085,22,Tigre,0446,446,12,Elefante
2024-03-21,PTV,16:30,4314,314,04,Borboleta,5899,899,25,Vaca,4350,350,13,Galo,5609,609,03,Burro,0302,302,01,Avestruz
2024-03-21,PTN,,2604,604,01,Avestruz,4501,501,01,Avestruz,6870,870,18,Porco,5662,662,16,Leão,2596,596,24,Veado
2024-03-21,COR,21:30,1427,427,07,Carneiro,2626,626,07,Carneiro,7321,321,06,Cabra,6799,799,25,Vaca,0902,902,01,Avestruz
2024-03-22,PPT,09:30,1425,425,07,Carneiro,8788,788,22,Tigre,0699,699,25,Vaca,4095,095,24,Veado,4682,682,21,Touro
2024-03-22,PTM,11:30,4701,701,01,Avestruz,3700,700,25,Vaca,2908,908,02,Águia,4936,936,09,Cobra,1475,475,19,Pavão
2024-03-22,PT,14:30,6425,425,07,Carneiro,2417,417,05,Cachorro,6989,989,23,Urso,8468,468,17,Macaco,0147,147,12,Elefante
2024-03-22,PTV,16:30,4859,859,15,Jacaré,7187,187,22,Tigre,6604,604,01,Avestruz,3745,745,12,Elefante,9879,879,20,Peru
2024-03-22,PTN,,7553,553,14,Gato,1529,529,08,Camelo,6010,010,03,Burro,0489,489,23,Urso,4248,248,12,Elefante
2024-03-22,COR,21:30,5574,574,19,Pavão,1278,278,20,Peru,7450,450,13,Galo,5369,369,18,Porco,7773,773,19,Pavão
2024-03-23,PPT,09:30,6594,594,24,Veado,4030,030,08,Camelo,0702,702,01,Avestruz,9161,161,16,Leão,2872,872,18,Porco
2024-03-23,PTM,11:30,5418,418,05,Cachorro,8098,098,25,Vaca,2714,714,04,Borboleta,0827,827,07,Carneiro,4752,752,13,Galo
2024-03-23,PT,14:30,9795,795,24,Veado,4635,635,09,Cobra,1129,129,08,Camelo,1778,778,20,Peru,3030,030,08,Camelo
2024-03-23,PTV,16:30,1253,253,14,Gato,8614,614,04,Borboleta,4336,336,09,Cobra,8003,003,01,Avestruz,4496,496,24,Veado
2024-03-23,FED,,9755,755,14,Gato,0847,847,12,Elefante,4085,085,22,Tigre,4192,192,23,Urso,1606,606,02,Águia
2024-03-23,COR,21:30,1116,116,04,Borboleta,2117,117,05,Cachorro,0645,645,12,Elefante,8772,772,18,Porco,9161,161,16,Leão
2024-03-24,PPT,09:30,0783,783,21,Touro,5193,193,24,Veado,3506,506,02,Águia,7092,092,23,Urso,6006,006,02,Águia
2024-03-24,PTM,11:30,3751,751,13,Galo,1070,070,18,Porco,5596,596,24,Veado,3016,016,04,Borboleta,7978,978,20,Peru
2024-03-24,PT,14:30,0214,214,04,Borboleta,6595,595,24,Veado,1270,270,18,Porco,7781,781,21,Touro,4781,781,21,Touro
2024-03-24,PTV,16:30,0589,589,23,Urso,7642,642,11,Cavalo,3933,933,09,Cobra,2909,909,03,Burro,1227,227,07,Carneiro
2024-03-25,PPT,09:30,9881,881,21,Touro,7289,289,23,Urso,0307,307,02,Águia,4271,271,18,Porco,9575,575,19,Pavão
2024-03-25,PTM,11:30,6479,479,20,Peru,8448,448,12,Elefante,7171,171,18,Porco,9585,585,22,Tigre,8668,668,17,Macaco
2024-03-25,PT,14:30,8791,791,23,Urso,6079,079,20,Peru,7332,332,08,Camelo,4861,861,16,Leão,8908,908,02,Águia
2024-03-25,PTV,16:30,8678,678,20,Peru,8963,963,16,Leão,8239,239,10,Coelho,6180,180,20,Peru,4690,690,23,Urso
2024-03-25,PTN,,2532,532,08,Camelo,8469,469,18,Porco,0253,253,14,Gato,2406,406,02,Águia,1212,212,03,Burro
2024-03-25,COR,21:30,3160,160,15,Jacaré,9678,678,20,Peru,7143,143,11,Cavalo,2515,515,04,Borboleta,2829,829,08,Camelo
2024-03-26,PPT,09:30,8108,108,02,Águia,3860,860,15,Jacaré,7925,925,07,Carneiro,7718,718,05,Cachorro,6924,924,06,Cabra
2024-03-26,PTM,11:30,4485,485,22,Tigre,0107,107,02,Águia,4327,327,07,Carneiro,5496,496,24,Veado,4091,091,23,Urso
2024-03-26,PT,14:30,9700,700,25,Vaca,5690,690,23,Urso,9586,586,22,Tigre,8270,270,18,Porco,8126,126,07,Carneiro
2024-03-26,PTV,16:30,5283,283,21,Touro,8170,170,18,Porco,6548,548,12,Elefante,2596,596,24,Veado,1541,541,11,Cavalo
2024-03-26,PTN,,1207,207,02,Águia,9968,968,17,Macaco,5743,743,11,Cavalo,2024,024,06,Cabra,7878,878,20,Peru
2024-03-26,COR,21:30,8393,393,24,Veado,7023,023,06,Cabra,3448,448,12,Elefante,0245,245,12,Elefante,6423,423,06,Cabra
2024-03-27,PPT,09:30,0109,109,03,Burro,2077,077,20,Peru,7036,036,09,Cobra,3052,052,13,Galo,9348,348,12,Elefante
2024-03-27,PTM,11:30,9942,942,11,Cavalo,4501,501,01,Avestruz,4230,230,08,Camelo,3006,006,02,Águia,6610,610,03,Burro
2024-03-27,PT,14:30,3018,018,05,Cachorro,0706,706,02,Águia,9076,076,19,Pavão,1532,532,08,Camelo,9779,779,20,Peru
2024-03-27,PTV,16:30,7450,450,13,Galo,4272,272,18,Porco,6367,367,17,Macaco,3590,590,23,Urso,1279,279,20,Peru
2024-03-27,FED,,4745,745,12,Elefante,6202,202,01,Avestruz,9429,429,08,Camelo,4383,383,21,Touro,1709,709,03,Burro
2024-03-27,COR,21:30,9891,891,23,Urso,5445,445,12,Elefante,7951,951,13,Galo,2591,591,23,Urso,1279,279,20,Peru
2024-03-28,PPT,09:30,0725,725,07,Carneiro,8346,346,12,Elefante,8797,797,25,Vaca,9453,453,14,Gato,6264,264,16,Leão
2024-03-28,PTM,11:30,3688,688,22,Tigre,9207,207,02,Águia,4467,467,17,Macaco,2635,635,09,Cobra,3929,929,08,Camelo
2024-03-28,PT,14:30,9959,959,15,Jacaré,8449,449,13,Galo,5540,540,10,Coelho,2937,937,10,Coelho,3743,743,11,Cavalo
2024-03-28,PTV,16:30,7740,740,10,Coelho,9460,460,15,Jacaré,5693,693,24,Veado,1004,004,01,Avestruz,1443,443,11,Cavalo
2024-03-28,PTN,,8007,007,02,Águia,2689,689,23,Urso,6245,245,12,Elefante,5366,366,17,Macaco,7604,604,01,Avestruz
2024-03-28,COR,21:30,9822,822,06,Cabra,6596,596,24,Veado,1928,928,07,Carneiro,7162,162,16,Leão,2706,706,02,Águia
2024-03-30,PPT,09:30,7304,304,01,Avestruz,2403,403,01,Avestruz,7608,608,02,Águia,4643,643,11,Cavalo,4768,768,17,Macaco
2024-03-30,PTM,11:30,8070,070,18,Porco,5885,885,22,Tigre,7404,404,01,Avestruz,3373,373,19,Pavão,5646,646,12,Elefante
2024-03-30,PT,14:30,6540,540,10,Coelho,9047,047,12,Elefante,7689,689,23,Urso,9176,176,19,Pavão,8274,274,19,Pavão
2024-03-30,PTV,16:30,0936,936,09,Cobra,2678,678,20,Peru,4820,820,05,Cachorro,1663,663,16,Leão,5955,955,14,Gato
2024-03-30,FED,,7007,007,02,Águia,5806,806,02,Águia,9009,009,03,Burro,5868,868,17,Macaco,3224,224,06,Cabra
2024-03-30,COR,21:30,9885,885,22,Tigre,7076,076,19,Pavão,0470,470,18,Porco,3719,719,05,Cachorro,0245,245,12,Elefante
2024-03-31,PPT,09:30,2853,853,14,Gato,0830,830,08,Camelo,4517,517,05,Cachorro,6678,678,20,Peru,5148,148,12,Elefante
2024-03-31,PTM,11:30,6341,341,11,Cavalo,5759,759,15,Jacaré,0668,668,17,Macaco,2022,022,06,Cabra,3266,266,17,Macaco
2024-03-31,PT,14:30,7736,736,09,Cobra,6667,667,17,Macaco,6863,863,16,Leão,1791,791,23,Urso,7833,833,09,Cobra
2024-03-31,PTV,16:30,9403,403,01,Avestruz,5357,357,15,Jacaré,2856,856,14,Gato,8592,592,23,Urso,3824,824,06,Cabra
2024-04-01,PPT,09:30,5233,233,09,Cobra,8771,771,18,Porco,5426,426,07,Carneiro,5599,599,25,Vaca,3466,466,17,Macaco
2024-04-01,PTM,11:30,7228,228,07,Carneiro,6196,196,24,Veado,4050,050,13,Galo,4778,778,20,Peru,4499,499,25,Vaca
2024-04-01,PT,14:30,0890,890,23,Urso,9933,933,09,Cobra,1740,740,10,Coelho,0695,695,24,Veado,3317,317,05,Cachorro
2024-04-01,PTV,16:30,0415,415,04,Borboleta,1946,946,12,Elefante,4888,888,22,Tigre,1479,479,20,Peru,2703,703,01,Avestruz
2024-04-01,PTN,,6698,698,25,Vaca,1181,181,21,Touro,1008,008,02,Águia,4619,619,05,Cachorro,9896,896,24,Veado
2024-04-01,COR,21:30,8641,641,11,Cavalo,7568,568,17,Macaco,2156,156,14,Gato,6263,263,16,Leão,7375,375,19,Pavão
2024-04-02,PPT,09:30,5391,391,23,Urso,5921,921,06,Cabra,7439,439,10,Coelho,9242,242,11,Cavalo,2898,898,25,Vaca
2024-04-02,PTM,11:30,7462,462,16,Leão,1853,853,14,Gato,9353,353,14,Gato,1626,626,07,Carneiro,3137,137,10,Coelho
2024-04-02,PT,14:30,6253,253,14,Gato,3349,349,13,Galo,8797,797,25,Vaca,9239,239,10,Coelho,5639,639,10,Coelho
2024-04-02,PTV,16:30,0080,080,20,Peru,7836,836,09,Cobra,3642,642,11,Cavalo,2620,620,05,Cachorro,7079,079,20,Peru
2024-04-02,PTN,,6500,500,25,Vaca,5442,442,11,Cavalo,0329,329,08,Camelo,9612,612,03,Burro,9728,728,07,Carneiro
2024-04-02,COR,21:30,7883,883,21,Touro,2338,338,10,Coelho,0283,283,21,Touro,4122,122,06,Cabra,5882,882,21,Touro
2024-04-03,PPT,09:30,0276,276,19,Pavão,1441,441,11,Cavalo,3757,757,15,Jacaré,3932,932,08,Camelo,9863,863,16,Leão
2024-04-03,PTM,11:30,4801,801,01,Avestruz,0979,979,20,Peru,6394,394,24,Veado,3965,965,17,Macaco,2924,924,06,Cabra
2024-04-03,PT,14:30,6649,649,13,Galo,8012,012,03,Burro,4871,871,18,Porco,0869,869,18,Porco,7267,267,17,Macaco
2024-04-03,PTV,16:30,6876,876,19,Pavão,3553,553,14,Gato,7292,292,23,Urso,4154,154,14,Gato,0757,757,15,Jacaré
2024-04-03,FED,,6400,400,25,Vaca,7793,793,24,Veado,4351,351,13,Galo,6236,236,09,Cobra,2778,778,20,Peru
2024-04-03,COR,21:30,2302,302,01,Avestruz,0105,105,02,Águia,1170,170,18,Porco,0269,269,18,Porco,3686,686,22,Tigre
2024-04-04,PPT,09:30,3057,057,15,Jacaré,5836,836,09,Cobra,4282,282,21,Touro,6116,116,04,Borboleta,9217,217,05,Cachorro
2024-04-04,PTM,11:30,5149,149,13,Galo,6577,577,20,Peru,3722,722,06,Cabra,6253,253,14,Gato,7393,393,24,Veado
2024-04-04,PT,14:30,6755,755,14,Gato,0186,186,22,Tigre,1722,722,06,Cabra,7335,335,09,Cobra,6234,234,09,Cobra
2024-04-04,PTV,16:30,5208,208,02,Águia,4155,155,14,Gato,5545,545,12,Elefante,3383,383,21,Touro,1695,695,24,Veado
2024-04-04,PTN,,9552,552,13,Galo,5403,403,01,Avestruz,4286,286,22,Tigre,4763,763,16,Leão,0013,013,04,Borboleta
2024-04-04,COR,21:30,6972,972,18,Porco,5077,077,20,Peru,5179,179,20,Peru,6940,940,10,Coelho,9256,256,14,Gato
2024-04-05,PPT,09:30,3703,703,01,Avestruz,6548,548,12,Elefante,9087,087,22,Tigre,3287,287,22,Tigre,1514,514,04,Borboleta
2024-04-05,PTM,11:30,0659,659,15,Jacaré,2668,668,17,Macaco,2743,743,11,Cavalo,2393,393,24,Veado,5790,790,23,Urso
2024-04-05,PT,14:30,0221,221,06,Cabra,1484,484,21,Touro,2645,645,12,Elefante,2892,892,23,Urso,8168,168,17,Macaco
2024-04-05,PTV,16:30,6146,146,12,Elefante,9839,839,10,Coelho,0825,825,07,Carneiro,7421,421,06,Cabra,6255,255,14,Gato
2024-04-05,PTN,,6545,545,12,Elefante,0706,706,02,Águia,9455,455,14,Gato,7054,054,14,Gato,2400,400,25,Vaca
2024-04-05,COR,21:30,8203,203,01,Avestruz,1639,639,10,Coelho,3565,565,17,Macaco,9293,293,24,Veado,4491,491,23,Urso
2024-04-06,PPT,09:30,5462,462,16,Leão,4697,697,25,Vaca,2090,090,23,Urso,6040,040,10,Coelho,6264,264,16,Leão
2024-04-06,PTM,11:30,2718,718,05,Cachorro,5559,559,15,Jacaré,1831,831,08,Camelo,3852,852,13,Galo,6466,466,17,Macaco
2024-04-06,PT,14:30,8264,264,16,Leão,5972,972,18,Porco,9399,399,25,Vaca,3236,236,09,Cobra,1663,663,16,Leão
2024-04-06,PTV,16:30,4740,740,10,Coelho,6692,692,23,Urso,1894,894,24,Veado,2067,067,17,Macaco,2500,500,25,Vaca
2024-04-06,FED,,4091,091,23,Urso,5694,694,24,Veado,1236,236,09,Cobra,5526,526,07,Carneiro,9914,914,04,Borboleta
2024-04-06,COR,21:30,4517,517,05,Cachorro,6199,199,25,Vaca,8051,051,13,Galo,8786,786,22,Tigre,8568,568,17,Macaco
2024-04-07,PPT,09:30,9610,610,03,Burro,8142,142,11,Cavalo,2675,675,19,Pavão,7382,382,21,Touro,3553,553,14,Gato
2024-04-07,PTM,11:30,2450,450,13,Galo,4926,926,07,Carneiro,7169,169,18,Porco,1404,404,01,Avestruz,4611,611,03,Burro
2024-04-07,PT,14:30,8331,331,08,Camelo,8646,646,12,Elefante,2520,520,05,Cachorro,9646,646,12,Elefante,4996,996,24,Veado
2024-04-07,PTV,16:30,6446,446,12,Elefante,1370,370,18,Porco,7283,283,21,Touro,8406,406,02,Águia,5531,531,08,Camelo
2024-04-08,PPT,09:30,0243,243,11,Cavalo,7903,903,01,Avestruz,6013,013,04,Borboleta,8989,989,23,Urso,1795,795,24,Veado
2024-04-08,PTM,11:30,2593,593,24,Veado,8308,308,02,Águia,8389,389,23,Urso,9893,893,24,Veado,7710,710,03,Burro
2024-04-08,PT,14:30,7145,145,12,Elefante,7215,215,04,Borboleta,9521,521,06,Cabra,5707,707,02,Águia,4992,992,23,Urso
2024-04-08,PTV,16:30,9948,948,12,Elefante,5981,981,21,Touro,7863,863,16,Leão,2966,966,17,Macaco,0230,230,08,Camelo
2024-04-08,PTN,,8292,292,23,Urso,7689,689,23,Urso,9542,542,11,Cavalo,1474,474,19,Pavão,8122,122,06,Cabra
2024-04-08,COR,21:30,3063,063,16,Leão,6034,034,09,Cobra,8708,708,02,Águia,9547,547,12,Elefante,5680,680,20,Peru
2024-04-09,PPT,09:30,3306,306,02,Águia,2376,376,19,Pavão,7928,928,07,Carneiro,4330,330,08,Camelo,4663,663,16,Leão
2024-04-09,PTM,11:30,8621,621,06,Cabra,8336,336,09,Cobra,8000,000,25,Vaca,5578,578,20,Peru,5998,998,25,Vaca
2024-04-09,PT,14:30,6620,620,05,Cachorro,9288,288,22,Tigre,1970,970,18,Porco,6126,126,07,Carneiro,0534,534,09,Cobra
2024-04-09,PTV,16:30,5108,108,02,Águia,1233,233,09,Cobra,0090,090,23,Urso,9358,358,15,Jacaré,2147,147,12,Elefante
2024-04-09,PTN,,7571,571,18,Porco,6702,702,01,Avestruz,7302,302,01,Avestruz,3587,587,22,Tigre,3917,917,05,Cachorro
2024-04-09,COR,21:30,9830,830,08,Camelo,6609,609,03,Burro,0803,803,01,Avestruz,3208,208,02,Águia,5732,732,08,Camelo
2024-04-10,PPT,09:30,6611,611,03,Burro,7966,966,17,Macaco,5725,725,07,Carneiro,7434,434,09,Cobra,0211,211,03,Burro
2024-04-10,PTM,11:30,4233,233,09,Cobra,0948,948,12,Elefante,2846,846,12,Elefante,0780,780,20,Peru,2133,133,09,Cobra
2024-04-10,PT,14:30,4108,108,02,Águia,5074,074,19,Pavão,6190,190,23,Urso,4075,075,19,Pavão,4402,402,01,Avestruz
2024-04-10,PTV,16:30,1854,854,14,Gato,2242,242,11,Cavalo,5466,466,17,Macaco,5522,522,06,Cabra,7563,563,16,Leão
2024-04-10,FED,,8233,233,09,Cobra,2345,345,12,Elefante,6987,987,22,Tigre,2841,841,11,Cavalo,3672,672,18,Porco
2024-04-10,COR,21:30,9056,056,14,Gato,7781,781,21,Touro,3752,752,13,Galo,0858,858,15,Jacaré,6820,820,05,Cachorro
2024-04-11,PPT,09:30,4283,283,21,Touro,2118,118,05,Cachorro,7704,704,01,Avestruz,5772,772,18,Porco,2197,197,25,Vaca
2024-04-11,PTM,11:30,6369,369,18,Porco,2685,685,22,Tigre,6052,052,13,Galo,7855,855,14,Gato,4362,362,16,Leão
2024-04-11,PT,14:30,4583,583,21,Touro,2003,003,01,Avestruz,6945,945,12,Elefante,3410,410,03,Burro,3716,716,04,Borboleta
2024-04-11,PTV,16:30,4607,607,02,Águia,4281,281,21,Touro,6623,623,06,Cabra,9394,394,24,Veado,3199,199,25,Vaca
2024-04-11,PTN,,3364,364,16,Leão,7706,706,02,Águia,1943,943,11,Cavalo,9605,605,02,Águia,6584,584,21,Touro
2024-04-11,COR,21:30,1523,523,06,Cabra,7725,725,07,Carneiro,9265,265,17,Macaco,0092,092,23,Urso,6719,719,05,Cachorro
2024-04-12,PPT,09:30,8898,898,25,Vaca,6899,899,25,Vaca,0322,322,06,Cabra,7662,662,16,Leão,0662,662,16,Leão
2024-04-12,PTM,11:30,2068,068,17,Macaco,6453,453,14,Gato,1994,994,24,Veado,1486,486,22,Tigre,7061,061,16,Leão
2024-04-12,PT,14:30,2537,537,10,Coelho,6428,428,07,Carneiro,0748,748,12,Elefante,4745,745,12,Elefante,7327,327,07,Carneiro
2024-04-12,PTV,16:30,4262,262,16,Leão,2135,135,09,Cobra,1807,807,02,Águia,2776,776,19,Pavão,7033,033,09,Cobra
2024-04-12,PTN,,5536,536,09,Cobra,3099,099,25,Vaca,0984,984,21,Touro,8058,058,15,Jacaré,0210,210,03,Burro
2024-04-12,COR,21:30,7250,250,13,Galo,2086,086,22,Tigre,1664,664,16,Leão,0227,227,07,Carneiro,9947,947,12,Elefante
2024-04-13,PPT,09:30,1873,873,19,Pavão,4079,079,20,Peru,7867,867,17,Macaco,2935,935,09,Cobra,0408,408,02,Águia
2024-04-13,PTM,11:30,8833,833,09,Cobra,1163,163,16,Leão,6994,994,24,Veado,2997,997,25,Vaca,8353,353,14,Gato
2024-04-13,PT,14:30,4834,834,09,Cobra,1663,663,16,Leão,7441,441,11,Cavalo,8331,331,08,Camelo,0134,134,09,Cobra
2024-04-13,PTV,16:30,4531,531,08,Camelo,2256,256,14,Gato,2055,055,14,Gato,3685,685,22,Tigre,9133,133,09,Cobra
2024-04-13,FED,,6714,714,04,Borboleta,7969,969,18,Porco,3880,880,20,Peru,1316,316,04,Borboleta,3142,142,11,Cavalo
2024-04-13,COR,21:30,3573,573,19,Pavão,3853,853,14,Gato,0340,340,10,Coelho,5962,962,16,Leão,4227,227,07,Carneiro
2024-04-14,PPT,09:30,5325,325,07,Carneiro,0066,066,17,Macaco,2461,461,16,Leão,9157,157,15,Jacaré,4223,223,06,Cabra
2024-04-14,PTM,11:30,3543,543,11,Cavalo,4337,337,10,Coelho,5991,991,23,Urso,2620,620,05,Cachorro,4607,607,02,Águia
2024-04-14,PT,14:30,4147,147,12,Elefante,0604,604,01,Avestruz,6876,876,19,Pavão,6078,078,20,Peru,0314,314,04,Borboleta
2024-04-14,PTV,16:30,2435,435,09,Cobra,7469,469,18,Porco,3165,165,17,Macaco,5917,917,05,Cachorro,6718,718,05,Cachorro
2024-04-15,PPT,09:30,5746,746,12,Elefante,5176,176,19,Pavão,9668,668,17,Macaco,2620,620,05,Cachorro,9600,600,25,Vaca
2024-04-15,PTM,11:30,7084,084,21,Touro,4131,131,08,Camelo,5930,930,08,Camelo,8416,416,04,Borboleta,1106,106,02,Águia
2024-04-15,PT,14:30,3433,433,09,Cobra,7730,730,08,Camelo,7281,281,21,Touro,5055,055,14,Gato,8727,727,07,Carneiro
2024-04-15,PTV,16:30,1129,129,08,Camelo,1704,704,01,Avestruz,6881,881,21,Touro,0673,673,19,Pavão,6732,732,08,Camelo
2024-04-15,PTN,,9696,696,24,Veado,8822,822,06,Cabra,0866,866,17,Macaco,0322,322,06,Cabra,5783,783,21,Touro
2024-04-15,COR,21:30,0083,083,21,Touro,5966,966,17,Macaco,4454,454,14,Gato,2704,704,01,Avestruz,0889,889,23,Urso
2024-04-16,PPT,09:30,1233,233,09,Cobra,6865,865,17,Macaco,6863,863,16,Leão,9379,379,20,Peru,2943,943,11,Cavalo
2024-04-16,PTM,11:30,1556,556,14,Gato,0548,548,12,Elefante,7074,074,19,Pavão,0580,580,20,Peru,7633,633,09,Cobra
2024-04-16,PT,14:30,2466,466,17,Macaco,7524,524,06,Cabra,0601,601,01,Avestruz,1691,691,23,Urso,3631,631,08,Camelo
2024-04-16,PTV,16:30,4483,483,21,Touro,2950,950,13,Galo,7464,464,16,Leão,0243,243,11,Cavalo,0103,103,01,Avestruz
2024-04-16,PTN,,7999,999,25,Vaca,1848,848,12,Elefante,1951,951,13,Galo,2425,425,07,Carneiro,5517,517,05,Cachorro
2024-04-16,COR,21:30,9614,614,04,Borboleta,6014,014,04,Borboleta,2267,267,17,Macaco,0687,687,22,Tigre,4552,552,13,Galo
2024-04-17,PPT,09:30,3413,413,04,Borboleta,1217,217,05,Cachorro,2368,368,17,Macaco,4103,103,01,Avestruz,4555,555,14,Gato
2024-04-17,PTM,11:30,5295,295,24,Veado,4941,941,11,Cavalo,5263,263,16,Leão,6172,172,18,Porco,8384,384,21,Touro
2024-04-17,PT,14:30,6897,897,25,Vaca,6413,413,04,Borboleta,7376,376,19,Pavão,7290,290,23,Urso,0466,466,17,Macaco
2024-04-17,PTV,16:30,3836,836,09,Cobra,0753,753,14,Gato,2909,909,03,Burro,1241,241,11,Cavalo,1989,989,23,Urso
2024-04-17,FED,,7610,610,03,Burro,1402,402,01,Avestruz,4861,861,16,Leão,0991,991,23,Urso,8375,375,19,Pavão
2024-04-17,COR,21:30,5668,668,17,Macaco,2903,903,01,Avestruz,1986,986,22,Tigre,1944,944,11,Cavalo,3689,689,23,Urso
2024-04-18,PPT,09:30,6060,060,15,Jacaré,2838,838,10,Coelho,0037,037,10,Coelho,0273,273,19,Pavão,9460,460,15,Jacaré
2024-04-18,PTM,11:30,7436,436,09,Cobra,3030,030,08,Camelo,2563,563,16,Leão,9772,772,18,Porco,4835,835,09,Cobra
2024-04-18,PT,14:30,6813,813,04,Borboleta,6977,977,20,Peru,1857,857,15,Jacaré,2476,476,19,Pavão,5075,075,19,Pavão
2024-04-18,PTV,16:30,0347,347,12,Elefante,6014,014,04,Borboleta,7411,411,03,Burro,5078,078,20,Peru,2246,246,12,Elefante
2024-04-18,PTN,,9791,791,23,Urso,1675,675,19,Pavão,3278,278,20,Peru,0258,258,15,Jacaré,7629,629,08,Camelo
2024-04-18,COR,21:30,3305,305,02,Águia,9609,609,03,Burro,6815,815,04,Borboleta,6715,715,04,Borboleta,1673,673,19,Pavão
2024-04-19,PPT,09:30,0322,322,06,Cabra,2349,349,13,Galo,4122,122,06,Cabra,7743,743,11,Cavalo,0956,956,14,Gato
2024-04-19,PTM,11:30,7600,600,25,Vaca,9620,620,05,Cachorro,6274,274,19,Pavão,2820,820,05,Cachorro,9596,596,24,Veado
2024-04-19,PT,14:30,4973,973,19,Pavão,8079,079,20,Peru,0556,556,14,Gato,4216,216,04,Borboleta,0423,423,06,Cabra
2024-04-19,PTV,16:30,8012,012,03,Burro,2156,156,14,Gato,8672,672,18,Porco,6723,723,06,Cabra,0883,883,21,Touro
2024-04-19,PTN,,1008,008,02,Águia,3739,739,10,Coelho,7769,769,18,Porco,8638,638,10,Coelho,2060,060,15,Jacaré
2024-04-19,COR,21:30,7945,945,12,Elefante,8069,069,18,Porco,8176,176,19,Pavão,0029,029,08,Camelo,0485,485,22,Tigre
2024-04-20,PPT,09:30,7783,783,21,Touro,1579,579,20,Peru,2400,400,25,Vaca,9584,584,21,Touro,0093,093,24,Veado
2024-04-20,PTM,11:30,0913,913,04,Borboleta,5197,197,25,Vaca,9032,032,08,Camelo,9085,085,22,Tigre,8948,948,12,Elefante
2024-04-20,PT,14:30,4338,338,10,Coelho,8686,686,22,Tigre,6574,574,19,Pavão,8794,794,24,Veado,9322,322,06,Cabra
2024-04-20,PTV,16:30,6160,160,15,Jacaré,4675,675,19,Pavão,3883,883,21,Touro,6821,821,06,Cabra,2140,140,10,Coelho
2024-04-20,FED,,4691,691,23,Urso,4210,210,03,Burro,5234,234,09,Cobra,7521,521,06,Cabra,6923,923,06,Cabra
2024-04-20,COR,21:30,8242,242,11,Cavalo,5002,002,01,Avestruz,8791,791,23,Urso,5088,088,22,Tigre,2915,915,04,Borboleta
2024-04-21,PPT,09:30,5490,490,23,Urso,5899,899,25,Vaca,7588,588,22,Tigre,8719,719,05,Cachorro,9602,602,01,Avestruz
2024-04-21,PTM,11:30,0764,764,16,Leão,8288,288,22,Tigre,9541,541,11,Cavalo,0147,147,12,Elefante,7638,638,10,Coelho
2024-04-21,PT,14:30,8544,544,11,Cavalo,0270,270,18,Porco,2425,425,07,Carneiro,4678,678,20,Peru,4847,847,12,Elefante
2024-04-21,PTV,16:30,7146,146,12,Elefante,2860,860,15,Jacaré,0253,253,14,Gato,4089,089,23,Urso,5271,271,18,Porco
2024-04-22,PPT,09:30,6841,841,11,Cavalo,3844,844,11,Cavalo,6890,890,23,Urso,5215,215,04,Borboleta,1301,301,01,Avestruz
2024-04-22,PTM,11:30,0583,583,21,Touro,6103,103,01,Avestruz,2920,920,05,Cachorro,6184,184,21,Touro,3311,311,03,Burro
2024-04-22,PT,14:30,4124,124,06,Cabra,6962,962,16,Leão,2120,120,05,Cachorro,0410,410,03,Burro,3723,723,06,Cabra
2024-04-22,PTV,16:30,8586,586,22,Tigre,0091,091,23,Urso,7388,388,22,Tigre,9946,946,12,Elefante,5718,718,05,Cachorro
2024-04-22,PTN,,3112,112,03,Burro,1041,041,11,Cavalo,9199,199,25,Vaca,1141,141,11,Cavalo,7816,816,04,Borboleta
2024-04-22,COR,21:30,4712,712,03,Burro,6128,128,07,Carneiro,1963,963,16,Leão,8792,792,23,Urso,6188,188,22,Tigre
2024-04-23,PPT,09:30,2468,468,17,Macaco,0244,244,11,Cavalo,5792,792,23,Urso,7176,176,19,Pavão,9608,608,02,Águia
2024-04-23,PTM,11:30,5554,554,14,Gato,5642,642,11,Cavalo,2507,507,02,Águia,7118,118,05,Cachorro,6168,168,17,Macaco
2024-04-23,PT,14:30,6980,980,20,Peru,3319,319,05,Cachorro,4072,072,18,Porco,0444,444,11,Cavalo,4440,440,10,Coelho
2024-04-23,PTV,16:30,2203,203,01,Avestruz,6654,654,14,Gato,0054,054,14,Gato,2722,722,06,Cabra,3324,324,06,Cabra
2024-04-23,PTN,,9636,636,09,Cobra,1561,561,16,Leão,5903,903,01,Avestruz,5304,304,01,Avestruz,1733,733,09,Cobra
2024-04-23,COR,21:30,1572,572,18,Porco,3929,929,08,Camelo,3586,586,22,Tigre,3235,235,09,Cobra,8359,359,15,Jacaré
2024-04-24,PPT,09:30,5747,747,12,Elefante,3091,091,23,Urso,9891,891,23,Urso,7631,631,08,Camelo,0289,289,23,Urso
2024-04-24,PTM,11:30,9054,054,14,Gato,1528,528,07,Carneiro,5200,200,25,Vaca,3106,106,02,Águia,1384,384,21,Touro
2024-04-24,PT,14:30,0718,718,05,Cachorro,4350,350,13,Galo,3018,018,05,Cachorro,4804,804,01,Avestruz,1135,135,09,Cobra
2024-04-24,PTV,16:30,5604,604,01,Avestruz,8827,827,07,Carneiro,0936,936,09,Cobra,5073,073,19,Pavão,6723,723,06,Cabra
2024-04-24,FED,,1526,526,07,Carneiro,0031,031,08,Camelo,3876,876,19,Pavão,0412,412,03,Burro,0993,993,24,Veado
2024-04-24,COR,21:30,0580,580,20,Peru,7970,970,18,Porco,6109,109,03,Burro,5456,456,14,Gato,3271,271,18,Porco
2024-04-25,PPT,09:30,9374,374,19,Pavão,0369,369,18,Porco,0206,206,02,Águia,6062,062,16,Leão,1426,426,07,Carneiro
2024-04-25,PTM,11:30,2444,444,11,Cavalo,3679,679,20,Peru,9772,772,18,Porco,0875,875,19,Pavão,2525,525,07,Carneiro
2024-04-25,PT,14:30,3290,290,23,Urso,9174,174,19,Pavão,2774,774,19,Pavão,2024,024,06,Cabra,6411,411,03,Burro
2024-04-25,PTV,16:30,7458,458,15,Jacaré,6335,335,09,Cobra,7262,262,16,Leão,3554,554,14,Gato,9577,577,20,Peru
2024-04-25,PTN,,3699,699,25,Vaca,7015,015,04,Borboleta,6199,199,25,Vaca,5056,056,14,Gato,3155,155,14,Gato
2024-04-25,COR,21:30,0452,452,13,Galo,5241,241,11,Cavalo,5468,468,17,Macaco,3601,601,01,Avestruz,2437,437,10,Coelho
2024-04-26,PPT,09:30,1855,855,14,Gato,0507,507,02,Águia,2655,655,14,Gato,8798,798,25,Vaca,6660,660,15,Jacaré
2024-04-26,PTM,11:30,3311,311,03,Burro,8157,157,15,Jacaré,4307,307,02,Águia,4639,639,10,Coelho,2809,809,03,Burro
2024-04-26,PT,14:30,7726,726,07,Carneiro,4961,961,16,Leão,2081,081,21,Touro,0557,557,15,Jacaré,8790,790,23,Urso
2024-04-26,PTV,16:30,4141,141,11,Cavalo,0834,834,09,Cobra,7649,649,13,Galo,0398,398,25,Vaca,0040,040,10,Coelho
2024-04-26,PTN,,5448,448,12,Elefante,0874,874,19,Pavão,9430,430,08,Camelo,7271,271,18,Porco,1008,008,02,Águia
2024-04-26,COR,21:30,3419,419,05,Cachorro,9596,596,24,Veado,7277,277,20,Peru,2054,054,14,Gato,9278,278,20,Peru
2024-04-27,PPT,09:30,0239,239,10,Coelho,6133,133,09,Cobra,7305,305,02,Águia,8470,470,18,Porco,3258,258,15,Jacaré
2024-04-27,PTM,11:30,8683,683,21,Touro,4479,479,20,Peru,6798,798,25,Vaca,8104,104,01,Avestruz,5248,248,12,Elefante
2024-04-27,PT,14:30,0271,271,18,Porco,1122,122,06,Cabra,1565,565,17,Macaco,8441,441,11,Cavalo,5951,951,13,Galo
2024-04-27,PTV,16:30,9129,129,08,Camelo,3599,599,25,Vaca,6686,686,22,Tigre,1904,904,01,Avestruz,2900,900,25,Vaca
2024-04-27,FED,,3617,617,05,Cachorro,4156,156,14,Gato,1540,540,10,Coelho,4841,841,11,Cavalo,0361,361,16,Leão
2024-04-27,COR,21:30,4979,979,20,Peru,7896,896,24,Veado,6150,150,13,Galo,0531,531,08,Camelo,1150,150,13,Galo
2024-04-28,PPT,09:30,2955,955,14,Gato,6659,659,15,Jacaré,0558,558,15,Jacaré,6640,640,10,Coelho,7073,073,19,Pavão
2024-04-28,PTM,11:30,1455,455,14,Gato,1650,650,13,Galo,4702,702,01,Avestruz,1197,197,25,Vaca,2858,858,15,Jacaré
2024-04-28,PT,14:30,2193,193,24,Veado,5739,739,10,Coelho,7783,783,21,Touro,7869,869,18,Porco,7763,763,16,Leão
2024-04-28,PTV,16:30,6066,066,17,Macaco,2602,602,01,Avestruz,9813,813,04,Borboleta,1681,681,21,Touro,6957,957,15,Jacaré
2024-04-29,PPT,09:30,7444,444,11,Cavalo,3211,211,03,Burro,6089,089,23,Urso,5532,532,08,Camelo,8716,716,04,Borboleta
2024-04-29,PTM,11:30,0029,029,08,Camelo,1856,856,14,Gato,0389,389,23,Urso,5290,290,23,Urso,0158,158,15,Jacaré
2024-04-29,PT,14:30,6437,437,10,Coelho,9517,517,05,Cachorro,4728,728,07,Carneiro,8134,134,09,Cobra,7381,381,21,Touro
2024-04-29,PTV,16:30,0850,850,13,Galo,4929,929,08,Camelo,0105,105,02,Águia,9676,676,19,Pavão,0153,153,14,Gato
2024-04-29,PTN,,4624,624,06,Cabra,7310,310,03,Burro,8392,392,23,Urso,7418,418,05,Cachorro,5075,075,19,Pavão
2024-04-29,COR,21:30,7310,310,03,Burro,4047,047,12,Elefante,1404,404,01,Avestruz,5065,065,17,Macaco,7510,510,03,Burro
2024-04-30,PPT,09:30,7361,361,16,Leão,3413,413,04,Borboleta,1864,864,16,Leão,3830,830,08,Camelo,8106,106,02,Águia
2024-04-30,PTM,11:30,7730,730,08,Camelo,9396,396,24,Veado,8717,717,05,Cachorro,0914,914,04,Borboleta,9828,828,07,Carneiro
2024-04-30,PT,14:30,4590,590,23,Urso,7826,826,07,Carneiro,9595,595,24,Veado,4755,755,14,Gato,4173,173,19,Pavão
2024-04-30,PTV,16:30,2113,113,04,Borboleta,1465,465,17,Macaco,0855,855,14,Gato,1320,320,05,Cachorro,3264,264,16,Leão
2024-04-30,PTN,,0663,663,16,Leão,0619,619,05,Cachorro,5765,765,17,Macaco,8943,943,11,Cavalo,9320,320,05,Cachorro
2024-04-30,COR,21:30,1469,469,18,Porco,9651,651,13,Galo,0265,265,17,Macaco,3574,574,19,Pavão,2404,404,01,Avestruz
2024-05-01,PPT,09:30,2029,029,08,Camelo,2474,474,19,Pavão,2212,212,03,Burro,2711,711,03,Burro,3598,598,25,Vaca
2024-05-01,PTM,11:30,6394,394,24,Veado,2579,579,20,Peru,0160,160,15,Jacaré,1463,463,16,Leão,5850,850,13,Galo
2024-05-01,PT,14:30,9265,265,17,Macaco,4590,590,23,Urso,2410,410,03,Burro,9388,388,22,Tigre,1291,291,23,Urso
2024-05-01,PTV,16:30,4598,598,25,Vaca,3426,426,07,Carneiro,0005,005,02,Águia,7077,077,20,Peru,9427,427,07,Carneiro
2024-05-01,PTN,,4145,145,12,Elefante,9599,599,25,Vaca,2919,919,05,Cachorro,0722,722,06,Cabra,6664,664,16,Leão
2024-05-01,COR,21:30,6322,322,06,Cabra,1561,561,16,Leão,8284,284,21,Touro,0050,050,13,Galo,8502,502,01,Avestruz
2024-05-02,PPT,09:30,6959,959,15,Jacaré,0669,669,18,Porco,9289,289,23,Urso,1375,375,19,Pavão,4443,443,11,Cavalo
2024-05-02,PTM,11:30,4395,395,24,Veado,4546,546,12,Elefante,2606,606,02,Águia,7564,564,16,Leão,3923,923,06,Cabra
2024-05-02,PT,14:30,7549,549,13,Galo,2085,085,22,Tigre,3324,324,06,Cabra,7439,439,10,Coelho,3482,482,21,Touro
2024-05-02,PTV,16:30,9788,788,22,Tigre,3885,885,22,Tigre,3816,816,04,Borboleta,0805,805,02,Águia,4145,145,12,Elefante
2024-05-02,FED,,6471,471,18,Porco,0445,445,12,Elefante,9185,185,22,Tigre,1853,853,14,Gato,9817,817,05,Cachorro
2024-05-02,COR,21:30,1609,609,03,Burro,9989,989,23,Urso,1091,091,23,Urso,2301,301,01,Avestruz,4751,751,13,Galo
2024-05-03,PPT,09:30,2584,584,21,Touro,7935,935,09,Cobra,0364,364,16,Leão,3655,655,14,Gato,9813,813,04,Borboleta
2024-05-03,PTM,11:30,1247,247,12,Elefante,0431,431,08,Camelo,8111,111,03,Burro,6217,217,05,Cachorro,4493,493,24,Veado
2024-05-03,PT,14:30,3943,943,11,Cavalo,5794,794,24,Veado,9121,121,06,Cabra,6288,288,22,Tigre,6153,153,14,Gato
2024-05-03,PTV,16:30,7187,187,22,Tigre,3743,743,11,Cavalo,6810,810,03,Burro,5797,797,25,Vaca,5309,309,03,Burro
2024-05-03,PTN,,7163,163,16,Leão,1328,328,07,Carneiro,2596,596,24,Veado,3020,020,05,Cachorro,9654,654,14,Gato
2024-05-03,COR,21:30,5776,776,19,Pavão,7767,767,17,Macaco,2822,822,06,Cabra,4480,480,20,Peru,5464,464,16,Leão
2024-05-04,PPT,09:30,1267,267,17,Macaco,1239,239,10,Coelho,6216,216,04,Borboleta,2787,787,22,Tigre,9820,820,05,Cachorro
2024-05-04,PTM,11:30,1028,028,07,Carneiro,8436,436,09,Cobra,1286,286,22,Tigre,8606,606,02,Águia,0697,697,25,Vaca
2024-05-04,PT,14:30,7875,875,19,Pavão,7526,526,07,Carneiro,2947,947,12,Elefante,5519,519,05,Cachorro,9061,061,16,Leão
2024-05-04,PTV,16:30,5181,181,21,Touro,5611,611,03,Burro,7074,074,19,Pavão,6124,124,06,Cabra,1813,813,04,Borboleta
2024-05-04,FED,,0226,226,07,Carneiro,7924,924,06,Cabra,5506,506,02,Águia,2701,701,01,Avestruz,5687,687,22,Tigre
2024-05-04,COR,21:30,7317,317,05,Cachorro,7641,641,11,Cavalo,7942,942,11,Cavalo,1464,464,16,Leão,8794,794,24,Veado
2024-05-05,PPT,09:30,6953,953,14,Gato,9033,033,09,Cobra,1503,503,01,Avestruz,7465,465,17,Macaco,5301,301,01,Avestruz
2024-05-05,PTM,11:30,8187,187,22,Tigre,8045,045,12,Elefante,0104,104,01,Avestruz,2660,660,15,Jacaré,4469,469,18,Porco
2024-05-05,PT,14:30,7659,659,15,Jacaré,7398,398,25,Vaca,5479,479,20,Peru,4231,231,08,Camelo,0205,205,02,Águia
2024-05-05,PTV,16:30,5749,749,13,Galo,2771,771,18,Porco,9601,601,01,Avestruz,5197,197,25,Vaca,5568,568,17,Macaco
2024-05-06,PPT,09:30,4635,635,09,Cobra,2891,891,23,Urso,9120,120,05,Cachorro,2923,923,06,Cabra,2214,214,04,Borboleta
2024-05-06,PTM,11:30,6020,020,05,Cachorro,5256,256,14,Gato,2070,070,18,Porco,3487,487,22,Tigre,5006,006,02,Águia
2024-05-06,PT,14:30,0844,844,11,Cavalo,8182,182,21,Touro,0295,295,24,Veado,2053,053,14,Gato,1432,432,08,Camelo
2024-05-06,PTV,16:30,2700,700,25,Vaca,1801,801,01,Avestruz,7472,472,18,Porco,4825,825,07,Carneiro,3565,565,17,Macaco
2024-05-06,PTN,,0708,708,02,Águia,0215,215,04,Borboleta,3440,440,10,Coelho,0548,548,12,Elefante,0730,730,08,Camelo
2024-05-06,COR,21:30,6413,413,04,Borboleta,0353,353,14,Gato,8764,764,16,Leão,0935,935,09,Cobra,8980,980,20,Peru
2024-05-07,PPT,09:30,7220,220,05,Cachorro,8604,604,01,Avestruz,2404,404,01,Avestruz,0505,505,02,Águia,4934,934,09,Cobra
2024-05-07,PTM,11:30,8969,969,18,Porco,7763,763,16,Leão,9096,096,24,Veado,3851,851,13,Galo,6186,186,22,Tigre
2024-05-07,PT,14:30,7932,932,08,Camelo,4247,247,12,Elefante,6283,283,21,Touro,1939,939,10,Coelho,3071,071,18,Porco
2024-05-07,PTV,16:30,0737,737,10,Coelho,5074,074,19,Pavão,7428,428,07,Carneiro,8157,157,15,Jacaré,4943,943,11,Cavalo
2024-05-07,PTN,,2373,373,19,Pavão,8634,634,09,Cobra,6340,340,10,Coelho,3657,657,15,Jacaré,7364,364,16,Leão
2024-05-07,COR,21:30,6537,537,10,Coelho,2308,308,02,Águia,3368,368,17,Macaco,1353,353,14,Gato,5716,716,04,Borboleta
2024-05-08,PPT,09:30,6223,223,06,Cabra,8850,850,13,Galo,7406,406,02,Águia,0834,834,09,Cobra,8681,681,21,Touro
2024-05-08,PTM,11:30,6496,496,24,Veado,1137,137,10,Coelho,0029,029,08,Camelo,6618,618,05,Cachorro,3176,176,19,Pavão
2024-05-08,PT,14:30,6618,618,05,Cachorro,9589,589,23,Urso,6125,125,07,Carneiro,0049,049,13,Galo,2885,885,22,Tigre
2024-05-08,PTV,16:30,9495,495,24,Veado,2930,930,08,Camelo,3917,917,05,Cachorro,4697,697,25,Vaca,5908,908,02,Águia
2024-05-08,FED,,9077,077,20,Peru,0998,998,25,Vaca,2079,079,20,Peru,8474,474,19,Pavão,7586,586,22,Tigre
2024-05-08,COR,21:30,5732,732,08,Camelo,7302,302,01,Avestruz,4587,587,22,Tigre,5442,442,11,Cavalo,8848,848,12,Elefante
2024-05-09,PPT,09:30,9760,760,15,Jacaré,1932,932,08,Camelo,5011,011,03,Burro,7852,852,13,Galo,5332,332,08,Camelo
2024-05-09,PTM,11:30,7862,862,16,Leão,0271,271,18,Porco,7578,578,20,Peru,9999,999,25,Vaca,2982,982,21,Touro
2024-05-09,PT,14:30,5757,757,15,Jacaré,9760,760,15,Jacaré,2689,689,23,Urso,3854,854,14,Gato,2365,365,17,Macaco
2024-05-09,PTV,16:30,9068,068,17,Macaco,5642,642,11,Cavalo,7697,697,25,Vaca,9361,361,16,Leão,2857,857,15,Jacaré
2024-05-09,PTN,,3471,471,18,Porco,7049,049,13,Galo,1745,745,12,Elefante,7892,892,23,Urso,3823,823,06,Cabra
2024-05-09,COR,21:30,2105,105,02,Águia,7865,865,17,Macaco,5479,479,20,Peru,2715,715,04,Borboleta,6315,315,04,Borboleta
2024-05-10,PPT,09:30,3775,775,19,Pavão,5308,308,02,Águia,9799,799,25,Vaca,9400,400,25,Vaca,6995,995,24,Veado
2024-05-10,PTM,11:30,7468,468,17,Macaco,9711,711,03,Burro,3669,669,18,Porco,6649,649,13,Galo,3226,226,07,Carneiro
2024-05-10,PT,14:30,7400,400,25,Vaca,8063,063,16,Leão,9071,071,18,Porco,1482,482,21,Touro,4542,542,11,Cavalo
2024-05-10,PTV,16:30,0235,235,09,Cobra,1706,706,02,Águia,7039,039,10,Coelho,3650,650,13,Galo,2547,547,12,Elefante
2024-05-10,PTN,,3510,510,03,Burro,6909,909,03,Burro,3747,747,12,Elefante,1684,684,21,Touro,3661,661,16,Leão
2024-05-10,COR,21:30,5150,150,13,Galo,2404,404,01,Avestruz,7804,804,01,Avestruz,5137,137,10,Coelho,7937,937,10,Coelho
2024-05-11,PPT,09:30,5532,532,08,Camelo,6766,766,17,Macaco,8849,849,13,Galo,8292,292,23,Urso,8207,207,02,Águia
2024-05-11,PTM,11:30,4488,488,22,Tigre,9001,001,01,Avestruz,3556,556,14,Gato,1332,332,08,Camelo,3110,110,03,Burro
2024-05-11,PT,14:30,4531,531,08,Camelo,5667,667,17,Macaco,8619,619,05,Cachorro,1832,832,08,Camelo,6100,100,25,Vaca
2024-05-11,PTV,16:30,5250,250,13,Galo,8840,840,10,Coelho,4354,354,14,Gato,1345,345,12,Elefante,2463,463,16,Leão
2024-05-11,FED,,0847,847,12,Elefante,3121,121,06,Cabra,5274,274,19,Pavão,8197,197,25,Vaca,4897,897,25,Vaca
2024-05-11,COR,21:30,5500,500,25,Vaca,3635,635,09,Cobra,2390,390,23,Urso,7768,768,17,Macaco,8772,772,18,Porco
2024-05-12,PPT,09:30,4131,131,08,Camelo,3294,294,24,Veado,6926,926,07,Carneiro,9372,372,18,Porco,0710,710,03,Burro
2024-05-12,PTM,11:30,2280,280,20,Peru,9067,067,17,Macaco,3433,433,09,Cobra,2307,307,02,Águia,7843,843,11,Cavalo
2024-05-12,PT,14:30,8769,769,18,Porco,5711,711,03,Burro,6736,736,09,Cobra,3973,973,19,Pavão,2266,266,17,Macaco
2024-05-12,PTV,16:30,6534,534,09,Cobra,6504,504,01,Avestruz,1469,469,18,Porco,5959,959,15,Jacaré,1246,246,12,Elefante
2024-05-13,PPT,09:30,4173,173,19,Pavão,2596,596,24,Veado,2367,367,17,Macaco,2655,655,14,Gato,5156,156,14,Gato
2024-05-13,PTM,11:30,5040,040,10,Coelho,8921,921,06,Cabra,3723,723,06,Cabra,1851,851,13,Galo,6661,661,16,Leão
2024-05-13,PT,14:30,3840,840,10,Coelho,7000,000,25,Vaca,4358,358,15,Jacaré,9459,459,15,Jacaré,8416,416,04,Borboleta
2024-05-13,PTV,16:30,7024,024,06,Cabra,9100,100,25,Vaca,5916,916,04,Borboleta,4269,269,18,Porco,9759,759,15,Jacaré
2024-05-13,PTN,,8433,433,09,Cobra,9465,465,17,Macaco,3775,775,19,Pavão,2754,754,14,Gato,5272,272,18,Porco
2024-05-13,COR,21:30,4960,960,15,Jacaré,3689,689,23,Urso,6681,681,21,Touro,5679,679,20,Peru,6453,453,14,Gato
2024-05-14,PPT,09:30,8042,042,11,Cavalo,4376,376,19,Pavão,9104,104,01,Avestruz,5766,766,17,Macaco,2637,637,10,Coelho
2024-05-14,PTM,11:30,1102,102,01,Avestruz,9359,359,15,Jacaré,4411,411,03,Burro,9288,288,22,Tigre,5382,382,21,Touro
2024-05-14,PT,14:30,2656,656,14,Gato,8021,021,06,Cabra,9282,282,21,Touro,3473,473,19,Pavão,6924,924,06,Cabra
2024-05-14,PTV,16:30,2049,049,13,Galo,3373,373,19,Pavão,4137,137,10,Coelho,7362,362,16,Leão,2460,460,15,Jacaré
2024-05-14,PTN,,7703,703,01,Avestruz,2338,338,10,Coelho,7843,843,11,Cavalo,5456,456,14,Gato,2675,675,19,Pavão
2024-05-14,COR,21:30,8893,893,24,Veado,4091,091,23,Urso,6095,095,24,Veado,6587,587,22,Tigre,8691,691,23,Urso
2024-05-15,PPT,09:30,6655,655,14,Gato,2411,411,03,Burro,9332,332,08,Camelo,3147,147,12,Elefante,1372,372,18,Porco
2024-05-15,PTM,11:30,7432,432,08,Camelo,7667,667,17,Macaco,1720,720,05,Cachorro,7693,693,24,Veado,6736,736,09,Cobra
2024-05-15,PT,14:30,7002,002,01,Avestruz,1564,564,16,Leão,7740,740,10,Coelho,9017,017,05,Cachorro,0724,724,06,Cabra
2024-05-15,PTV,16:30,6408,408,02,Águia,6197,197,25,Vaca,6594,594,24,Veado,2932,932,08,Camelo,0082,082,21,Touro
2024-05-15,FED,,8678,678,20,Peru,3862,862,16,Leão,8812,812,03,Burro,8760,760,15,Jacaré,0974,974,19,Pavão
2024-05-15,COR,21:30,8319,319,05,Cachorro,0707,707,02,Águia,5055,055,14,Gato,7842,842,11,Cavalo,6081,081,21,Touro
2024-05-16,PPT,09:30,0156,156,14,Gato,6611,611,03,Burro,8698,698,25,Vaca,3383,383,21,Touro,7400,400,25,Vaca
2024-05-16,PTM,11:30,9981,981,21,Touro,4814,814,04,Borboleta,9958,958,15,Jacaré,8161,161,16,Leão,6384,384,21,Touro
2024-05-16,PT,14:30,7838,838,10,Coelho,0936,936,09,Cobra,4066,066,17,Macaco,6675,675,19,Pavão,7952,952,13,Galo
2024-05-16,PTV,16:30,2953,953,14,Gato,2375,375,19,Pavão,1376,376,19,Pavão,6636,636,09,Cobra,2284,284,21,Touro
2024-05-16,PTN,,6771,771,18,Porco,2757,757,15,Jacaré,1224,224,06,Cabra,6397,397,25,Vaca,3854,854,14,Gato
2024-05-16,COR,21:30,6487,487,22,Tigre,4203,203,01,Avestruz,3925,925,07,Carneiro,9240,240,10,Coelho,0064,064,16,Leão
2024-05-17,PPT,09:30,8357,357,15,Jacaré,3763,763,16,Leão,7372,372,18,Porco,5870,870,18,Porco,9892,892,23,Urso
2024-05-17,PTM,11:30,4841,841,11,Cavalo,6416,416,04,Borboleta,6138,138,10,Coelho,6035,035,09,Cobra,3565,565,17,Macaco
2024-05-17,PT,14:30,5573,573,19,Pavão,0372,372,18,Porco,6692,692,23,Urso,8797,797,25,Vaca,9922,922,06,Cabra
2024-05-17,PTV,16:30,6433,433,09,Cobra,7305,305,02,Águia,7040,040,10,Coelho,1011,011,03,Burro,3475,475,19,Pavão
2024-05-17,PTN,,5414,414,04,Borboleta,8199,199,25,Vaca,9144,144,11,Cavalo,3085,085,22,Tigre,8998,998,25,Vaca
2024-05-17,COR,21:30,2555,555,14,Gato,0325,325,07,Carneiro,7714,714,04,Borboleta,2713,713,04,Borboleta,1259,259,15,Jacaré
2024-05-18,PPT,09:30,6837,837,10,Coelho,0572,572,18,Porco,5260,260,15,Jacaré,4453,453,14,Gato,6300,300,25,Vaca
2024-05-18,PTM,11:30,1430,430,08,Camelo,7743,743,11,Cavalo,0516,516,04,Borboleta,8267,267,17,Macaco,8319,319,05,Cachorro
2024-05-18,PT,14:30,7514,514,04,Borboleta,3128,128,07,Carneiro,0009,009,03,Burro,8591,591,23,Urso,3228,228,07,Carneiro
2024-05-18,PTV,16:30,8733,733,09,Cobra,3551,551,13,Galo,3595,595,24,Veado,0064,064,16,Leão,2086,086,22,Tigre
2024-05-18,FED,,5181,181,21,Touro,3218,218,05,Cachorro,9816,816,04,Borboleta,9331,331,08,Camelo,7180,180,20,Peru
2024-05-18,COR,21:30,4349,349,13,Galo,0737,737,10,Coelho,9293,293,24,Veado,2215,215,04,Borboleta,9736,736,09,Cobra
2024-05-19,PPT,09:30,6654,654,14,Gato,1182,182,21,Touro,4845,845,12,Elefante,3640,640,10,Coelho,3356,356,14,Gato
2024-05-19,PTM,11:30,6140,140,10,Coelho,3735,735,09,Cobra,0394,394,24,Veado,2684,684,21,Touro,7514,514,04,Borboleta
2024-05-19,PT,14:30,2601,601,01,Avestruz,4093,093,24,Veado,9867,867,17,Macaco,9768,768,17,Macaco,0910,910,03,Burro
2024-05-19,PTV,16:30,5598,598,25,Vaca,1691,691,23,Urso,6649,649,13,Galo,8524,524,06,Cabra,9627,627,07,Carneiro
2024-05-20,PPT,09:30,8314,314,04,Borboleta,3695,695,24,Veado,8943,943,11,Cavalo,6935,935,09,Cobra,2738,738,10,Coelho
2024-05-20,PTM,11:30,6595,595,24,Veado,0451,451,13,Galo,5289,289,23,Urso,9782,782,21,Touro,6226,226,07,Carneiro
2024-05-20,PT,14:30,5983,983,21,Touro,7022,022,06,Cabra,7222,222,06,Cabra,8916,916,04,Borboleta,3641,641,11,Cavalo
2024-05-20,PTV,16:30,3219,219,05,Cachorro,0790,790,23,Urso,4744,744,11,Cavalo,4422,422,06,Cabra,9128,128,07,Carneiro
2024-05-20,PTN,,3111,111,03,Burro,3960,960,15,Jacaré,7673,673,19,Pavão,5837,837,10,Coelho,8308,308,02,Águia
2024-05-20,COR,21:30,2220,220,05,Cachorro,5682,682,21,Touro,3749,749,13,Galo,7724,724,06,Cabra,5548,548,12,Elefante
2024-05-21,PPT,09:30,5582,582,21,Touro,2439,439,10,Coelho,7452,452,13,Galo,5293,293,24,Veado,6887,887,22,Tigre
2024-05-21,PTM,11:30,1637,637,10,Coelho,2259,259,15,Jacaré,8239,239,10,Coelho,8304,304,01,Avestruz,6810,810,03,Burro
2024-05-21,PT,14:30,0836,836,09,Cobra,8956,956,14,Gato,5291,291,23,Urso,3974,974,19,Pavão,1632,632,08,Camelo
2024-05-21,PTV,16:30,7929,929,08,Camelo,2521,521,06,Cabra,3577,577,20,Peru,9478,478,20,Peru,1559,559,15,Jacaré
2024-05-21,PTN,,1753,753,14,Gato,7549,549,13,Galo,1253,253,14,Gato,6161,161,16,Leão,2268,268,17,Macaco
2024-05-21,COR,21:30,4354,354,14,Gato,5070,070,18,Porco,9587,587,22,Tigre,7387,387,22,Tigre,1402,402,01,Avestruz
2024-05-22,PPT,09:30,4363,363,16,Leão,1141,141,11,Cavalo,9591,591,23,Urso,7559,559,15,Jacaré,4842,842,11,Cavalo
2024-05-22,PTM,11:30,3763,763,16,Leão,9965,965,17,Macaco,5524,524,06,Cabra,4771,771,18,Porco,7665,665,17,Macaco
2024-05-22,PT,14:30,9078,078,20,Peru,2809,809,03,Burro,9792,792,23,Urso,5446,446,12,Elefante,4619,619,05,Cachorro
2024-05-22,PTV,16:30,8582,582,21,Touro,5118,118,05,Cachorro,4017,017,05,Cachorro,2089,089,23,Urso,5532,532,08,Camelo
2024-05-22,FED,,3803,803,01,Avestruz,7126,126,07,Carneiro,4770,770,18,Porco,3869,869,18,Porco,9766,766,17,Macaco
2024-05-22,COR,21:30,3433,433,09,Cobra,9823,823,06,Cabra,6688,688,22,Tigre,9479,479,20,Peru,6492,492,23,Urso
2024-05-23,PPT,09:30,4705,705,02,Águia,5691,691,23,Urso,2868,868,17,Macaco,3366,366,17,Macaco,5104,104,01,Avestruz
2024-05-23,PTM,11:30,0456,456,14,Gato,5325,325,07,Carneiro,7981,981,21,Touro,0449,449,13,Galo,1284,284,21,Touro
2024-05-23,PT,14:30,2164,164,16,Leão,1708,708,02,Águia,1473,473,19,Pavão,0699,699,25,Vaca,7809,809,03,Burro
2024-05-23,PTV,16:30,9106,106,02,Águia,0323,323,06,Cabra,9160,160,15,Jacaré,2944,944,11,Cavalo,9162,162,16,Leão
2024-05-23,PTN,,2156,156,14,Gato,9178,178,20,Peru,4494,494,24,Veado,9769,769,18,Porco,3969,969,18,Porco
2024-05-23,COR,21:30,8874,874,19,Pavão,4287,287,22,Tigre,3378,378,20,Peru,8217,217,05,Cachorro,2351,351,13,Galo
2024-05-24,PPT,09:30,8590,590,23,Urso,5449,449,13,Galo,4063,063,16,Leão,6135,135,09,Cobra,3189,189,23,Urso
2024-05-24,PTM,11:30,7401,401,01,Avestruz,5471,471,18,Porco,0457,457,15,Jacaré,5815,815,04,Borboleta,1282,282,21,Touro
2024-05-24,PT,14:30,6421,421,06,Cabra,9969,969,18,Porco,5207,207,02,Águia,3575,575,19,Pavão,8022,022,06,Cabra
2024-05-24,PTV,16:30,4183,183,21,Touro,0894,894,24,Veado,4546,546,12,Elefante,3731,731,08,Camelo,2135,135,09,Cobra
2024-05-24,PTN,,3213,213,04,Borboleta,6373,373,19,Pavão,3879,879,20,Peru,6872,872,18,Porco,7491,491,23,Urso
2024-05-24,COR,21:30,8410,410,03,Burro,0748,748,12,Elefante,7221,221,06,Cabra,6923,923,06,Cabra,3469,469,18,Porco
2024-05-25,PPT,09:30,0855,855,14,Gato,9290,290,23,Urso,8879,879,20,Peru,8374,374,19,Pavão,0040,040,10,Coelho
2024-05-25,PTM,11:30,2795,795,24,Veado,1553,553,14,Gato,0909,909,03,Burro,2252,252,13,Galo,4755,755,14,Gato
2024-05-25,PT,14:30,0068,068,17,Macaco,5310,310,03,Burro,0053,053,14,Gato,6213,213,04,Borboleta,6206,206,02,Águia
2024-05-25,PTV,16:30,9481,481,21,Touro,3585,585,22,Tigre,0287,287,22,Tigre,8613,613,04,Borboleta,4313,313,04,Borboleta
2024-05-25,FED,,6748,748,12,Elefante,4699,699,25,Vaca,4250,250,13,Galo,1446,446,12,Elefante,1256,256,14,Gato
2024-05-25,COR,21:30,9927,927,07,Carneiro,0923,923,06,Cabra,3808,808,02,Águia,2681,681,21,Touro,6571,571,18,Porco
2024-05-26,PPT,09:30,6071,071,18,Porco,2865,865,17,Macaco,7093,093,24,Veado,2723,723,06,Cabra,0272,272,18,Porco
2024-05-26,PTM,11:30,6841,841,11,Cavalo,2786,786,22,Tigre,6392,392,23,Urso,8030,030,08,Camelo,7763,763,16,Leão
2024-05-26,PT,14:30,8086,086,22,Tigre,4257,257,15,Jacaré,0439,439,10,Coelho,5496,496,24,Veado,1115,115,04,Borboleta
2024-05-26,PTV,16:30,9650,650,13,Galo,3504,504,01,Avestruz,1832,832,08,Camelo,3460,460,15,Jacaré,8665,665,17,Macaco
2024-05-27,PPT,09:30,6438,438,10,Coelho,7103,103,01,Avestruz,8334,334,09,Cobra,9851,851,13,Galo,6528,528,07,Carneiro
2024-05-27,PTM,11:30,9190,190,23,Urso,5325,325,07,Carneiro,9477,477,20,Peru,3031,031,08,Camelo,0184,184,21,Touro
2024-05-27,PT,14:30,8874,874,19,Pavão,2481,481,21,Touro,8548,548,12,Elefante,4643,643,11,Cavalo,2343,343,11,Cavalo
2024-05-27,PTV,16:30,0201,201,01,Avestruz,6776,776,19,Pavão,1811,811,03,Burro,3241,241,11,Cavalo,0367,367,17,Macaco
2024-05-27,PTN,,7707,707,02,Águia,2373,373,19,Pavão,9362,362,16,Leão,7118,118,05,Cachorro,2818,818,05,Cachorro
2024-05-27,COR,21:30,8819,819,05,Cachorro,2395,395,24,Veado,8972,972,18,Porco,1605,605,02,Águia,7443,443,11,Cavalo
2024-05-28,PPT,09:30,2352,352,13,Galo,8074,074,19,Pavão,8281,281,21,Touro,5227,227,07,Carneiro,1318,318,05,Cachorro
2024-05-28,PTM,11:30,5739,739,10,Coelho,9453,453,14,Gato,2225,225,07,Carneiro,3038,038,10,Coelho,8328,328,07,Carneiro
2024-05-28,PT,14:30,6552,552,13,Galo,2322,322,06,Cabra,4570,570,18,Porco,2351,351,13,Galo,9047,047,12,Elefante
2024-05-28,PTV,16:30,6904,904,01,Avestruz,5629,629,08,Camelo,9957,957,15,Jacaré,8637,637,10,Coelho,2569,569,18,Porco
2024-05-28,PTN,,7367,367,17,Macaco,3673,673,19,Pavão,4394,394,24,Veado,9645,645,12,Elefante,3126,126,07,Carneiro
2024-05-28,COR,21:30,8633,633,09,Cobra,3815,815,04,Borboleta,9023,023,06,Cabra,1128,128,07,Carneiro,8730,730,08,Camelo
2024-05-29,PPT,09:30,2952,952,13,Galo,2695,695,24,Veado,8543,543,11,Cavalo,8098,098,25,Vaca,6377,377,20,Peru
2024-05-29,PTM,11:30,1009,009,03,Burro,8725,725,07,Carneiro,7871,871,18,Porco,4679,679,20,Peru,1486,486,22,Tigre
2024-05-29,PT,14:30,0829,829,08,Camelo,8866,866,17,Macaco,0724,724,06,Cabra,2882,882,21,Touro,4979,979,20,Peru
2024-05-29,PTV,16:30,5878,878,20,Peru,5522,522,06,Cabra,5032,032,08,Camelo,1048,048,12,Elefante,6635,635,09,Cobra
2024-05-29,FED,,6463,463,16,Leão,7578,578,20,Peru,7774,774,19,Pavão,0040,040,10,Coelho,0530,530,08,Camelo
2024-05-29,COR,21:30,9253,253,14,Gato,6918,918,05,Cachorro,8482,482,21,Touro,1829,829,08,Camelo,9710,710,03,Burro
2024-05-30,PPT,09:30,4920,920,05,Cachorro,1315,315,04,Borboleta,8993,993,24,Veado,1537,537,10,Coelho,7563,563,16,Leão
2024-05-30,PTM,11:30,0624,624,06,Cabra,0895,895,24,Veado,7468,468,17,Macaco,8614,614,04,Borboleta,0731,731,08,Camelo
2024-05-30,PT,14:30,2086,086,22,Tigre,3624,624,06,Cabra,3761,761,16,Leão,1421,421,06,Cabra,0582,582,21,Touro
2024-05-30,PTV,16:30,3911,911,03,Burro,4641,641,11,Cavalo,1561,561,16,Leão,8899,899,25,Vaca,4227,227,07,Carneiro
2024-05-30,PTN,,9320,320,05,Cachorro,5236,236,09,Cobra,8106,106,02,Águia,6137,137,10,Coelho,3615,615,04,Borboleta
2024-05-30,COR,21:30,0063,063,16,Leão,5578,578,20,Peru,6156,156,14,Gato,6867,867,17,Macaco,2270,270,18,Porco
2024-05-31,PPT,09:30,6336,336,09,Cobra,0945,945,12,Elefante,8171,171,18,Porco,0509,509,03,Burro,9747,747,12,Elefante
2024-05-31,PTM,11:30,6352,352,13,Galo,2594,594,24,Veado,6334,334,09,Cobra,1570,570,18,Porco,7515,515,04,Borboleta
2024-05-31,PT,14:30,3814,814,04,Borboleta,4046,046,12,Elefante,7520,520,05,Cachorro,7835,835,09,Cobra,6098,098,25,Vaca
2024-05-31,PTV,16:30,9309,309,03,Burro,5888,888,22,Tigre,2603,603,01,Avestruz,9211,211,03,Burro,2517,517,05,Cachorro
2024-05-31,PTN,,9099,099,25,Vaca,3098,098,25,Vaca,4965,965,17,Macaco,3322,322,06,Cabra,1660,660,15,Jacaré
2024-05-31,COR,21:30,1444,444,11,Cavalo,5008,008,02,Águia,0888,888,22,Tigre,1427,427,07,Carneiro,2363,363,16,Leão
2024-06-01,PPT,09:30,6472,472,18,Porco,4607,607,02,Águia,8727,727,07,Carneiro,5699,699,25,Vaca,3206,206,02,Águia
2024-06-01,PTM,11:30,7792,792,23,Urso,4926,926,07,Carneiro,7180,180,20,Peru,7354,354,14,Gato,3214,214,04,Borboleta
2024-06-01,PT,14:30,9729,729,08,Camelo,5748,748,12,Elefante,5343,343,11,Cavalo,2759,759,15,Jacaré,5534,534,09,Cobra
2024-06-01,PTV,16:30,3050,050,13,Galo,4893,893,24,Veado,0856,856,14,Gato,6704,704,01,Avestruz,5533,533,09,Cobra
2024-06-01,FED,,7856,856,14,Gato,6101,101,01,Avestruz,9828,828,07,Carneiro,7831,831,08,Camelo,4866,866,17,Macaco
2024-06-01,COR,21:30,4589,589,23,Urso,4708,708,02,Águia,8454,454,14,Gato,1190,190,23,Urso,5766,766,17,Macaco
2024-06-02,PPT,09:30,6262,262,16,Leão,2571,571,18,Porco,5778,778,20,Peru,7289,289,23,Urso,6397,397,25,Vaca
2024-06-02,PTM,11:30,9966,966,17,Macaco,7806,806,02,Águia,2510,510,03,Burro,1950,950,13,Galo,3957,957,15,Jacaré
2024-06-02,PT,14:30,7440,440,10,Coelho,5879,879,20,Peru,0293,293,24,Veado,2519,519,05,Cachorro,7016,016,04,Borboleta
2024-06-02,PTV,16:30,6152,152,13,Galo,4094,094,24,Veado,1889,889,23,Urso,0461,461,16,Leão,6078,078,20,Peru
2024-06-03,PPT,09:30,7872,872,18,Porco,8749,749,13,Galo,2321,321,06,Cabra,7989,989,23,Urso,8409,409,03,Burro
2024-06-03,PTM,11:30,9894,894,24,Veado,6636,636,09,Cobra,9621,621,06,Cabra,7789,789,23,Urso,3743,743,11,Cavalo
2024-06-03,PT,14:30,9497,497,25,Vaca,6933,933,09,Cobra,3970,970,18,Porco,1440,440,10,Coelho,7559,559,15,Jacaré
2024-06-03,PTV,16:30,5155,155,14,Gato,1324,324,06,Cabra,6880,880,20,Peru,9677,677,20,Peru,7759,759,15,Jacaré
2024-06-03,PTN,,8295,295,24,Veado,2082,082,21,Touro,9481,481,21,Touro,7054,054,14,Gato,0452,452,13,Galo
2024-06-03,COR,21:30,2657,657,15,Jacaré,5668,668,17,Macaco,7564,564,16,Leão,1022,022,06,Cabra,8607,607,02,Águia
2024-06-04,PPT,09:30,4825,825,07,Carneiro,6302,302,01,Avestruz,0289,289,23,Urso,1439,439,10,Coelho,3910,910,03,Burro
2024-06-04,PTM,11:30,8330,330,08,Camelo,5319,319,05,Cachorro,9920,920,05,Cachorro,0636,636,09,Cobra,7269,269,18,Porco
2024-06-04,PT,14:30,7610,610,03,Burro,5762,762,16,Leão,6680,680,20,Peru,2812,812,03,Burro,5753,753,14,Gato
2024-06-04,PTV,16:30,3159,159,15,Jacaré,6131,131,08,Camelo,6948,948,12,Elefante,0820,820,05,Cachorro,2352,352,13,Galo
2024-06-04,PTN,,0664,664,16,Leão,6394,394,24,Veado,2142,142,11,Cavalo,9532,532,08,Camelo,5271,271,18,Porco
2024-06-04,COR,21:30,6872,872,18,Porco,8213,213,04,Borboleta,7877,877,20,Peru,8314,314,04,Borboleta,2980,980,20,Peru
2024-06-05,PPT,09:30,9222,222,06,Cabra,5564,564,16,Leão,1478,478,20,Peru,2810,810,03,Burro,1236,236,09,Cobra
2024-06-05,PTM,11:30,7960,960,15,Jacaré,5444,444,11,Cavalo,2091,091,23,Urso,0331,331,08,Camelo,0588,588,22,Tigre
2024-06-05,PT,14:30,7052,052,13,Galo,1607,607,02,Águia,4755,755,14,Gato,0470,470,18,Porco,9720,720,05,Cachorro
2024-06-05,PTV,16:30,4889,889,23,Urso,2495,495,24,Veado,0325,325,07,Carneiro,9067,067,17,Macaco,6420,420,05,Cachorro
2024-06-05,FED,,5264,264,16,Leão,1591,591,23,Urso,0413,413,04,Borboleta,0979,979,20,Peru,4535,535,09,Cobra
2024-06-05,COR,21:30,0332,332,08,Camelo,2807,807,02,Águia,6851,851,13,Galo,0002,002,01,Avestruz,1324,324,06,Cabra
2024-06-06,PPT,09:30,5071,071,18,Porco,4105,105,02,Águia,6382,382,21,Touro,5430,430,08,Camelo,4476,476,19,Pavão
2024-06-06,PTM,11:30,2437,437,10,Coelho,7181,181,21,Touro,8743,743,11,Cavalo,5257,257,15,Jacaré,9680,680,20,Peru
2024-06-06,PT,14:30,2014,014,04,Borboleta,9162,162,16,Leão,9373,373,19,Pavão,1704,704,01,Avestruz,0508,508,02,Águia
2024-06-06,PTV,16:30,9446,446,12,Elefante,0293,293,24,Veado,0362,362,16,Leão,8413,413,04,Borboleta,3079,079,20,Peru
2024-06-06,PTN,,5832,832,08,Camelo,0602,602,01,Avestruz,0506,506,02,Águia,8279,279,20,Peru,0537,537,10,Coelho
2024-06-06,COR,21:30,7359,359,15,Jacaré,1067,067,17,Macaco,3707,707,02,Águia,3696,696,24,Veado,9659,659,15,Jacaré
2024-06-07,PPT,09:30,0978,978,20,Peru,7558,558,15,Jacaré,2539,539,10,Coelho,3799,799,25,Vaca,8493,493,24,Veado
2024-06-07,PTM,11:30,2660,660,15,Jacaré,9224,224,06,Cabra,7937,937,10,Coelho,9433,433,09,Cobra,0743,743,11,Cavalo
2024-06-07,PT,14:30,3763,763,16,Leão,2539,539,10,Coelho,2635,635,09,Cobra,0558,558,15,Jacaré,4661,661,16,Leão
2024-06-07,PTV,16:30,5651,651,13,Galo,6160,160,15,Jacaré,2990,990,23,Urso,2930,930,08,Camelo,3347,347,12,Elefante
2024-06-07,PTN,,1213,213,04,Borboleta,5057,057,15,Jacaré,1855,855,14,Gato,3911,911,03,Burro,2597,597,25,Vaca
2024-06-07,COR,21:30,4572,572,18,Porco,9092,092,23,Urso,3145,145,12,Elefante,8164,164,16,Leão,6698,698,25,Vaca
2024-06-08,PPT,09:30,2153,153,14,Gato,0347,347,12,Elefante,8863,863,16,Leão,8250,250,13,Galo,0292,292,23,Urso
2024-06-08,PTM,11:30,4191,191,23,Urso,1793,793,24,Veado,1571,571,18,Porco,1318,318,05,Cachorro,2792,792,23,Urso
2024-06-08,PT,14:30,2479,479,20,Peru,1253,253,14,Gato,8667,667,17,Macaco,8111,111,03,Burro,3492,492,23,Urso
2024-06-08,PTV,16:30,9941,941,11,Cavalo,1121,121,06,Cabra,7641,641,11,Cavalo,1482,482,21,Touro,6367,367,17,Macaco
2024-06-08,FED,,5559,559,15,Jacaré,7686,686,22,Tigre,7167,167,17,Macaco,3932,932,08,Camelo,2804,804,01,Avestruz
2024-06-08,COR,21:30,8308,308,02,Águia,1270,270,18,Porco,9897,897,25,Vaca,9305,305,02,Águia,0125,125,07,Carneiro
2024-06-09,PPT,09:30,1988,988,22,Tigre,7675,675,19,Pavão,7586,586,22,Tigre,3356,356,14,Gato,5510,510,03,Burro
2024-06-09,PTM,11:30,0695,695,24,Veado,6657,657,15,Jacaré,8984,984,21,Touro,4337,337,10,Coelho,6592,592,23,Urso
2024-06-09,PT,14:30,7490,490,23,Urso,9845,845,12,Elefante,3596,596,24,Veado,0547,547,12,Elefante,2443,443,11,Cavalo
2024-06-09,PTV,16:30,6712,712,03,Burro,7336,336,09,Cobra,8071,071,18,Porco,2508,508,02,Águia,7667,667,17,Macaco
2024-06-10,PPT,09:30,2697,697,25,Vaca,7676,676,19,Pavão,9023,023,06,Cabra,5445,445,12,Elefante,5799,799,25,Vaca
2024-06-10,PTM,11:30,8749,749,13,Galo,9937,937,10,Coelho,1553,553,14,Gato,0728,728,07,Carneiro,2691,691,23,Urso
2024-06-10,PT,14:30,8214,214,04,Borboleta,8777,777,20,Peru,8287,287,22,Tigre,0168,168,17,Macaco,4769,769,18,Porco
2024-06-10,PTV,16:30,5167,167,17,Macaco,2837,837,10,Coelho,7607,607,02,Águia,5683,683,21,Touro,8244,244,11,Cavalo
2024-06-10,PTN,,2628,628,07,Carneiro,9988,988,22,Tigre,8054,054,14,Gato,8795,795,24,Veado,3694,694,24,Veado
2024-06-10,COR,21:30,7246,246,12,Elefante,4591,591,23,Urso,7676,676,19,Pavão,5273,273,19,Pavão,3368,368,17,Macaco
2024-06-11,PPT,09:30,9016,016,04,Borboleta,5107,107,02,Águia,2504,504,01,Avestruz,9551,551,13,Galo,7419,419,05,Cachorro
2024-06-11,PTM,11:30,8110,110,03,Burro,9767,767,17,Macaco,3537,537,10,Coelho,7126,126,07,Carneiro,6619,619,05,Cachorro
2024-06-11,PT,14:30,7060,060,15,Jacaré,5075,075,19,Pavão,8134,134,09,Cobra,0796,796,24,Veado,7995,995,24,Veado
2024-06-11,PTV,16:30,4429,429,08,Camelo,0345,345,12,Elefante,8195,195,24,Veado,2525,525,07,Carneiro,7706,706,02,Águia
2024-06-11,PTN,,1895,895,24,Veado,3008,008,02,Águia,3261,261,16,Leão,9379,379,20,Peru,8399,399,25,Vaca
2024-06-11,COR,21:30,7262,262,16,Leão,5435,435,09,Cobra,9553,553,14,Gato,8945,945,12,Elefante,9817,817,05,Cachorro
2024-06-12,PPT,09:30,6941,941,11,Cavalo,1231,231,08,Camelo,2363,363,16,Leão,2937,937,10,Coelho,9215,215,04,Borboleta
2024-06-12,PTM,11:30,4926,926,07,Carneiro,3581,581,21,Touro,9664,664,16,Leão,2631,631,08,Camelo,8755,755,14,Gato
2024-06-12,PT,14:30,1589,589,23,Urso,6633,633,09,Cobra,8796,796,24,Veado,7455,455,14,Gato,4362,362,16,Leão
2024-06-12,PTV,16:30,3441,441,11,Cavalo,3928,928,07,Carneiro,7470,470,18,Porco,5262,262,16,Leão,5587,587,22,Tigre
2024-06-12,FED,,8460,460,15,Jacaré,8703,703,01,Avestruz,1742,742,11,Cavalo,7057,057,15,Jacaré,7328,328,07,Carneiro
2024-06-12,COR,21:30,2900,900,25,Vaca,6024,024,06,Cabra,8719,719,05,Cachorro,7414,414,04,Borboleta,1480,480,20,Peru
2024-06-13,PPT,09:30,9582,582,21,Touro,4299,299,25,Vaca,5583,583,21,Touro,9318,318,05,Cachorro,1215,215,04,Borboleta
2024-06-13,PTM,11:30,0119,119,05,Cachorro,0958,958,15,Jacaré,0767,767,17,Macaco,3696,696,24,Veado,5178,178,20,Peru
2024-06-13,PT,14:30,8930,930,08,Camelo,7631,631,08,Camelo,7932,932,08,Camelo,6975,975,19,Pavão,7431,431,08,Camelo
2024-06-13,PTV,16:30,5957,957,15,Jacaré,8622,622,06,Cabra,1444,444,11,Cavalo,8061,061,16,Leão,2280,280,20,Peru
2024-06-13,PTN,,6027,027,07,Carneiro,4882,882,21,Touro,7262,262,16,Leão,5558,558,15,Jacaré,1435,435,09,Cobra
2024-06-13,COR,21:30,4714,714,04,Borboleta,5935,935,09,Cobra,5367,367,17,Macaco,2660,660,15,Jacaré,2723,723,06,Cabra
2024-06-14,PPT,09:30,2671,671,18,Porco,8539,539,10,Coelho,9496,496,24,Veado,8315,315,04,Borboleta,4941,941,11,Cavalo
2024-06-14,PTM,11:30,9043,043,11,Cavalo,5572,572,18,Porco,7300,300,25,Vaca,0147,147,12,Elefante,5944,944,11,Cavalo
2024-06-14,PT,14:30,0281,281,21,Touro,8408,408,02,Águia,2271,271,18,Porco,2350,350,13,Galo,9819,819,05,Cachorro
2024-06-14,PTV,16:30,2268,268,17,Macaco,7241,241,11,Cavalo,0815,815,04,Borboleta,4234,234,09,Cobra,1920,920,05,Cachorro
2024-06-14,PTN,,5173,173,19,Pavão,0455,455,14,Gato,6366,366,17,Macaco,0080,080,20,Peru,4549,549,13,Galo
2024-06-14,COR,21:30,9627,627,07,Carneiro,2953,953,14,Gato,0265,265,17,Macaco,3872,872,18,Porco,3842,842,11,Cavalo
2024-06-15,PPT,09:30,2691,691,23,Urso,5929,929,08,Camelo,8476,476,19,Pavão,0131,131,08,Camelo,5227,227,07,Carneiro
2024-06-15,PTM,11:30,9934,934,09,Cobra,2045,045,12,Elefante,0513,513,04,Borboleta,2881,881,21,Touro,8027,027,07,Carneiro
2024-06-15,PT,14:30,2547,547,12,Elefante,4037,037,10,Coelho,5470,470,18,Porco,5431,431,08,Camelo,3101,101,01,Avestruz
2024-06-15,PTV,16:30,8228,228,07,Carneiro,2185,185,22,Tigre,6727,727,07,Carneiro,3106,106,02,Águia,6568,568,17,Macaco
2024-06-15,FED,,1805,805,02,Águia,0139,139,10,Coelho,0808,808,02,Águia,3176,176,19,Pavão,2501,501,01,Avestruz
2024-06-15,COR,21:30,2331,331,08,Camelo,6610,610,03,Burro,7126,126,07,Carneiro,7152,152,13,Galo,1101,101,01,Avestruz
2024-06-16,PPT,09:30,1334,334,09,Cobra,7376,376,19,Pavão,1467,467,17,Macaco,4363,363,16,Leão,2589,589,23,Urso
2024-06-16,PTM,11:30,9280,280,20,Peru,5264,264,16,Leão,5358,358,15,Jacaré,2237,237,10,Coelho,1097,097,25,Vaca
2024-06-16,PT,14:30,9963,963,16,Leão,3020,020,05,Cachorro,1814,814,04,Borboleta,8717,717,05,Cachorro,6694,694,24,Veado
2024-06-16,PTV,16:30,8356,356,14,Gato,0151,151,13,Galo,9376,376,19,Pavão,5565,565,17,Macaco,9904,904,01,Avestruz
2024-06-17,PPT,09:30,9050,050,13,Galo,1999,999,25,Vaca,3739,739,10,Coelho,4347,347,12,Elefante,5265,265,17,Macaco
2024-06-17,PTM,11:30,9964,964,16,Leão,6996,996,24,Veado,3025,025,07,Carneiro,2448,448,12,Elefante,8198,198,25,Vaca
2024-06-17,PT,14:30,4043,043,11,Cavalo,2727,727,07,Carneiro,7322,322,06,Cabra,0676,676,19,Pavão,2865,865,17,Macaco
2024-06-17,PTV,16:30,3213,213,04,Borboleta,0333,333,09,Cobra,6780,780,20,Peru,0982,982,21,Touro,7370,370,18,Porco
2024-06-17,PTN,,3746,746,12,Elefante,5537,537,10,Coelho,4618,618,05,Cachorro,0107,107,02,Águia,3997,997,25,Vaca
2024-06-17,COR,21:30,7059,059,15,Jacaré,9617,617,05,Cachorro,9741,741,11,Cavalo,2291,291,23,Urso,3525,525,07,Carneiro
2024-06-18,PPT,09:30,2033,033,09,Cobra,7779,779,20,Peru,1277,277,20,Peru,6969,969,18,Porco,3064,064,16,Leão
2024-06-18,PTM,11:30,5445,445,12,Elefante,6178,178,20,Peru,8978,978,20,Peru,2855,855,14,Gato,3143,143,11,Cavalo
2024-06-18,PT,14:30,0237,237,10,Coelho,2298,298,25,Vaca,6529,529,08,Camelo,0213,213,04,Borboleta,6000,000,25,Vaca
2024-06-18,PTV,16:30,5154,154,14,Gato,4935,935,09,Cobra,4547,547,12,Elefante,2854,854,14,Gato,6869,869,18,Porco
2024-06-18,PTN,,4588,588,22,Tigre,8231,231,08,Camelo,1232,232,08,Camelo,9226,226,07,Carneiro,1304,304,01,Avestruz
2024-06-18,COR,21:30,0591,591,23,Urso,2106,106,02,Águia,8787,787,22,Tigre,2893,893,24,Veado,0094,094,24,Veado
2024-06-19,PPT,09:30,6688,688,22,Tigre,6466,466,17,Macaco,8182,182,21,Touro,8222,222,06,Cabra,5500,500,25,Vaca
2024-06-19,PTM,11:30,0550,550,13,Galo,2502,502,01,Avestruz,7129,129,08,Camelo,7184,184,21,Touro,5488,488,22,Tigre
2024-06-19,PT,14:30,9099,099,25,Vaca,5744,744,11,Cavalo,6381,381,21,Touro,0780,780,20,Peru,7508,508,02,Águia
2024-06-19,PTV,16:30,0490,490,23,Urso,9080,080,20,Peru,9068,068,17,Macaco,2825,825,07,Carneiro,1833,833,09,Cobra
2024-06-19,FED,,2749,749,13,Galo,8448,448,12,Elefante,6562,562,16,Leão,5577,577,20,Peru,0809,809,03,Burro
2024-06-19,COR,21:30,4681,681,21,Touro,7187,187,22,Tigre,9966,966,17,Macaco,4108,108,02,Águia,0264,264,16,Leão
2024-06-20,PPT,09:30,4217,217,05,Cachorro,0838,838,10,Coelho,8180,180,20,Peru,0268,268,17,Macaco,7877,877,20,Peru
2024-06-20,PTM,11:30,0530,530,08,Camelo,0958,958,15,Jacaré,4766,766,17,Macaco,6786,786,22,Tigre,5605,605,02,Águia
2024-06-20,PT,14:30,9217,217,05,Cachorro,7182,182,21,Touro,3058,058,15,Jacaré,7286,286,22,Tigre,8655,655,14,Gato
2024-06-20,PTV,16:30,0334,334,09,Cobra,2454,454,14,Gato,6275,275,19,Pavão,5450,450,13,Galo,6630,630,08,Camelo
2024-06-20,PTN,,6996,996,24,Veado,5140,140,10,Coelho,5227,227,07,Carneiro,1268,268,17,Macaco,9113,113,04,Borboleta
2024-06-20,COR,21:30,9600,600,25,Vaca,5015,015,04,Borboleta,7539,539,10,Coelho,4673,673,19,Pavão,4311,311,03,Burro
2024-06-21,PPT,09:30,0571,571,18,Porco,2224,224,06,Cabra,0485,485,22,Tigre,8926,926,07,Carneiro,1043,043,11,Cavalo
2024-06-21,PTM,11:30,2685,685,22,Tigre,9014,014,04,Borboleta,1977,977,20,Peru,9996,996,24,Veado,4818,818,05,Cachorro
2024-06-21,PT,14:30,1918,918,05,Cachorro,3564,564,16,Leão,9220,220,05,Cachorro,3180,180,20,Peru,0108,108,02,Águia
2024-06-21,PTV,16:30,4074,074,19,Pavão,0433,433,09,Cobra,7536,536,09,Cobra,3996,996,24,Veado,0029,029,08,Camelo
2024-06-21,PTN,,8159,159,15,Jacaré,7877,877,20,Peru,4474,474,19,Pavão,8562,562,16,Leão,1448,448,12,Elefante
2024-06-21,COR,21:30,3231,231,08,Camelo,2915,915,04,Borboleta,7569,569,18,Porco,5653,653,14,Gato,6504,504,01,Avestruz
2024-06-22,PPT,09:30,8718,718,05,Cachorro,2632,632,08,Camelo,2036,036,09,Cobra,9163,163,16,Leão,2453,453,14,Gato
2024-06-22,PTM,11:30,8779,779,20,Peru,3116,116,04,Borboleta,9570,570,18,Porco,3536,536,09,Cobra,9792,792,23,Urso
2024-06-22,PT,14:30,3458,458,15,Jacaré,7090,090,23,Urso,6984,984,21,Touro,9261,261,16,Leão,2849,849,13,Galo
2024-06-22,PTV,16:30,3081,081,21,Touro,3352,352,13,Galo,4136,136,09,Cobra,9823,823,06,Cabra,2698,698,25,Vaca
2024-06-22,FED,,2452,452,13,Galo,5221,221,06,Cabra,2462,462,16,Leão,7645,645,12,Elefante,7592,592,23,Urso
2024-06-22,COR,21:30,4584,584,21,Touro,1881,881,21,Touro,6141,141,11,Cavalo,2077,077,20,Peru,5469,469,18,Porco
2024-06-23,PPT,09:30,5741,741,11,Cavalo,5360,360,15,Jacaré,9899,899,25,Vaca,8164,164,16,Leão,1617,617,05,Cachorro
2024-06-23,PTM,11:30,8421,421,06,Cabra,2206,206,02,Águia,5572,572,18,Porco,4921,921,06,Cabra,3503,503,01,Avestruz
2024-06-23,PT,14:30,5448,448,12,Elefante,2177,177,20,Peru,2866,866,17,Macaco,3796,796,24,Veado,0192,192,23,Urso
2024-06-23,PTV,16:30,2339,339,10,Coelho,2050,050,13,Galo,6740,740,10,Coelho,1806,806,02,Águia,0390,390,23,Urso
2024-06-24,PPT,09:30,3159,159,15,Jacaré,8962,962,16,Leão,4705,705,02,Águia,1036,036,09,Cobra,1646,646,12,Elefante
2024-06-24,PTM,11:30,6749,749,13,Galo,4896,896,24,Veado,9807,807,02,Águia,8981,981,21,Touro,9382,382,21,Touro
2024-06-24,PT,14:30,3402,402,01,Avestruz,0928,928,07,Carneiro,0000,000,25,Vaca,1283,283,21,Touro,3934,934,09,Cobra
2024-06-24,PTV,16:30,4596,596,24,Veado,7320,320,05,Cachorro,8923,923,06,Cabra,0923,923,06,Cabra,0526,526,07,Carneiro
2024-06-24,PTN,,0469,469,18,Porco,2301,301,01,Avestruz,5377,377,20,Peru,6192,192,23,Urso,3098,098,25,Vaca
2024-06-24,COR,21:30,4474,474,19,Pavão,7830,830,08,Camelo,3182,182,21,Touro,7171,171,18,Porco,9905,905,02,Águia
2024-06-25,PPT,09:30,6929,929,08,Camelo,2042,042,11,Cavalo,5642,642,11,Cavalo,4084,084,21,Touro,9162,162,16,Leão
2024-06-25,PTM,11:30,1384,384,21,Touro,8279,279,20,Peru,0970,970,18,Porco,9827,827,07,Carneiro,8653,653,14,Gato
2024-06-25,PT,14:30,7731,731,08,Camelo,7626,626,07,Carneiro,6584,584,21,Touro,3675,675,19,Pavão,1417,417,05,Cachorro
2024-06-25,PTV,16:30,0992,992,23,Urso,2746,746,12,Elefante,3009,009,03,Burro,9746,746,12,Elefante,3441,441,11,Cavalo
2024-06-25,PTN,,9653,653,14,Gato,4007,007,02,Águia,4349,349,13,Galo,3632,632,08,Camelo,9599,599,25,Vaca
2024-06-25,COR,21:30,8847,847,12,Elefante,9570,570,18,Porco,2921,921,06,Cabra,3047,047,12,Elefante,2915,915,04,Borboleta
2024-06-26,PPT,09:30,7954,954,14,Gato,4126,126,07,Carneiro,2306,306,02,Águia,1504,504,01,Avestruz,5466,466,17,Macaco
2024-06-26,PTM,11:30,2787,787,22,Tigre,8937,937,10,Coelho,0884,884,21,Touro,2554,554,14,Gato,7232,232,08,Camelo
2024-06-26,PT,14:30,4201,201,01,Avestruz,3040,040,10,Coelho,0174,174,19,Pavão,5744,744,11,Cavalo,2516,516,04,Borboleta
2024-06-26,PTV,16:30,0557,557,15,Jacaré,3365,365,17,Macaco,0574,574,19,Pavão,6789,789,23,Urso,7000,000,25,Vaca
2024-06-26,FED,,7453,453,14,Gato,1004,004,01,Avestruz,0361,361,16,Leão,4497,497,25,Vaca,0762,762,16,Leão
2024-06-26,COR,21:30,4109,109,03,Burro,1224,224,06,Cabra,9713,713,04,Borboleta,7607,607,02,Águia,2449,449,13,Galo
2024-06-27,PPT,09:30,8632,632,08,Camelo,2443,443,11,Cavalo,4595,595,24,Veado,3373,373,19,Pavão,3247,247,12,Elefante
2024-06-27,PTM,11:30,0929,929,08,Camelo,7593,593,24,Veado,7803,803,01,Avestruz,8319,319,05,Cachorro,9502,502,01,Avestruz
2024-06-27,PT,14:30,9479,479,20,Peru,8858,858,15,Jacaré,4984,984,21,Touro,3425,425,07,Carneiro,6985,985,22,Tigre
2024-06-27,PTV,16:30,8233,233,09,Cobra,3472,472,18,Porco,7149,149,13,Galo,9403,403,01,Avestruz,1998,998,25,Vaca
2024-06-27,PTN,,9852,852,13,Galo,7556,556,14,Gato,2471,471,18,Porco,6720,720,05,Cachorro,1896,896,24,Veado
2024-06-27,COR,21:30,1077,077,20,Peru,4772,772,18,Porco,9248,248,12,Elefante,9015,015,04,Borboleta,6534,534,09,Cobra
2024-06-28,PPT,09:30,5878,878,20,Peru,5790,790,23,Urso,5034,034,09,Cobra,8790,790,23,Urso,6757,757,15,Jacaré
2024-06-28,PTM,11:30,8004,004,01,Avestruz,2776,776,19,Pavão,4376,376,19,Pavão,5593,593,24,Veado,2031,031,08,Camelo
2024-06-28,PT,14:30,9887,887,22,Tigre,0025,025,07,Carneiro,4646,646,12,Elefante,4690,690,23,Urso,9751,751,13,Galo
2024-06-28,PTV,16:30,2904,904,01,Avestruz,3144,144,11,Cavalo,3094,094,24,Veado,9407,407,02,Águia,6934,934,09,Cobra
2024-06-28,PTN,,5074,074,19,Pavão,1158,158,15,Jacaré,6690,690,23,Urso,8168,168,17,Macaco,2213,213,04,Borboleta
2024-06-28,COR,21:30,1861,861,16,Leão,6398,398,25,Vaca,5885,885,22,Tigre,8036,036,09,Cobra,3631,631,08,Camelo
2024-06-29,PPT,09:30,6780,780,20,Peru,2465,465,17,Macaco,5800,800,25,Vaca,2750,750,13,Galo,8959,959,15,Jacaré
2024-06-29,PTM,11:30,4747,747,12,Elefante,4228,228,07,Carneiro,3610,610,03,Burro,4642,642,11,Cavalo,2743,743,11,Cavalo
2024-06-29,PT,14:30,4690,690,23,Urso,9564,564,16,Leão,9398,398,25,Vaca,2429,429,08,Camelo,1710,710,03,Burro
2024-06-29,PTV,16:30,6501,501,01,Avestruz,4989,989,23,Urso,3669,669,18,Porco,9866,866,17,Macaco,8995,995,24,Veado
2024-06-29,FED,,5323,323,06,Cabra,4577,577,20,Peru,2395,395,24,Veado,4576,576,19,Pavão,1185,185,22,Tigre
2024-06-29,COR,21:30,8210,210,03,Burro,8239,239,10,Coelho,1149,149,13,Galo,1230,230,08,Camelo,3623,623,06,Cabra
2024-06-30,PPT,09:30,1876,876,19,Pavão,3560,560,15,Jacaré,8405,405,02,Águia,2452,452,13,Galo,1050,050,13,Galo
2024-06-30,PTM,11:30,0284,284,21,Touro,5607,607,02,Águia,6099,099,25,Vaca,9044,044,11,Cavalo,3963,963,16,Leão
2024-06-30,PT,14:30,0295,295,24,Veado,4406,406,02,Águia,5310,310,03,Burro,2703,703,01,Avestruz,1512,512,03,Burro
2024-06-30,PTV,16:30,8541,541,11,Cavalo,3041,041,11,Cavalo,9053,053,14,Gato,0425,425,07,Carneiro,1466,466,17,Macaco
2024-07-01,PPT,09:30,4471,471,18,Porco,5729,729,08,Camelo,0944,944,11,Cavalo,6490,490,23,Urso,7034,034,09,Cobra
2024-07-01,PTM,11:30,1487,487,22,Tigre,2493,493,24,Veado,9625,625,07,Carneiro,9406,406,02,Águia,0962,962,16,Leão
2024-07-01,PT,14:30,7360,360,15,Jacaré,3857,857,15,Jacaré,6440,440,10,Coelho,6517,517,05,Cachorro,7898,898,25,Vaca
2024-07-01,PTV,16:30,7732,732,08,Camelo,4727,727,07,Carneiro,6690,690,23,Urso,4401,401,01,Avestruz,5812,812,03,Burro
2024-07-01,PTN,,5989,989,23,Urso,7504,504,01,Avestruz,5907,907,02,Águia,5294,294,24,Veado,1753,753,14,Gato
2024-07-01,COR,21:30,8940,940,10,Coelho,2591,591,23,Urso,8473,473,19,Pavão,8974,974,19,Pavão,2154,154,14,Gato
2024-07-02,PPT,09:30,2702,702,01,Avestruz,2409,409,03,Burro,3924,924,06,Cabra,7730,730,08,Camelo,9123,123,06,Cabra
2024-07-02,PTM,11:30,0929,929,08,Camelo,0576,576,19,Pavão,3151,151,13,Galo,4345,345,12,Elefante,4518,518,05,Cachorro
2024-07-02,PT,14:30,9240,240,10,Coelho,8177,177,20,Peru,6246,246,12,Elefante,5791,791,23,Urso,7191,191,23,Urso
2024-07-02,PTV,16:30,3346,346,12,Elefante,7946,946,12,Elefante,6307,307,02,Águia,6155,155,14,Gato,3116,116,04,Borboleta
2024-07-02,PTN,,6935,935,09,Cobra,1173,173,19,Pavão,3670,670,18,Porco,3216,216,04,Borboleta,7925,925,07,Carneiro
2024-07-02,COR,21:30,4225,225,07,Carneiro,4360,360,15,Jacaré,9313,313,04,Borboleta,9492,492,23,Urso,9315,315,04,Borboleta
2024-07-03,PPT,09:30,7894,894,24,Veado,6365,365,17,Macaco,4442,442,11,Cavalo,1049,049,13,Galo,8611,611,03,Burro
2024-07-03,PTM,11:30,8443,443,11,Cavalo,5878,878,20,Peru,0818,818,05,Cachorro,6036,036,09,Cobra,3203,203,01,Avestruz
2024-07-03,PT,14:30,6489,489,23,Urso,1056,056,14,Gato,9572,572,18,Porco,0923,923,06,Cabra,0195,195,24,Veado
2024-07-03,PTV,16:30,1172,172,18,Porco,7306,306,02,Águia,3072,072,18,Porco,5592,592,23,Urso,4064,064,16,Leão
2024-07-03,FED,,4122,122,06,Cabra,2111,111,03,Burro,1494,494,24,Veado,0995,995,24,Veado,7808,808,02,Águia
2024-07-03,COR,21:30,9640,640,10,Coelho,5586,586,22,Tigre,2850,850,13,Galo,4999,999,25,Vaca,4934,934,09,Cobra
2024-07-04,PPT,09:30,7603,603,01,Avestruz,0597,597,25,Vaca,0924,924,06,Cabra,4431,431,08,Camelo,1052,052,13,Galo
2024-07-04,PTM,11:30,9484,484,21,Touro,8642,642,11,Cavalo,5802,802,01,Avestruz,3535,535,09,Cobra,2504,504,01,Avestruz
2024-07-04,PT,14:30,7105,105,02,Águia,7376,376,19,Pavão,9673,673,19,Pavão,0688,688,22,Tigre,5300,300,25,Vaca
2024-07-04,PTV,16:30,6239,239,10,Coelho,6711,711,03,Burro,9026,026,07,Carneiro,0429,429,08,Camelo,7660,660,15,Jacaré
2024-07-04,PTN,,1519,519,05,Cachorro,5928,928,07,Carneiro,1761,761,16,Leão,8341,341,11,Cavalo,3868,868,17,Macaco
2024-07-04,COR,21:30,2153,153,14,Gato,0379,379,20,Peru,8114,114,04,Borboleta,1837,837,10,Coelho,6736,736,09,Cobra
2024-07-05,PPT,09:30,3343,343,11,Cavalo,8351,351,13,Galo,0687,687,22,Tigre,6911,911,03,Burro,0203,203,01,Avestruz
2024-07-05,PTM,11:30,2858,858,15,Jacaré,4679,679,20,Peru,8346,346,12,Elefante,5208,208,02,Águia,8153,153,14,Gato
2024-07-05,PT,14:30,3841,841,11,Cavalo,5996,996,24,Veado,9845,845,12,Elefante,1819,819,05,Cachorro,4873,873,19,Pavão
2024-07-05,PTV,16:30,5852,852,13,Galo,0395,395,24,Veado,3228,228,07,Carneiro,9135,135,09,Cobra,8867,867,17,Macaco
2024-07-05,PTN,,2487,487,22,Tigre,4003,003,01,Avestruz,7892,892,23,Urso,3803,803,01,Avestruz,8006,006,02,Águia
2024-07-05,COR,21:30,4751,751,13,Galo,9529,529,08,Camelo,0167,167,17,Macaco,3603,603,01,Avestruz,6208,208,02,Águia
2024-07-06,PPT,09:30,7165,165,17,Macaco,3457,457,15,Jacaré,4798,798,25,Vaca,9237,237,10,Coelho,5805,805,02,Águia
2024-07-06,PTM,11:30,4423,423,06,Cabra,8850,850,13,Galo,9399,399,25,Vaca,4757,757,15,Jacaré,1088,088,22,Tigre
2024-07-06,PT,14:30,0349,349,13,Galo,4027,027,07,Carneiro,9517,517,05,Cachorro,8188,188,22,Tigre,8688,688,22,Tigre
2024-07-06,PTV,16:30,6268,268,17,Macaco,8663,663,16,Leão,6385,385,22,Tigre,0658,658,15,Jacaré,1452,452,13,Galo
2024-07-06,FED,,1933,933,09,Cobra,7822,822,06,Cabra,0599,599,25,Vaca,5432,432,08,Camelo,0483,483,21,Touro
2024-07-06,COR,21:30,0829,829,08,Camelo,2257,257,15,Jacaré,1983,983,21,Touro,0276,276,19,Pavão,2767,767,17,Macaco
2024-07-07,PPT,09:30,6001,001,01,Avestruz,9339,339,10,Coelho,4857,857,15,Jacaré,6215,215,04,Borboleta,8151,151,13,Galo
2024-07-07,PTM,11:30,0317,317,05,Cachorro,0596,596,24,Veado,2952,952,13,Galo,0642,642,11,Cavalo,7930,930,08,Camelo
2024-07-07,PT,14:30,8729,729,08,Camelo,4367,367,17,Macaco,5187,187,22,Tigre,9503,503,01,Avestruz,5268,268,17,Macaco
2024-07-07,PTV,16:30,6692,692,23,Urso,2298,298,25,Vaca,4869,869,18,Porco,6136,136,09,Cobra,6377,377,20,Peru
2024-07-08,PPT,09:30,1269,269,18,Porco,6221,221,06,Cabra,3792,792,23,Urso,8529,529,08,Camelo,1639,639,10,Coelho
2024-07-08,PTM,11:30,7251,251,13,Galo,7700,700,25,Vaca,8472,472,18,Porco,2689,689,23,Urso,8139,139,10,Coelho
2024-07-08,PT,14:30,4921,921,06,Cabra,4874,874,19,Pavão,1166,166,17,Macaco,3926,926,07,Carneiro,8325,325,07,Carneiro
2024-07-08,PTV,16:30,8652,652,13,Galo,0919,919,05,Cachorro,8732,732,08,Camelo,6420,420,05,Cachorro,6924,924,06,Cabra
2024-07-08,PTN,,9040,040,10,Coelho,0291,291,23,Urso,2055,055,14,Gato,4027,027,07,Carneiro,4669,669,18,Porco
2024-07-08,COR,21:30,2709,709,03,Burro,8599,599,25,Vaca,1792,792,23,Urso,3986,986,22,Tigre,2411,411,03,Burro
2024-07-09,PPT,09:30,7567,567,17,Macaco,6170,170,18,Porco,6225,225,07,Carneiro,7378,378,20,Peru,2976,976,19,Pavão
2024-07-09,PTM,11:30,9946,946,12,Elefante,1333,333,09,Cobra,2439,439,10,Coelho,4524,524,06,Cabra,3806,806,02,Águia
2024-07-09,PT,14:30,4523,523,06,Cabra,9302,302,01,Avestruz,3368,368,17,Macaco,0170,170,18,Porco,6249,249,13,Galo
2024-07-09,PTV,16:30,7874,874,19,Pavão,6293,293,24,Veado,3991,991,23,Urso,2802,802,01,Avestruz,6833,833,09,Cobra
2024-07-09,PTN,,8842,842,11,Cavalo,6739,739,10,Coelho,1042,042,11,Cavalo,3507,507,02,Águia,1345,345,12,Elefante
2024-07-09,COR,21:30,8251,251,13,Galo,6647,647,12,Elefante,7657,657,15,Jacaré,0935,935,09,Cobra,8266,266,17,Macaco
2024-07-10,PPT,09:30,4838,838,10,Coelho,9055,055,14,Gato,5905,905,02,Águia,8469,469,18,Porco,8836,836,09,Cobra
2024-07-10,PTM,11:30,2861,861,16,Leão,3998,998,25,Vaca,2369,369,18,Porco,3992,992,23,Urso,5505,505,02,Águia
2024-07-10,PT,14:30,9238,238,10,Coelho,6770,770,18,Porco,8297,297,25,Vaca,2617,617,05,Cachorro,8844,844,11,Cavalo
2024-07-10,PTV,16:30,3971,971,18,Porco,8321,321,06,Cabra,1164,164,16,Leão,9991,991,23,Urso,1498,498,25,Vaca
2024-07-10,FED,,9532,532,08,Camelo,7130,130,08,Camelo,4864,864,16,Leão,5282,282,21,Touro,3475,475,19,Pavão
2024-07-10,COR,21:30,6711,711,03,Burro,9152,152,13,Galo,0054,054,14,Gato,8548,548,12,Elefante,5075,075,19,Pavão
2024-07-11,PPT,09:30,8273,273,19,Pavão,7503,503,01,Avestruz,9457,457,15,Jacaré,3905,905,02,Águia,6970,970,18,Porco
2024-07-11,PTM,11:30,8687,687,22,Tigre,2065,065,17,Macaco,8095,095,24,Veado,3144,144,11,Cavalo,1759,759,15,Jacaré
2024-07-11,PT,14:30,2699,699,25,Vaca,8996,996,24,Veado,5819,819,05,Cachorro,8053,053,14,Gato,8028,028,07,Carneiro
2024-07-11,PTV,16:30,3807,807,02,Águia,0242,242,11,Cavalo,9386,386,22,Tigre,4267,267,17,Macaco,2538,538,10,Coelho
2024-07-11,PTN,,2285,285,22,Tigre,3050,050,13,Galo,3180,180,20,Peru,7645,645,12,Elefante,1272,272,18,Porco
2024-07-11,COR,21:30,9448,448,12,Elefante,1000,000,25,Vaca,2735,735,09,Cobra,0681,681,21,Touro,5075,075,19,Pavão
2024-07-12,PPT,09:30,5250,250,13,Galo,5815,815,04,Borboleta,2665,665,17,Macaco,1321,321,06,Cabra,9133,133,09,Cobra
2024-07-12,PTM,11:30,9657,657,15,Jacaré,8192,192,23,Urso,7632,632,08,Camelo,7502,502,01,Avestruz,0230,230,08,Camelo
2024-07-12,PT,14:30,6663,663,16,Leão,4623,623,06,Cabra,4623,623,06,Cabra,1012,012,03,Burro,3427,427,07,Carneiro
2024-07-12,PTV,16:30,9664,664,16,Leão,4247,247,12,Elefante,6073,073,19,Pavão,8519,519,05,Cachorro,7380,380,20,Peru
2024-07-12,PTN,,5484,484,21,Touro,2060,060,15,Jacaré,3808,808,02,Águia,9681,681,21,Touro,2973,973,19,Pavão
2024-07-12,COR,21:30,5414,414,04,Borboleta,2139,139,10,Coelho,6957,957,15,Jacaré,5031,031,08,Camelo,4048,048,12,Elefante
2024-07-13,PPT,09:30,5372,372,18,Porco,9455,455,14,Gato,3994,994,24,Veado,6208,208,02,Águia,6567,567,17,Macaco
2024-07-13,PTM,11:30,4028,028,07,Carneiro,1123,123,06,Cabra,7061,061,16,Leão,4054,054,14,Gato,1684,684,21,Touro
2024-07-13,PT,14:30,7818,818,05,Cachorro,2421,421,06,Cabra,2911,911,03,Burro,9347,347,12,Elefante,7071,071,18,Porco
2024-07-13,PTV,16:30,8999,999,25,Vaca,1520,520,05,Cachorro,1362,362,16,Leão,2337,337,10,Coelho,9298,298,25,Vaca
2024-07-13,FED,,4752,752,13,Galo,7210,210,03,Burro,8676,676,19,Pavão,8746,746,12,Elefante,5819,819,05,Cachorro
2024-07-13,COR,21:30,6390,390,23,Urso,1718,718,05,Cachorro,5283,283,21,Touro,2278,278,20,Peru,8899,899,25,Vaca
2024-07-14,PPT,09:30,0679,679,20,Peru,1374,374,19,Pavão,0482,482,21,Touro,9172,172,18,Porco,1903,903,01,Avestruz
2024-07-14,PTM,11:30,3932,932,08,Camelo,2661,661,16,Leão,9880,880,20,Peru,2101,101,01,Avestruz,5864,864,16,Leão
2024-07-14,PT,14:30,6436,436,09,Cobra,9980,980,20,Peru,5533,533,09,Cobra,8923,923,06,Cabra,6932,932,08,Camelo
2024-07-14,PTV,16:30,0886,886,22,Tigre,8400,400,25,Vaca,2588,588,22,Tigre,2984,984,21,Touro,9551,551,13,Galo
2024-07-15,PPT,09:30,4082,082,21,Touro,6020,020,05,Cachorro,5821,821,06,Cabra,1137,137,10,Coelho,3141,141,11,Cavalo
2024-07-15,PTM,11:30,8103,103,01,Avestruz,8758,758,15,Jacaré,2927,927,07,Carneiro,7327,327,07,Carneiro,9631,631,08,Camelo
2024-07-15,PT,14:30,8396,396,24,Veado,8950,950,13,Galo,3823,823,06,Cabra,0115,115,04,Borboleta,4790,790,23,Urso
2024-07-15,PTV,16:30,8559,559,15,Jacaré,0925,925,07,Carneiro,3296,296,24,Veado,9177,177,20,Peru,3555,555,14,Gato
2024-07-15,PTN,,7309,309,03,Burro,2902,902,01,Avestruz,7672,672,18,Porco,9455,455,14,Gato,2066,066,17,Macaco
2024-07-15,COR,21:30,1997,997,25,Vaca,4490,490,23,Urso,7247,247,12,Elefante,9480,480,20,Peru,6199,199,25,Vaca
2024-07-16,PPT,09:30,9835,835,09,Cobra,6146,146,12,Elefante,7955,955,14,Gato,9144,144,11,Cavalo,3415,415,04,Borboleta
2024-07-16,PTM,11:30,6487,487,22,Tigre,1191,191,23,Urso,2405,405,02,Águia,3691,691,23,Urso,5634,634,09,Cobra
2024-07-16,PT,14:30,3723,723,06,Cabra,6152,152,13,Galo,8743,743,11,Cavalo,0209,209,03,Burro,9083,083,21,Touro
2024-07-16,PTV,16:30,1062,062,16,Leão,5436,436,09,Cobra,5396,396,24,Veado,8388,388,22,Tigre,7135,135,09,Cobra
2024-07-16,PTN,,4916,916,04,Borboleta,9078,078,20,Peru,2254,254,14,Gato,8065,065,17,Macaco,7206,206,02,Águia
2024-07-16,COR,21:30,2293,293,24,Veado,0750,750,13,Galo,4378,378,20,Peru,3228,228,07,Carneiro,3020,020,05,Cachorro
2024-07-17,PPT,09:30,3690,690,23,Urso,8167,167,17,Macaco,4901,901,01,Avestruz,6700,700,25,Vaca,8813,813,04,Borboleta
2024-07-17,PTM,11:30,4824,824,06,Cabra,6296,296,24,Veado,2657,657,15,Jacaré,3272,272,18,Porco,5063,063,16,Leão
2024-07-17,PT,14:30,2116,116,04,Borboleta,1429,429,08,Camelo,4247,247,12,Elefante,9044,044,11,Cavalo,5001,001,01,Avestruz
2024-07-17,PTV,16:30,5706,706,02,Águia,8916,916,04,Borboleta,2834,834,09,Cobra,8265,265,17,Macaco,0724,724,06,Cabra
2024-07-17,FED,,2630,630,08,Camelo,6323,323,06,Cabra,0011,011,03,Burro,0367,367,17,Macaco,9340,340,10,Coelho
2024-07-17,COR,21:30,5597,597,25,Vaca,0158,158,15,Jacaré,0536,536,09,Cobra,5758,758,15,Jacaré,2918,918,05,Cachorro
2024-07-18,PPT,09:30,2849,849,13,Galo,8701,701,01,Avestruz,2171,171,18,Porco,9431,431,08,Camelo,4463,463,16,Leão
2024-07-18,PTM,11:30,3567,567,17,Macaco,8387,387,22,Tigre,4232,232,08,Camelo,7955,955,14,Gato,6267,267,17,Macaco
2024-07-18,PT,14:30,8152,152,13,Galo,3336,336,09,Cobra,5975,975,19,Pavão,9016,016,04,Borboleta,2840,840,10,Coelho
2024-07-18,PTV,16:30,0267,267,17,Macaco,3803,803,01,Avestruz,8281,281,21,Touro,9623,623,06,Cabra,4772,772,18,Porco
2024-07-18,PTN,,2910,910,03,Burro,3893,893,24,Veado,6324,324,06,Cabra,5879,879,20,Peru,9119,119,05,Cachorro
2024-07-18,COR,21:30,6933,933,09,Cobra,0363,363,16,Leão,2369,369,18,Porco,8745,745,12,Elefante,8828,828,07,Carneiro
2024-07-19,PPT,09:30,2269,269,18,Porco,5250,250,13,Galo,4597,597,25,Vaca,5893,893,24,Veado,6885,885,22,Tigre
2024-07-19,PTM,11:30,4972,972,18,Porco,7971,971,18,Porco,0598,598,25,Vaca,6572,572,18,Porco,2558,558,15,Jacaré
2024-07-19,PT,14:30,1713,713,04,Borboleta,9075,075,19,Pavão,9872,872,18,Porco,6338,338,10,Coelho,9776,776,19,Pavão
2024-07-19,PTV,16:30,0664,664,16,Leão,9922,922,06,Cabra,3233,233,09,Cobra,0311,311,03,Burro,0290,290,23,Urso
2024-07-19,PTN,,6111,111,03,Burro,7315,315,04,Borboleta,5678,678,20,Peru,9239,239,10,Coelho,0090,090,23,Urso
2024-07-19,COR,21:30,5629,629,08,Camelo,5212,212,03,Burro,1152,152,13,Galo,5523,523,06,Cabra,6272,272,18,Porco
2024-07-20,PPT,09:30,5741,741,11,Cavalo,5038,038,10,Coelho,6383,383,21,Touro,3897,897,25,Vaca,0996,996,24,Veado
2024-07-20,PTM,11:30,3553,553,14,Gato,3496,496,24,Veado,1251,251,13,Galo,4454,454,14,Gato,8620,620,05,Cachorro
2024-07-20,PT,14:30,6805,805,02,Águia,8797,797,25,Vaca,0047,047,12,Elefante,2871,871,18,Porco,5978,978,20,Peru
2024-07-20,PTV,16:30,4207,207,02,Águia,6720,720,05,Cachorro,7330,330,08,Camelo,6891,891,23,Urso,7752,752,13,Galo
2024-07-20,FED,,6810,810,03,Burro,8248,248,12,Elefante,0003,003,01,Avestruz,2929,929,08,Camelo,5235,235,09,Cobra
2024-07-20,COR,21:30,1110,110,03,Burro,8498,498,25,Vaca,7440,440,10,Coelho,8881,881,21,Touro,1836,836,09,Cobra
2024-07-21,PPT,09:30,5007,007,02,Águia,3993,993,24,Veado,1057,057,15,Jacaré,9059,059,15,Jacaré,2493,493,24,Veado
2024-07-21,PTM,11:30,8612,612,03,Burro,2088,088,22,Tigre,2808,808,02,Águia,6366,366,17,Macaco,6601,601,01,Avestruz
2024-07-21,PT,14:30,6336,336,09,Cobra,4419,419,05,Cachorro,4807,807,02,Águia,4540,540,10,Coelho,4501,501,01,Avestruz
2024-07-21,PTV,16:30,5645,645,12,Elefante,0717,717,05,Cachorro,9700,700,25,Vaca,2773,773,19,Pavão,2086,086,22,Tigre
2024-07-22,PPT,09:30,0785,785,22,Tigre,7840,840,10,Coelho,0117,117,05,Cachorro,6577,577,20,Peru,0747,747,12,Elefante
2024-07-22,PTM,11:30,9860,860,15,Jacaré,4604,604,01,Avestruz,9080,080,20,Peru,1948,948,12,Elefante,1118,118,05,Cachorro
2024-07-22,PT,14:30,8497,497,25,Vaca,0796,796,24,Veado,2714,714,04,Borboleta,2597,597,25,Vaca,9725,725,07,Carneiro
2024-07-22,PTV,16:30,3529,529,08,Camelo,0059,059,15,Jacaré,1610,610,03,Burro,5173,173,19,Pavão,7715,715,04,Borboleta
2024-07-22,PTN,,2618,618,05,Cachorro,4810,810,03,Burro,4295,295,24,Veado,6321,321,06,Cabra,2919,919,05,Cachorro
2024-07-22,COR,21:30,7338,338,10,Coelho,2705,705,02,Águia,5060,060,15,Jacaré,0412,412,03,Burro,8814,814,04,Borboleta
2024-07-23,PPT,09:30,2435,435,09,Cobra,7389,389,23,Urso,9211,211,03,Burro,4756,756,14,Gato,6074,074,19,Pavão
2024-07-23,PTM,11:30,3238,238,10,Coelho,1532,532,08,Camelo,7237,237,10,Coelho,8202,202,01,Avestruz,6129,129,08,Camelo
2024-07-23,PT,14:30,7459,459,15,Jacaré,5230,230,08,Camelo,9836,836,09,Cobra,7803,803,01,Avestruz,9042,042,11,Cavalo
2024-07-23,PTV,16:30,7411,411,03,Burro,7177,177,20,Peru,6609,609,03,Burro,9735,735,09,Cobra,8218,218,05,Cachorro
2024-07-23,PTN,,9493,493,24,Veado,9324,324,06,Cabra,0509,509,03,Burro,6057,057,15,Jacaré,7639,639,10,Coelho
2024-07-23,COR,21:30,1646,646,12,Elefante,9272,272,18,Porco,5184,184,21,Touro,6902,902,01,Avestruz,3850,850,13,Galo
2024-07-24,PPT,09:30,2962,962,16,Leão,5422,422,06,Cabra,7625,625,07,Carneiro,6631,631,08,Camelo,9312,312,03,Burro
2024-07-24,PTM,11:30,4059,059,15,Jacaré,4402,402,01,Avestruz,2604,604,01,Avestruz,3772,772,18,Porco,5471,471,18,Porco
2024-07-24,PT,14:30,9766,766,17,Macaco,0413,413,04,Borboleta,8984,984,21,Touro,1966,966,17,Macaco,1482,482,21,Touro
2024-07-24,PTV,16:30,5850,850,13,Galo,6927,927,07,Carneiro,1427,427,07,Carneiro,9613,613,04,Borboleta,7892,892,23,Urso
2024-07-24,FED,,6247,247,12,Elefante,0751,751,13,Galo,4682,682,21,Touro,4044,044,11,Cavalo,4734,734,09,Cobra
2024-07-24,COR,21:30,4623,623,06,Cabra,1422,422,06,Cabra,7781,781,21,Touro,3482,482,21,Touro,6597,597,25,Vaca
2024-07-25,PPT,09:30,2007,007,02,Águia,2264,264,16,Leão,1223,223,06,Cabra,9000,000,25,Vaca,9545,545,12,Elefante
2024-07-25,PTM,11:30,8668,668,17,Macaco,0803,803,01,Avestruz,9955,955,14,Gato,6660,660,15,Jacaré,0981,981,21,Touro
2024-07-25,PT,14:30,3940,940,10,Coelho,3518,518,05,Cachorro,3011,011,03,Burro,1421,421,06,Cabra,4382,382,21,Touro
2024-07-25,PTV,16:30,1372,372,18,Porco,4963,963,16,Leão,3963,963,16,Leão,6786,786,22,Tigre,1964,964,16,Leão
2024-07-25,PTN,,3082,082,21,Touro,4109,109,03,Burro,2498,498,25,Vaca,4379,379,20,Peru,5425,425,07,Carneiro
2024-07-25,COR,21:30,8011,011,03,Burro,3193,193,24,Veado,5351,351,13,Galo,8342,342,11,Cavalo,5020,020,05,Cachorro
2024-07-26,PPT,09:30,4537,537,10,Coelho,4477,477,20,Peru,6188,188,22,Tigre,3060,060,15,Jacaré,6251,251,13,Galo
2024-07-26,PTM,11:30,2121,121,06,Cabra,1225,225,07,Carneiro,3688,688,22,Tigre,9402,402,01,Avestruz,6753,753,14,Gato
2024-07-26,PT,14:30,1996,996,24,Veado,0459,459,15,Jacaré,4135,135,09,Cobra,4934,934,09,Cobra,0135,135,09,Cobra
2024-07-26,PTV,16:30,7097,097,25,Vaca,8563,563,16,Leão,3270,270,18,Porco,6942,942,11,Cavalo,8364,364,16,Leão
2024-07-26,PTN,,5059,059,15,Jacaré,5961,961,16,Leão,9443,443,11,Cavalo,2501,501,01,Avestruz,5015,015,04,Borboleta
2024-07-26,COR,21:30,9605,605,02,Águia,9158,158,15,Jacaré,0553,553,14,Gato,2400,400,25,Vaca,6964,964,16,Leão
2024-07-27,PPT,09:30,8847,847,12,Elefante,4014,014,04,Borboleta,9514,514,04,Borboleta,6670,670,18,Porco,1236,236,09,Cobra
2024-07-27,PTM,11:30,7186,186,22,Tigre,0274,274,19,Pavão,4551,551,13,Galo,4686,686,22,Tigre,5221,221,06,Cabra
2024-07-27,PT,14:30,4184,184,21,Touro,0000,000,25,Vaca,0771,771,18,Porco,0138,138,10,Coelho,1530,530,08,Camelo
2024-07-27,PTV,16:30,4882,882,21,Touro,2066,066,17,Macaco,0965,965,17,Macaco,0325,325,07,Carneiro,8396,396,24,Veado
2024-07-27,FED,,5768,768,17,Macaco,6935,935,09,Cobra,9089,089,23,Urso,4786,786,22,Tigre,6258,258,15,Jacaré
2024-07-27,COR,21:30,1936,936,09,Cobra,5458,458,15,Jacaré,4342,342,11,Cavalo,7355,355,14,Gato,5728,728,07,Carneiro
2024-07-28,PPT,09:30,1704,704,01,Avestruz,4068,068,17,Macaco,3431,431,08,Camelo,0964,964,16,Leão,9694,694,24,Veado
2024-07-28,PTM,11:30,9669,669,18,Porco,6463,463,16,Leão,0263,263,16,Leão,0328,328,07,Carneiro,3828,828,07,Carneiro
2024-07-28,PT,14:30,8918,918,05,Cachorro,9463,463,16,Leão,5331,331,08,Camelo,1841,841,11,Cavalo,0730,730,08,Camelo
2024-07-28,PTV,16:30,1809,809,03,Burro,0723,723,06,Cabra,2084,084,21,Touro,1082,082,21,Touro,8339,339,10,Coelho
2024-07-29,PPT,09:30,1035,035,09,Cobra,6794,794,24,Veado,7875,875,19,Pavão,6778,778,20,Peru,6248,248,12,Elefante
2024-07-29,PTM,11:30,7592,592,23,Urso,8950,950,13,Galo,9280,280,20,Peru,8102,102,01,Avestruz,4147,147,12,Elefante
2024-07-29,PT,14:30,3327,327,07,Carneiro,6653,653,14,Gato,9854,854,14,Gato,6239,239,10,Coelho,3709,709,03,Burro
2024-07-29,PTV,16:30,2632,632,08,Camelo,9336,336,09,Cobra,3691,691,23,Urso,7707,707,02,Águia,1182,182,21,Touro
2024-07-29,PTN,,5831,831,08,Camelo,9263,263,16,Leão,9237,237,10,Coelho,7248,248,12,Elefante,7436,436,09,Cobra
2024-07-29,COR,21:30,7775,775,19,Pavão,6501,501,01,Avestruz,4368,368,17,Macaco,7408,408,02,Águia,2174,174,19,Pavão
2024-07-30,PPT,09:30,1823,823,06,Cabra,8937,937,10,Coelho,7368,368,17,Macaco,3688,688,22,Tigre,0599,599,25,Vaca
2024-07-30,PTM,11:30,3608,608,02,Águia,4828,828,07,Carneiro,5338,338,10,Coelho,1533,533,09,Cobra,2178,178,20,Peru
2024-07-30,PT,14:30,9849,849,13,Galo,4335,335,09,Cobra,0720,720,05,Cachorro,4017,017,05,Cachorro,6319,319,05,Cachorro
2024-07-30,PTV,16:30,6712,712,03,Burro,4592,592,23,Urso,8980,980,20,Peru,6714,714,04,Borboleta,8177,177,20,Peru
2024-07-30,PTN,,9770,770,18,Porco,0598,598,25,Vaca,8248,248,12,Elefante,5746,746,12,Elefante,0985,985,22,Tigre
2024-07-30,COR,21:30,0936,936,09,Cobra,2216,216,04,Borboleta,4406,406,02,Águia,2524,524,06,Cabra,3623,623,06,Cabra
2024-07-31,PPT,09:30,8945,945,12,Elefante,9455,455,14,Gato,1700,700,25,Vaca,5052,052,13,Galo,5009,009,03,Burro
2024-07-31,PTM,11:30,6342,342,11,Cavalo,2902,902,01,Avestruz,6043,043,11,Cavalo,5900,900,25,Vaca,8354,354,14,Gato
2024-07-31,PT,14:30,9078,078,20,Peru,1490,490,23,Urso,3276,276,19,Pavão,2607,607,02,Águia,7138,138,10,Coelho
2024-07-31,PTV,16:30,5163,163,16,Leão,4127,127,07,Carneiro,5446,446,12,Elefante,9480,480,20,Peru,6722,722,06,Cabra
2024-07-31,FED,,9219,219,05,Cachorro,0543,543,11,Cavalo,1697,697,25,Vaca,4526,526,07,Carneiro,6916,916,04,Borboleta
2024-07-31,COR,21:30,7667,667,17,Macaco,0037,037,10,Coelho,9909,909,03,Burro,3170,170,18,Porco,8552,552,13,Galo
2024-08-01,PPT,09:30,4950,950,13,Galo,3262,262,16,Leão,4196,196,24,Veado,9726,726,07,Carneiro,4790,790,23,Urso
2024-08-01,PTM,11:30,2428,428,07,Carneiro,4840,840,10,Coelho,6940,940,10,Coelho,0497,497,25,Vaca,7526,526,07,Carneiro
2024-08-01,PT,14:30,2063,063,16,Leão,0355,355,14,Gato,6071,071,18,Porco,1759,759,15,Jacaré,8163,163,16,Leão
2024-08-01,PTV,16:30,4183,183,21,Touro,4485,485,22,Tigre,3475,475,19,Pavão,2406,406,02,Águia,3741,741,11,Cavalo
2024-08-01,PTN,,1752,752,13,Galo,0122,122,06,Cabra,7153,153,14,Gato,6910,910,03,Burro,5375,375,19,Pavão
2024-08-01,COR,21:30,8601,601,01,Avestruz,3731,731,08,Camelo,0196,196,24,Veado,3376,376,19,Pavão,2146,146,12,Elefante
2024-08-02,PPT,09:30,3560,560,15,Jacaré,4839,839,10,Coelho,0914,914,04,Borboleta,6134,134,09,Cobra,7872,872,18,Porco
2024-08-02,PTM,11:30,3687,687,22,Tigre,6646,646,12,Elefante,2244,244,11,Cavalo,3276,276,19,Pavão,3125,125,07,Carneiro
2024-08-02,PT,14:30,7928,928,07,Carneiro,3291,291,23,Urso,0923,923,06,Cabra,8997,997,25,Vaca,0964,964,16,Leão
2024-08-02,PTV,16:30,0071,071,18,Porco,3408,408,02,Águia,2541,541,11,Cavalo,5042,042,11,Cavalo,8475,475,19,Pavão
2024-08-02,PTN,,2449,449,13,Galo,5129,129,08,Camelo,0349,349,13,Galo,3909,909,03,Burro,1475,475,19,Pavão
2024-08-02,COR,21:30,8460,460,15,Jacaré,7839,839,10,Coelho,5723,723,06,Cabra,8123,123,06,Cabra,4945,945,12,Elefante
2024-08-03,PPT,09:30,6657,657,15,Jacaré,0297,297,25,Vaca,2239,239,10,Coelho,8188,188,22,Tigre,2528,528,07,Carneiro
2024-08-03,PTM,11:30,0724,724,06,Cabra,0265,265,17,Macaco,2309,309,03,Burro,3195,195,24,Veado,4128,128,07,Carneiro
2024-08-03,PT,14:30,9698,698,25,Vaca,8075,075,19,Pavão,9525,525,07,Carneiro,1602,602,01,Avestruz,2569,569,18,Porco
2024-08-03,PTV,16:30,1684,684,21,Touro,3407,407,02,Águia,2245,245,12,Elefante,9804,804,01,Avestruz,8983,983,21,Touro
2024-08-03,FED,,3711,711,03,Burro,1790,790,23,Urso,4665,665,17,Macaco,6349,349,13,Galo,7309,309,03,Burro
2024-08-03,COR,21:30,4948,948,12,Elefante,4030,030,08,Camelo,2633,633,09,Cobra,7804,804,01,Avestruz,3749,749,13,Galo
2024-08-04,PPT,09:30,9691,691,23,Urso,2642,642,11,Cavalo,2394,394,24,Veado,7325,325,07,Carneiro,0180,180,20,Peru
2024-08-04,PTM,11:30,4183,183,21,Touro,9694,694,24,Veado,9901,901,01,Avestruz,1423,423,06,Cabra,2734,734,09,Cobra
2024-08-04,PT,14:30,1157,157,15,Jacaré,6450,450,13,Galo,8199,199,25,Vaca,9019,019,05,Cachorro,3541,541,11,Cavalo
2024-08-04,PTV,16:30,9036,036,09,Cobra,8002,002,01,Avestruz,7645,645,12,Elefante,5089,089,23,Urso,5386,386,22,Tigre
2024-08-05,PPT,09:30,8605,605,02,Águia,6859,859,15,Jacaré,7354,354,14,Gato,7426,426,07,Carneiro,2029,029,08,Camelo
2024-08-05,PTM,11:30,8056,056,14,Gato,0044,044,11,Cavalo,0330,330,08,Camelo,1669,669,18,Porco,0885,885,22,Tigre
2024-08-05,PT,14:30,6060,060,15,Jacaré,9458,458,15,Jacaré,2560,560,15,Jacaré,7762,762,16,Leão,8645,645,12,Elefante
2024-08-05,PTV,16:30,6161,161,16,Leão,4755,755,14,Gato,8958,958,15,Jacaré,4307,307,02,Águia,5071,071,18,Porco
2024-08-05,PTN,,8030,030,08,Camelo,7137,137,10,Coelho,0601,601,01,Avestruz,4562,562,16,Leão,7873,873,19,Pavão
2024-08-05,COR,21:30,9389,389,23,Urso,4685,685,22,Tigre,5470,470,18,Porco,7133,133,09,Cobra,6953,953,14,Gato
2024-08-06,PPT,09:30,9118,118,05,Cachorro,7324,324,06,Cabra,9352,352,13,Galo,6292,292,23,Urso,1133,133,09,Cobra
2024-08-06,PTM,11:30,0165,165,17,Macaco,0782,782,21,Touro,7802,802,01,Avestruz,5485,485,22,Tigre,3697,697,25,Vaca
2024-08-06,PT,14:30,8495,495,24,Veado,9558,558,15,Jacaré,3110,110,03,Burro,0429,429,08,Camelo,7219,219,05,Cachorro
2024-08-06,PTV,16:30,0847,847,12,Elefante,4883,883,21,Touro,3866,866,17,Macaco,6483,483,21,Touro,7587,587,22,Tigre
2024-08-06,PTN,,3526,526,07,Carneiro,0366,366,17,Macaco,7570,570,18,Porco,7575,575,19,Pavão,3925,925,07,Carneiro
2024-08-06,COR,21:30,0592,592,23,Urso,2186,186,22,Tigre,7025,025,07,Carneiro,9382,382,21,Touro,7099,099,25,Vaca
2024-08-07,PPT,09:30,1790,790,23,Urso,4700,700,25,Vaca,4082,082,21,Touro,1121,121,06,Cabra,4706,706,02,Águia
2024-08-07,PTM,11:30,0980,980,20,Peru,6428,428,07,Carneiro,8643,643,11,Cavalo,2209,209,03,Burro,3901,901,01,Avestruz
2024-08-07,PT,14:30,8239,239,10,Coelho,1376,376,19,Pavão,2248,248,12,Elefante,2145,145,12,Elefante,4278,278,20,Peru
2024-08-07,PTV,16:30,2551,551,13,Galo,4260,260,15,Jacaré,7537,537,10,Coelho,1529,529,08,Camelo,2567,567,17,Macaco
2024-08-07,FED,,4984,984,21,Touro,2215,215,04,Borboleta,7910,910,03,Burro,0657,657,15,Jacaré,8648,648,12,Elefante
2024-08-07,COR,21:30,1539,539,10,Coelho,4542,542,11,Cavalo,8765,765,17,Macaco,2216,216,04,Borboleta,5988,988,22,Tigre
2024-08-08,PPT,09:30,9128,128,07,Carneiro,9916,916,04,Borboleta,4143,143,11,Cavalo,9615,615,04,Borboleta,8423,423,06,Cabra
2024-08-08,PTM,11:30,4322,322,06,Cabra,9515,515,04,Borboleta,1517,517,05,Cachorro,4133,133,09,Cobra,5622,622,06,Cabra
2024-08-08,PT,14:30,3564,564,16,Leão,4865,865,17,Macaco,2885,885,22,Tigre,4627,627,07,Carneiro,9667,667,17,Macaco
2024-08-08,PTV,16:30,6574,574,19,Pavão,2456,456,14,Gato,2012,012,03,Burro,1404,404,01,Avestruz,4235,235,09,Cobra
2024-08-08,PTN,,1688,688,22,Tigre,3948,948,12,Elefante,0308,308,02,Águia,5544,544,11,Cavalo,2722,722,06,Cabra
2024-08-08,COR,21:30,7087,087,22,Tigre,7790,790,23,Urso,0397,397,25,Vaca,4997,997,25,Vaca,9423,423,06,Cabra
2024-08-09,PPT,09:30,8799,799,25,Vaca,8728,728,07,Carneiro,0339,339,10,Coelho,9028,028,07,Carneiro,1906,906,02,Águia
2024-08-09,PTM,11:30,7588,588,22,Tigre,7234,234,09,Cobra,3888,888,22,Tigre,7442,442,11,Cavalo,9051,051,13,Galo
2024-08-09,PT,14:30,4822,822,06,Cabra,8201,201,01,Avestruz,1552,552,13,Galo,1704,704,01,Avestruz,1519,519,05,Cachorro
2024-08-09,PTV,16:30,3431,431,08,Camelo,3076,076,19,Pavão,8114,114,04,Borboleta,4585,585,22,Tigre,4058,058,15,Jacaré
2024-08-09,PTN,,6422,422,06,Cabra,0206,206,02,Águia,1184,184,21,Touro,2231,231,08,Camelo,2988,988,22,Tigre
2024-08-09,COR,21:30,8809,809,03,Burro,2215,215,04,Borboleta,1893,893,24,Veado,1417,417,05,Cachorro,6108,108,02,Águia
2024-08-10,PPT,09:30,0738,738,10,Coelho,6968,968,17,Macaco,5311,311,03,Burro,1569,569,18,Porco,1523,523,06,Cabra
2024-08-10,PTM,11:30,4063,063,16,Leão,9526,526,07,Carneiro,3921,921,06,Cabra,4947,947,12,Elefante,7967,967,17,Macaco
2024-08-10,PT,14:30,9814,814,04,Borboleta,1481,481,21,Touro,5745,745,12,Elefante,9561,561,16,Leão,6090,090,23,Urso
2024-08-10,PTV,16:30,4114,114,04,Borboleta,0239,239,10,Coelho,7426,426,07,Carneiro,3429,429,08,Camelo,9532,532,08,Camelo
2024-08-10,FED,,9772,772,18,Porco,6589,589,23,Urso,0945,945,12,Elefante,9781,781,21,Touro,2791,791,23,Urso
2024-08-10,COR,21:30,5909,909,03,Burro,0902,902,01,Avestruz,2900,900,25,Vaca,4585,585,22,Tigre,8378,378,20,Peru
2024-08-11,PPT,09:30,9160,160,15,Jacaré,8190,190,23,Urso,3332,332,08,Camelo,3773,773,19,Pavão,8164,164,16,Leão
2024-08-11,PTM,11:30,8236,236,09,Cobra,5059,059,15,Jacaré,4885,885,22,Tigre,8866,866,17,Macaco,5914,914,04,Borboleta
2024-08-11,PT,14:30,2236,236,09,Cobra,7596,596,24,Veado,7496,496,24,Veado,9531,531,08,Camelo,0880,880,20,Peru
2024-08-11,PTV,16:30,8046,046,12,Elefante,6903,903,01,Avestruz,9137,137,10,Coelho,5147,147,12,Elefante,6263,263,16,Leão
2024-08-12,PPT,09:30,0402,402,01,Avestruz,4374,374,19,Pavão,9721,721,06,Cabra,4584,584,21,Touro,1962,962,16,Leão
2024-08-12,PTM,11:30,9948,948,12,Elefante,5639,639,10,Coelho,5121,121,06,Cabra,6477,477,20,Peru,1105,105,02,Águia
2024-08-12,PT,14:30,3085,085,22,Tigre,5264,264,16,Leão,5467,467,17,Macaco,9211,211,03,Burro,3587,587,22,Tigre
2024-08-12,PTV,16:30,4865,865,17,Macaco,2488,488,22,Tigre,3046,046,12,Elefante,6820,820,05,Cachorro,6004,004,01,Avestruz
2024-08-12,PTN,,3138,138,10,Coelho,6014,014,04,Borboleta,9440,440,10,Coelho,6562,562,16,Leão,5509,509,03,Burro
2024-08-12,COR,21:30,7624,624,06,Cabra,9918,918,05,Cachorro,4759,759,15,Jacaré,8031,031,08,Camelo,8397,397,25,Vaca
2024-08-13,PPT,09:30,6754,754,14,Gato,3304,304,01,Avestruz,4790,790,23,Urso,6171,171,18,Porco,7868,868,17,Macaco
2024-08-13,PTM,11:30,1154,154,14,Gato,3500,500,25,Vaca,0345,345,12,Elefante,2657,657,15,Jacaré,5369,369,18,Porco
2024-08-13,PT,14:30,0868,868,17,Macaco,4571,571,18,Porco,9656,656,14,Gato,9340,340,10,Coelho,8095,095,24,Veado
2024-08-13,PTV,16:30,4198,198,25,Vaca,0719,719,05,Cachorro,5517,517,05,Cachorro,2606,606,02,Águia,7137,137,10,Coelho
2024-08-13,PTN,,5639,639,10,Coelho,3105,105,02,Águia,9551,551,13,Galo,1487,487,22,Tigre,0926,926,07,Carneiro
2024-08-13,COR,21:30,1773,773,19,Pavão,7742,742,11,Cavalo,5756,756,14,Gato,3242,242,11,Cavalo,1338,338,10,Coelho
2024-08-14,PPT,09:30,1134,134,09,Cobra,6545,545,12,Elefante,8419,419,05,Cachorro,4807,807,02,Águia,8244,244,11,Cavalo
2024-08-14,PTM,11:30,7986,986,22,Tigre,1797,797,25,Vaca,2389,389,23,Urso,0097,097,25,Vaca,8607,607,02,Águia
2024-08-14,PT,14:30,9854,854,14,Gato,6953,953,14,Gato,9406,406,02,Águia,3202,202,01,Avestruz,5687,687,22,Tigre
2024-08-14,PTV,16:30,0801,801,01,Avestruz,5135,135,09,Cobra,0991,991,23,Urso,4294,294,24,Veado,9697,697,25,Vaca
2024-08-14,FED,,1561,561,16,Leão,6597,597,25,Vaca,1842,842,11,Cavalo,5278,278,20,Peru,6314,314,04,Borboleta
2024-08-14,COR,21:30,0578,578,20,Peru,1377,377,20,Peru,4685,685,22,Tigre,7521,521,06,Cabra,1941,941,11,Cavalo
2024-08-15,PPT,09:30,7300,300,25,Vaca,8199,199,25,Vaca,3241,241,11,Cavalo,9338,338,10,Coelho,4515,515,04,Borboleta
2024-08-15,PTM,11:30,1106,106,02,Águia,4017,017,05,Cachorro,4680,680,20,Peru,8198,198,25,Vaca,1083,083,21,Touro
2024-08-15,PT,14:30,4194,194,24,Veado,6355,355,14,Gato,0802,802,01,Avestruz,5996,996,24,Veado,5405,405,02,Águia
2024-08-15,PTV,16:30,2055,055,14,Gato,1736,736,09,Cobra,0742,742,11,Cavalo,4982,982,21,Touro,0211,211,03,Burro
2024-08-15,PTN,,7364,364,16,Leão,8158,158,15,Jacaré,4542,542,11,Cavalo,4628,628,07,Carneiro,3442,442,11,Cavalo
2024-08-15,COR,21:30,0812,812,03,Burro,8719,719,05,Cachorro,2061,061,16,Leão,9213,213,04,Borboleta,0049,049,13,Galo
2024-08-16,PPT,09:30,6415,415,04,Borboleta,8859,859,15,Jacaré,0032,032,08,Camelo,0312,312,03,Burro,0621,621,06,Cabra
2024-08-16,PTM,11:30,7841,841,11,Cavalo,3076,076,19,Pavão,6277,277,20,Peru,7214,214,04,Borboleta,4818,818,05,Cachorro
2024-08-16,PT,14:30,4086,086,22,Tigre,5284,284,21,Touro,2934,934,09,Cobra,2022,022,06,Cabra,3049,049,13,Galo
2024-08-16,PTV,16:30,3881,881,21,Touro,8290,290,23,Urso,5340,340,10,Coelho,4467,467,17,Macaco,7367,367,17,Macaco
2024-08-16,PTN,,4259,259,15,Jacaré,6544,544,11,Cavalo,7806,806,02,Águia,7149,149,13,Galo,5449,449,13,Galo
2024-08-16,COR,21:30,0798,798,25,Vaca,5747,747,12,Elefante,7175,175,19,Pavão,6095,095,24,Veado,5907,907,02,Águia
2024-08-17,PPT,09:30,7147,147,12,Elefante,1147,147,12,Elefante,6319,319,05,Cachorro,6471,471,18,Porco,7193,193,24,Veado
2024-08-17,PTM,11:30,2692,692,23,Urso,9871,871,18,Porco,9344,344,11,Cavalo,7400,400,25,Vaca,6537,537,10,Coelho
2024-08-17,PT,14:30,4443,443,11,Cavalo,6227,227,07,Carneiro,5883,883,21,Touro,1174,174,19,Pavão,5132,132,08,Camelo
2024-08-17,PTV,16:30,0139,139,10,Coelho,1447,447,12,Elefante,8767,767,17,Macaco,9558,558,15,Jacaré,9086,086,22,Tigre
2024-08-17,FED,,1547,547,12,Elefante,4263,263,16,Leão,6315,315,04,Borboleta,2488,488,22,Tigre,2887,887,22,Tigre
2024-08-17,COR,21:30,6929,929,08,Camelo,7531,531,08,Camelo,8797,797,25,Vaca,3237,237,10,Coelho,1873,873,19,Pavão
2024-08-18,PPT,09:30,3811,811,03,Burro,1541,541,11,Cavalo,0030,030,08,Camelo,5154,154,14,Gato,8619,619,05,Cachorro
2024-08-18,PTM,11:30,6925,925,07,Carneiro,9631,631,08,Camelo,2124,124,06,Cabra,1918,918,05,Cachorro,4765,765,17,Macaco
2024-08-18,PT,14:30,3701,701,01,Avestruz,2516,516,04,Borboleta,1130,130,08,Camelo,7000,000,25,Vaca,9833,833,09,Cobra
2024-08-18,PTV,16:30,3744,744,11,Cavalo,8148,148,12,Elefante,0414,414,04,Borboleta,3171,171,18,Porco,4985,985,22,Tigre
2024-08-19,PPT,09:30,7522,522,06,Cabra,0683,683,21,Touro,1259,259,15,Jacaré,2599,599,25,Vaca,1235,235,09,Cobra
2024-08-19,PTM,11:30,8472,472,18,Porco,9469,469,18,Porco,3523,523,06,Cabra,9526,526,07,Carneiro,3932,932,08,Camelo
2024-08-19,PT,14:30,3305,305,02,Águia,1000,000,25,Vaca,5530,530,08,Camelo,1133,133,09,Cobra,6361,361,16,Leão
2024-08-19,PTV,16:30,5558,558,15,Jacaré,5010,010,03,Burro,8448,448,12,Elefante,8785,785,22,Tigre,6480,480,20,Peru
2024-08-19,PTN,,4758,758,15,Jacaré,8473,473,19,Pavão,5906,906,02,Águia,3036,036,09,Cobra,9319,319,05,Cachorro
2024-08-19,COR,21:30,1477,477,20,Peru,7446,446,12,Elefante,1029,029,08,Camelo,6891,891,23,Urso,8055,055,14,Gato
2024-08-20,PPT,09:30,1270,270,18,Porco,4106,106,02,Águia,5242,242,11,Cavalo,4189,189,23,Urso,2379,379,20,Peru
2024-08-20,PTM,11:30,0046,046,12,Elefante,1322,322,06,Cabra,9267,267,17,Macaco,4779,779,20,Peru,2754,754,14,Gato
2024-08-20,PT,14:30,1789,789,23,Urso,8385,385,22,Tigre,8901,901,01,Avestruz,1957,957,15,Jacaré,8430,430,08,Camelo
2024-08-20,PTV,16:30,1334,334,09,Cobra,7820,820,05,Cachorro,3032,032,08,Camelo,1539,539,10,Coelho,4755,755,14,Gato
2024-08-20,PTN,,0168,168,17,Macaco,5658,658,15,Jacaré,7616,616,04,Borboleta,7701,701,01,Avestruz,9737,737,10,Coelho
2024-08-20,COR,21:30,4880,880,20,Peru,7806,806,02,Águia,0300,300,25,Vaca,1757,757,15,Jacaré,4134,134,09,Cobra
2024-08-21,PPT,09:30,2714,714,04,Borboleta,6469,469,18,Porco,8865,865,17,Macaco,3702,702,01,Avestruz,0073,073,19,Pavão
2024-08-21,PTM,11:30,2074,074,19,Pavão,2747,747,12,Elefante,3685,685,22,Tigre,7163,163,16,Leão,2731,731,08,Camelo
2024-08-21,PT,14:30,1588,588,22,Tigre,1275,275,19,Pavão,0292,292,23,Urso,2750,750,13,Galo,2972,972,18,Porco
2024-08-21,PTV,16:30,0554,554,14,Gato,5844,844,11,Cavalo,5472,472,18,Porco,2800,800,25,Vaca,6194,194,24,Veado
2024-08-21,FED,,1322,322,06,Cabra,4099,099,25,Vaca,0072,072,18,Porco,6847,847,12,Elefante,0079,079,20,Peru
2024-08-21,COR,21:30,8235,235,09,Cobra,6918,918,05,Cachorro,5451,451,13,Galo,9812,812,03,Burro,5245,245,12,Elefante
2024-08-22,PPT,09:30,6555,555,14,Gato,1372,372,18,Porco,3273,273,19,Pavão,1213,213,04,Borboleta,9883,883,21,Touro
2024-08-22,PTM,11:30,5051,051,13,Galo,2779,779,20,Peru,4758,758,15,Jacaré,7208,208,02,Águia,1463,463,16,Leão
2024-08-22,PT,14:30,6208,208,02,Águia,1875,875,19,Pavão,5350,350,13,Galo,9392,392,23,Urso,5325,325,07,Carneiro
2024-08-22,PTV,16:30,0787,787,22,Tigre,1453,453,14,Gato,3564,564,16,Leão,0558,558,15,Jacaré,3959,959,15,Jacaré
2024-08-22,PTN,,8954,954,14,Gato,5987,987,22,Tigre,4801,801,01,Avestruz,7299,299,25,Vaca,9949,949,13,Galo
2024-08-22,COR,21:30,4593,593,24,Veado,1815,815,04,Borboleta,4456,456,14,Gato,9127,127,07,Carneiro,1888,888,22,Tigre
2024-08-23,PPT,09:30,7402,402,01,Avestruz,6586,586,22,Tigre,5043,043,11,Cavalo,7375,375,19,Pavão,9974,974,19,Pavão
2024-08-23,PTM,11:30,3459,459,15,Jacaré,0241,241,11,Cavalo,0637,637,10,Coelho,1073,073,19,Pavão,0455,455,14,Gato
2024-08-23,PT,14:30,4205,205,02,Águia,2799,799,25,Vaca,2483,483,21,Touro,8264,264,16,Leão,9181,181,21,Touro
2024-08-23,PTV,16:30,2332,332,08,Camelo,5771,771,18,Porco,5826,826,07,Carneiro,3653,653,14,Gato,1067,067,17,Macaco
2024-08-23,PTN,,4424,424,06,Cabra,9238,238,10,Coelho,4782,782,21,Touro,4255,255,14,Gato,8263,263,16,Leão
2024-08-23,COR,21:30,7688,688,22,Tigre,4254,254,14,Gato,4967,967,17,Macaco,4714,714,04,Borboleta,6606,606,02,Águia
2024-08-24,PPT,09:30,3682,682,21,Touro,1910,910,03,Burro,5975,975,19,Pavão,3150,150,13,Galo,4717,717,05,Cachorro
2024-08-24,PTM,11:30,8429,429,08,Camelo,3427,427,07,Carneiro,4275,275,19,Pavão,2296,296,24,Veado,1432,432,08,Camelo
2024-08-24,PT,14:30,2847,847,12,Elefante,0612,612,03,Burro,6001,001,01,Avestruz,8975,975,19,Pavão,8701,701,01,Avestruz
2024-08-24,PTV,16:30,0251,251,13,Galo,3391,391,23,Urso,9208,208,02,Águia,0102,102,01,Avestruz,4510,510,03,Burro
2024-08-24,FED,,1000,000,25,Vaca,8267,267,17,Macaco,3518,518,05,Cachorro,4646,646,12,Elefante,1659,659,15,Jacaré
2024-08-24,COR,21:30,4196,196,24,Veado,9693,693,24,Veado,4452,452,13,Galo,8589,589,23,Urso,7669,669,18,Porco
2024-08-25,PPT,09:30,4909,909,03,Burro,9648,648,12,Elefante,2538,538,10,Coelho,1803,803,01,Avestruz,5413,413,04,Borboleta
2024-08-25,PTM,11:30,7643,643,11,Cavalo,8997,997,25,Vaca,3442,442,11,Cavalo,1208,208,02,Águia,7422,422,06,Cabra
2024-08-25,PT,14:30,2357,357,15,Jacaré,6973,973,19,Pavão,1685,685,22,Tigre,9043,043,11,Cavalo,9665,665,17,Macaco
2024-08-25,PTV,16:30,8814,814,04,Borboleta,2871,871,18,Porco,5285,285,22,Tigre,5911,911,03,Burro,1129,129,08,Camelo
2024-08-26,PPT,09:30,0831,831,08,Camelo,3053,053,14,Gato,1360,360,15,Jacaré,7661,661,16,Leão,8037,037,10,Coelho
2024-08-26,PTM,11:30,7085,085,22,Tigre,2573,573,19,Pavão,3379,379,20,Peru,2684,684,21,Touro,1898,898,25,Vaca
2024-08-26,PT,14:30,7624,624,06,Cabra,6717,717,05,Cachorro,1578,578,20,Peru,2156,156,14,Gato,7449,449,13,Galo
2024-08-26,PTV,16:30,2471,471,18,Porco,7443,443,11,Cavalo,9445,445,12,Elefante,1441,441,11,Cavalo,1648,648,12,Elefante
2024-08-26,PTN,,9906,906,02,Águia,3984,984,21,Touro,5674,674,19,Pavão,1349,349,13,Galo,0897,897,25,Vaca
2024-08-26,COR,21:30,0035,035,09,Cobra,2204,204,01,Avestruz,3384,384,21,Touro,0710,710,03,Burro,7934,934,09,Cobra
2024-08-27,PPT,09:30,9260,260,15,Jacaré,9743,743,11,Cavalo,9216,216,04,Borboleta,2040,040,10,Coelho,4753,753,14,Gato
2024-08-27,PTM,11:30,4600,600,25,Vaca,7888,888,22,Tigre,2655,655,14,Gato,9935,935,09,Cobra,4861,861,16,Leão
2024-08-27,PT,14:30,4877,877,20,Peru,6717,717,05,Cachorro,7576,576,19,Pavão,5356,356,14,Gato,5553,553,14,Gato
2024-08-27,PTV,16:30,4064,064,16,Leão,5547,547,12,Elefante,3111,111,03,Burro,0737,737,10,Coelho,2864,864,16,Leão
2024-08-27,PTN,,5786,786,22,Tigre,6246,246,12,Elefante,6462,462,16,Leão,6563,563,16,Leão,3653,653,14,Gato
2024-08-27,COR,21:30,0200,200,25,Vaca,4215,215,04,Borboleta,0998,998,25,Vaca,4411,411,03,Burro,4062,062,16,Leão
2024-08-28,PPT,09:30,7502,502,01,Avestruz,3363,363,16,Leão,5983,983,21,Touro,2368,368,17,Macaco,0009,009,03,Burro
2024-08-28,PTM,11:30,4064,064,16,Leão,8995,995,24,Veado,3713,713,04,Borboleta,5486,486,22,Tigre,4726,726,07,Carneiro
2024-08-28,PT,14:30,3638,638,10,Coelho,2116,116,04,Borboleta,7080,080,20,Peru,6151,151,13,Galo,1617,617,05,Cachorro
2024-08-28,PTV,16:30,7909,909,03,Burro,3801,801,01,Avestruz,0570,570,18,Porco,0288,288,22,Tigre,0218,218,05,Cachorro
2024-08-28,FED,,8831,831,08,Camelo,0788,788,22,Tigre,3218,218,05,Cachorro,6902,902,01,Avestruz,0353,353,14,Gato
2024-08-28,COR,21:30,3076,076,19,Pavão,8108,108,02,Águia,1247,247,12,Elefante,3394,394,24,Veado,6849,849,13,Galo
2024-08-29,PPT,09:30,3006,006,02,Águia,5334,334,09,Cobra,4689,689,23,Urso,7407,407,02,Águia,5975,975,19,Pavão
2024-08-29,PTM,11:30,8485,485,22,Tigre,2598,598,25,Vaca,7530,530,08,Camelo,4349,349,13,Galo,3222,222,06,Cabra
2024-08-29,PT,14:30,5362,362,16,Leão,5641,641,11,Cavalo,5882,882,21,Touro,0750,750,13,Galo,1358,358,15,Jacaré
2024-08-29,PTV,16:30,3604,604,01,Avestruz,2115,115,04,Borboleta,3183,183,21,Touro,0816,816,04,Borboleta,3850,850,13,Galo
2024-08-29,PTN,,2858,858,15,Jacaré,7204,204,01,Avestruz,8385,385,22,Tigre,2711,711,03,Burro,9793,793,24,Veado
2024-08-29,COR,21:30,7083,083,21,Touro,3119,119,05,Cachorro,0176,176,19,Pavão,2414,414,04,Borboleta,6590,590,23,Urso
2024-08-30,PPT,09:30,0304,304,01,Avestruz,3373,373,19,Pavão,3337,337,10,Coelho,2133,133,09,Cobra,5726,726,07,Carneiro
2024-08-30,PTM,11:30,4676,676,19,Pavão,1532,532,08,Camelo,1838,838,10,Coelho,8369,369,18,Porco,3189,189,23,Urso
2024-08-30,PT,14:30,4330,330,08,Camelo,3656,656,14,Gato,8670,670,18,Porco,1814,814,04,Borboleta,5126,126,07,Carneiro
2024-08-30,PTV,16:30,4595,595,24,Veado,9309,309,03,Burro,2065,065,17,Macaco,0523,523,06,Cabra,6050,050,13,Galo
2024-08-30,PTN,,4131,131,08,Camelo,1836,836,09,Cobra,6554,554,14,Gato,8610,610,03,Burro,9705,705,02,Águia
2024-08-30,COR,21:30,4902,902,01,Avestruz,5714,714,04,Borboleta,6313,313,04,Borboleta,9567,567,17,Macaco,2611,611,03,Burro
2024-08-31,PPT,09:30,8913,913,04,Borboleta,4249,249,13,Galo,4865,865,17,Macaco,5414,414,04,Borboleta,1869,869,18,Porco
2024-08-31,PTM,11:30,5603,603,01,Avestruz,4752,752,13,Galo,6986,986,22,Tigre,7820,820,05,Cachorro,5222,222,06,Cabra
2024-08-31,PT,14:30,2614,614,04,Borboleta,1700,700,25,Vaca,4823,823,06,Cabra,4429,429,08,Camelo,4780,780,20,Peru
2024-08-31,PTV,16:30,7257,257,15,Jacaré,2419,419,05,Cachorro,2176,176,19,Pavão,5431,431,08,Camelo,6103,103,01,Avestruz
2024-08-31,FED,,9039,039,10,Coelho,8254,254,14,Gato,7508,508,02,Águia,5398,398,25,Vaca,5297,297,25,Vaca
2024-08-31,COR,21:30,9079,079,20,Peru,4665,665,17,Macaco,0159,159,15,Jacaré,8201,201,01,Avestruz,9243,243,11,Cavalo
2024-09-01,PPT,09:30,3407,407,02,Águia,1814,814,04,Borboleta,7103,103,01,Avestruz,8984,984,21,Touro,9770,770,18,Porco
2024-09-01,PTM,11:30,3266,266,17,Macaco,4714,714,04,Borboleta,1907,907,02,Águia,2442,442,11,Cavalo,6386,386,22,Tigre
2024-09-01,PT,14:30,0943,943,11,Cavalo,2418,418,05,Cachorro,5718,718,05,Cachorro,1831,831,08,Camelo,8727,727,07,Carneiro
2024-09-01,PTV,16:30,2952,952,13,Galo,0092,092,23,Urso,8420,420,05,Cachorro,8232,232,08,Camelo,2953,953,14,Gato
2024-09-02,PPT,09:30,4017,017,05,Cachorro,4266,266,17,Macaco,7235,235,09,Cobra,8841,841,11,Cavalo,6908,908,02,Águia
2024-09-02,PTM,11:30,9969,969,18,Porco,9917,917,05,Cachorro,7895,895,24,Veado,5401,401,01,Avestruz,1330,330,08,Camelo
2024-09-02,PT,14:30,2031,031,08,Camelo,6317,317,05,Cachorro,6711,711,03,Burro,8491,491,23,Urso,5624,624,06,Cabra
2024-09-02,PTV,16:30,7587,587,22,Tigre,5415,415,04,Borboleta,2382,382,21,Touro,9679,679,20,Peru,3337,337,10,Coelho
2024-09-02,PTN,,2873,873,19,Pavão,8257,257,15,Jacaré,9562,562,16,Leão,4528,528,07,Carneiro,0306,306,02,Águia
2024-09-02,COR,21:30,4278,278,20,Peru,7375,375,19,Pavão,1774,774,19,Pavão,0068,068,17,Macaco,7419,419,05,Cachorro
2024-09-03,PPT,09:30,8764,764,16,Leão,4035,035,09,Cobra,9909,909,03,Burro,4542,542,11,Cavalo,7350,350,13,Galo
2024-09-03,PTM,11:30,3421,421,06,Cabra,2624,624,06,Cabra,6013,013,04,Borboleta,2619,619,05,Cachorro,5122,122,06,Cabra
2024-09-03,PT,14:30,8157,157,15,Jacaré,0742,742,11,Cavalo,9028,028,07,Carneiro,5519,519,05,Cachorro,0478,478,20,Peru
2024-09-03,PTV,16:30,1726,726,07,Carneiro,7157,157,15,Jacaré,4491,491,23,Urso,0321,321,06,Cabra,3040,040,10,Coelho
2024-09-03,PTN,,8437,437,10,Coelho,9531,531,08,Camelo,5238,238,10,Coelho,5721,721,06,Cabra,9459,459,15,Jacaré
2024-09-03,COR,21:30,6866,866,17,Macaco,1703,703,01,Avestruz,5546,546,12,Elefante,8950,950,13,Galo,8998,998,25,Vaca
2024-09-04,PPT,09:30,8569,569,18,Porco,3631,631,08,Camelo,8602,602,01,Avestruz,3253,253,14,Gato,6794,794,24,Veado
2024-09-04,PTM,11:30,2838,838,10,Coelho,5779,779,20,Peru,5832,832,08,Camelo,0678,678,20,Peru,7986,986,22,Tigre
2024-09-04,PT,14:30,9966,966,17,Macaco,2557,557,15,Jacaré,4302,302,01,Avestruz,6611,611,03,Burro,8554,554,14,Gato
2024-09-04,PTV,16:30,4898,898,25,Vaca,6883,883,21,Touro,2130,130,08,Camelo,1084,084,21,Touro,0997,997,25,Vaca
2024-09-04,FED,,7457,457,15,Jacaré,9613,613,04,Borboleta,8308,308,02,Águia,9135,135,09,Cobra,0349,349,13,Galo
2024-09-04,COR,21:30,3595,595,24,Veado,9719,719,05,Cachorro,1175,175,19,Pavão,9400,400,25,Vaca,2544,544,11,Cavalo
2024-09-05,PPT,09:30,5486,486,22,Tigre,5665,665,17,Macaco,4229,229,08,Camelo,5902,902,01,Avestruz,4608,608,02,Águia
2024-09-05,PTM,11:30,2543,543,11,Cavalo,0683,683,21,Touro,7647,647,12,Elefante,0334,334,09,Cobra,4471,471,18,Porco
2024-09-05,PT,14:30,2610,610,03,Burro,4859,859,15,Jacaré,2219,219,05,Cachorro,4205,205,02,Águia,6874,874,19,Pavão
2024-09-05,PTV,16:30,6565,565,17,Macaco,5676,676,19,Pavão,5603,603,01,Avestruz,3323,323,06,Cabra,8704,704,01,Avestruz
2024-09-05,PTN,,0190,190,23,Urso,8872,872,18,Porco,7098,098,25,Vaca,9970,970,18,Porco,4932,932,08,Camelo
2024-09-05,COR,21:30,4812,812,03,Burro,4603,603,01,Avestruz,2987,987,22,Tigre,7354,354,14,Gato,1502,502,01,Avestruz
2024-09-06,PPT,09:30,0450,450,13,Galo,2713,713,04,Borboleta,7460,460,15,Jacaré,2549,549,13,Galo,9259,259,15,Jacaré
2024-09-06,PTM,11:30,4717,717,05,Cachorro,5142,142,11,Cavalo,8714,714,04,Borboleta,9757,757,15,Jacaré,8278,278,20,Peru
2024-09-06,PT,14:30,8298,298,25,Vaca,0749,749,13,Galo,7155,155,14,Gato,7116,116,04,Borboleta,1775,775,19,Pavão
2024-09-06,PTV,16:30,2219,219,05,Cachorro,3658,658,15,Jacaré,0800,800,25,Vaca,0275,275,19,Pavão,2003,003,01,Avestruz
2024-09-06,FED,,2066,066,17,Macaco,2896,896,24,Veado,5072,072,18,Porco,9817,817,05,Cachorro,4332,332,08,Camelo
2024-09-06,COR,21:30,0961,961,16,Leão,7229,229,08,Camelo,8358,358,15,Jacaré,9112,112,03,Burro,7843,843,11,Cavalo
2024-09-07,PPT,09:30,8073,073,19,Pavão,2323,323,06,Cabra,8290,290,23,Urso,2259,259,15,Jacaré,9288,288,22,Tigre
2024-09-07,PTM,11:30,7177,177,20,Peru,6544,544,11,Cavalo,8719,719,05,Cachorro,0948,948,12,Elefante,9170,170,18,Porco
2024-09-07,PT,14:30,8858,858,15,Jacaré,6330,330,08,Camelo,1662,662,16,Leão,3827,827,07,Carneiro,1763,763,16,Leão
2024-09-07,PTV,16:30,3284,284,21,Touro,7340,340,10,Coelho,2996,996,24,Veado,7999,999,25,Vaca,9964,964,16,Leão
2024-09-07,PTN,,3875,875,19,Pavão,5315,315,04,Borboleta,0055,055,14,Gato,2031,031,08,Camelo,7731,731,08,Camelo
2024-09-07,COR,21:30,5187,187,22,Tigre,5511,511,03,Burro,6097,097,25,Vaca,5066,066,17,Macaco,4611,611,03,Burro
2024-09-08,PPT,09:30,9365,365,17,Macaco,8852,852,13,Galo,3270,270,18,Porco,0624,624,06,Cabra,5328,328,07,Carneiro
2024-09-08,PTM,11:30,1160,160,15,Jacaré,4822,822,06,Cabra,8104,104,01,Avestruz,5410,410,03,Burro,0292,292,23,Urso
2024-09-08,PT,14:30,4244,244,11,Cavalo,7999,999,25,Vaca,4660,660,15,Jacaré,6732,732,08,Camelo,5894,894,24,Veado
2024-09-08,PTV,16:30,6575,575,19,Pavão,0452,452,13,Galo,9784,784,21,Touro,5446,446,12,Elefante,1501,501,01,Avestruz
2024-09-09,PPT,09:30,3822,822,06,Cabra,3541,541,11,Cavalo,1336,336,09,Cobra,6005,005,02,Águia,3728,728,07,Carneiro
2024-09-09,PTM,11:30,1068,068,17,Macaco,0179,179,20,Peru,8063,063,16,Leão,1069,069,18,Porco,9562,562,16,Leão
2024-09-09,PT,14:30,0229,229,08,Camelo,3074,074,19,Pavão,7754,754,14,Gato,7984,984,21,Touro,4127,127,07,Carneiro
2024-09-09,PTV,16:30,0614,614,04,Borboleta,7819,819,05,Cachorro,4559,559,15,Jacaré,9319,319,05,Cachorro,5914,914,04,Borboleta
2024-09-09,PTN,,1307,307,02,Águia,4432,432,08,Camelo,4444,444,11,Cavalo,7789,789,23,Urso,5479,479,20,Peru
2024-09-09,COR,21:30,2706,706,02,Águia,5522,522,06,Cabra,1863,863,16,Leão,9118,118,05,Cachorro,5147,147,12,Elefante
2024-09-10,PPT,09:30,6228,228,07,Carneiro,3975,975,19,Pavão,4518,518,05,Cachorro,0429,429,08,Camelo,8240,240,10,Coelho
2024-09-10,PTM,11:30,4716,716,04,Borboleta,2157,157,15,Jacaré,0768,768,17,Macaco,0503,503,01,Avestruz,2580,580,20,Peru
2024-09-10,PT,14:30,7266,266,17,Macaco,8725,725,07,Carneiro,3268,268,17,Macaco,1380,380,20,Peru,6332,332,08,Camelo
2024-09-10,PTV,16:30,1918,918,05,Cachorro,8384,384,21,Touro,1621,621,06,Cabra,7279,279,20,Peru,5345,345,12,Elefante
2024-09-10,PTN,,3693,693,24,Veado,5397,397,25,Vaca,5026,026,07,Carneiro,8302,302,01,Avestruz,6068,068,17,Macaco
2024-09-10,COR,21:30,0042,042,11,Cavalo,6207,207,02,Águia,3799,799,25,Vaca,3366,366,17,Macaco,9044,044,11,Cavalo
2024-09-11,PPT,09:30,8261,261,16,Leão,6944,944,11,Cavalo,6453,453,14,Gato,1330,330,08,Camelo,1275,275,19,Pavão
2024-09-11,PTM,11:30,5842,842,11,Cavalo,5986,986,22,Tigre,0837,837,10,Coelho,9320,320,05,Cachorro,9064,064,16,Leão
2024-09-11,PT,14:30,3863,863,16,Leão,6691,691,23,Urso,5606,606,02,Águia,5374,374,19,Pavão,4888,888,22,Tigre
2024-09-11,PTV,16:30,7121,121,06,Cabra,8355,355,14,Gato,5860,860,15,Jacaré,2404,404,01,Avestruz,7149,149,13,Galo
2024-09-11,FED,,0338,338,10,Coelho,6291,291,23,Urso,4346,346,12,Elefante,4525,525,07,Carneiro,0384,384,21,Touro
2024-09-11,COR,21:30,0577,577,20,Peru,5257,257,15,Jacaré,0468,468,17,Macaco,4927,927,07,Carneiro,9279,279,20,Peru
2024-09-12,PPT,09:30,1036,036,09,Cobra,4669,669,18,Porco,0639,639,10,Coelho,0940,940,10,Coelho,1839,839,10,Coelho
2024-09-12,PTM,11:30,1095,095,24,Veado,2243,243,11,Cavalo,6815,815,04,Borboleta,0037,037,10,Coelho,8627,627,07,Carneiro
2024-09-12,PT,14:30,1126,126,07,Carneiro,0679,679,20,Peru,3237,237,10,Coelho,6556,556,14,Gato,0410,410,03,Burro
2024-09-12,PTV,16:30,0818,818,05,Cachorro,6284,284,21,Touro,3877,877,20,Peru,6748,748,12,Elefante,5513,513,04,Borboleta
2024-09-12,PTN,,2182,182,21,Touro,1792,792,23,Urso,3817,817,05,Cachorro,9690,690,23,Urso,6958,958,15,Jacaré
2024-09-12,COR,21:30,5266,266,17,Macaco,1831,831,08,Camelo,6114,114,04,Borboleta,6123,123,06,Cabra,9027,027,07,Carneiro
2024-09-13,PPT,09:30,9518,518,05,Cachorro,6497,497,25,Vaca,5822,822,06,Cabra,8271,271,18,Porco,5525,525,07,Carneiro
2024-09-13,PTM,11:30,9210,210,03,Burro,3297,297,25,Vaca,2088,088,22,Tigre,6662,662,16,Leão,6452,452,13,Galo
2024-09-13,PT,14:30,7496,496,24,Veado,1598,598,25,Vaca,4151,151,13,Galo,0865,865,17,Macaco,5580,580,20,Peru
2024-09-13,PTV,16:30,1049,049,13,Galo,4400,400,25,Vaca,3416,416,04,Borboleta,4888,888,22,Tigre,4357,357,15,Jacaré
2024-09-13,PTN,,2301,301,01,Avestruz,3890,890,23,Urso,7183,183,21,Touro,4759,759,15,Jacaré,8775,775,19,Pavão
2024-09-13,COR,21:30,5248,248,12,Elefante,2474,474,19,Pavão,3146,146,12,Elefante,6977,977,20,Peru,7257,257,15,Jacaré
2024-09-14,PPT,09:30,4191,191,23,Urso,8161,161,16,Leão,2516,516,04,Borboleta,5924,924,06,Cabra,4792,792,23,Urso
2024-09-14,PTM,11:30,0305,305,02,Águia,2439,439,10,Coelho,1188,188,22,Tigre,4490,490,23,Urso,3692,692,23,Urso
2024-09-14,PT,14:30,3537,537,10,Coelho,5932,932,08,Camelo,6348,348,12,Elefante,5682,682,21,Touro,6920,920,05,Cachorro
2024-09-14,PTV,16:30,0527,527,07,Carneiro,5439,439,10,Coelho,4008,008,02,Águia,0314,314,04,Borboleta,2000,000,25,Vaca
2024-09-14,FED,,5356,356,14,Gato,9687,687,22,Tigre,2664,664,16,Leão,0708,708,02,Águia,6528,528,07,Carneiro
2024-09-14,COR,21:30,4644,644,11,Cavalo,0004,004,01,Avestruz,3692,692,23,Urso,0352,352,13,Galo,2041,041,11,Cavalo
2024-09-15,PPT,09:30,5893,893,24,Veado,6959,959,15,Jacaré,1026,026,07,Carneiro,4783,783,21,Touro,1071,071,18,Porco
2024-09-15,PTM,11:30,4119,119,05,Cachorro,2226,226,07,Carneiro,3252,252,13,Galo,1988,988,22,Tigre,5466,466,17,Macaco
2024-09-15,PT,14:30,6183,183,21,Touro,9381,381,21,Touro,6624,624,06,Cabra,6429,429,08,Camelo,7497,497,25,Vaca
2024-09-15,PTV,16:30,0371,371,18,Porco,2238,238,10,Coelho,1696,696,24,Veado,3467,467,17,Macaco,8797,797,25,Vaca
2024-09-16,PPT,09:30,4563,563,16,Leão,5964,964,16,Leão,0245,245,12,Elefante,7456,456,14,Gato,3316,316,04,Borboleta
2024-09-16,PTM,11:30,2844,844,11,Cavalo,9013,013,04,Borboleta,0287,287,22,Tigre,1071,071,18,Porco,6127,127,07,Carneiro
2024-09-16,PT,14:30,6179,179,20,Peru,0524,524,06,Cabra,4049,049,13,Galo,4133,133,09,Cobra,4990,990,23,Urso
2024-09-16,PTV,16:30,5687,687,22,Tigre,3438,438,10,Coelho,9323,323,06,Cabra,7546,546,12,Elefante,9221,221,06,Cabra
2024-09-16,PTN,,5147,147,12,Elefante,5334,334,09,Cobra,1489,489,23,Urso,6319,319,05,Cachorro,6067,067,17,Macaco
2024-09-16,COR,21:30,2450,450,13,Galo,7020,020,05,Cachorro,1015,015,04,Borboleta,1749,749,13,Galo,1355,355,14,Gato
2024-09-17,PPT,09:30,0391,391,23,Urso,7894,894,24,Veado,9314,314,04,Borboleta,8886,886,22,Tigre,7425,425,07,Carneiro
2024-09-17,PTM,11:30,5095,095,24,Veado,7239,239,10,Coelho,0093,093,24,Veado,7321,321,06,Cabra,4695,695,24,Veado
2024-09-17,PT,14:30,6013,013,04,Borboleta,7004,004,01,Avestruz,8045,045,12,Elefante,8247,247,12,Elefante,0828,828,07,Carneiro
2024-09-17,PTV,16:30,6256,256,14,Gato,8225,225,07,Carneiro,1763,763,16,Leão,8357,357,15,Jacaré,0994,994,24,Veado
2024-09-17,PTN,,7188,188,22,Tigre,1321,321,06,Cabra,0915,915,04,Borboleta,2313,313,04,Borboleta,1605,605,02,Águia
2024-09-17,COR,21:30,9209,209,03,Burro,2338,338,10,Coelho,6483,483,21,Touro,4322,322,06,Cabra,8462,462,16,Leão
2024-09-18,PPT,09:30,3043,043,11,Cavalo,8213,213,04,Borboleta,6079,079,20,Peru,2455,455,14,Gato,1087,087,22,Tigre
2024-09-18,PTM,11:30,9243,243,11,Cavalo,4027,027,07,Carneiro,9470,470,18,Porco,6140,140,10,Coelho,4276,276,19,Pavão
2024-09-18,PT,14:30,7882,882,21,Touro,2434,434,09,Cobra,3791,791,23,Urso,1070,070,18,Porco,9137,137,10,Coelho
2024-09-18,PTV,16:30,1859,859,15,Jacaré,5669,669,18,Porco,5760,760,15,Jacaré,7341,341,11,Cavalo,2405,405,02,Águia
2024-09-18,FED,,5525,525,07,Carneiro,7388,388,22,Tigre,9669,669,18,Porco,6595,595,24,Veado,5809,809,03,Burro
2024-09-18,COR,21:30,1399,399,25,Vaca,9047,047,12,Elefante,0778,778,20,Peru,7561,561,16,Leão,1581,581,21,Touro
2024-09-19,PPT,09:30,3908,908,02,Águia,7471,471,18,Porco,6335,335,09,Cobra,3096,096,24,Veado,8394,394,24,Veado
2024-09-19,PTM,11:30,1489,489,23,Urso,9257,257,15,Jacaré,3876,876,19,Pavão,9466,466,17,Macaco,2575,575,19,Pavão
2024-09-19,PT,14:30,8334,334,09,Cobra,5367,367,17,Macaco,9649,649,13,Galo,7543,543,11,Cavalo,4296,296,24,Veado
2024-09-19,PTV,16:30,9171,171,18,Porco,3016,016,04,Borboleta,0022,022,06,Cabra,2946,946,12,Elefante,2692,692,23,Urso
2024-09-19,PTN,,5291,291,23,Urso,8279,279,20,Peru,0384,384,21,Touro,3751,751,13,Galo,0200,200,25,Vaca
2024-09-19,COR,21:30,7830,830,08,Camelo,7722,722,06,Cabra,1553,553,14,Gato,4978,978,20,Peru,3704,704,01,Avestruz
2024-09-20,PPT,09:30,5849,849,13,Galo,9535,535,09,Cobra,2349,349,13,Galo,8748,748,12,Elefante,1350,350,13,Galo
2024-09-20,PTM,11:30,5381,381,21,Touro,8411,411,03,Burro,6272,272,18,Porco,3450,450,13,Galo,9024,024,06,Cabra
2024-09-20,PT,14:30,1231,231,08,Camelo,7876,876,19,Pavão,4751,751,13,Galo,4996,996,24,Veado,4429,429,08,Camelo
2024-09-20,PTV,16:30,0008,008,02,Águia,5535,535,09,Cobra,8173,173,19,Pavão,6360,360,15,Jacaré,7142,142,11,Cavalo
2024-09-20,PTN,,1812,812,03,Burro,2399,399,25,Vaca,4594,594,24,Veado,6185,185,22,Tigre,0702,702,01,Avestruz
2024-09-20,COR,21:30,8310,310,03,Burro,4363,363,16,Leão,9990,990,23,Urso,7111,111,03,Burro,5832,832,08,Camelo
2024-09-21,PPT,09:30,1121,121,06,Cabra,7237,237,10,Coelho,2567,567,17,Macaco,5232,232,08,Camelo,1969,969,18,Porco
2024-09-21,PTM,11:30,4547,547,12,Elefante,4773,773,19,Pavão,0730,730,08,Camelo,0797,797,25,Vaca,8276,276,19,Pavão
2024-09-21,PT,14:30,0624,624,06,Cabra,8467,467,17,Macaco,0466,466,17,Macaco,2640,640,10,Coelho,1044,044,11,Cavalo
2024-09-21,PTV,16:30,6375,375,19,Pavão,3989,989,23,Urso,8920,920,05,Cachorro,4888,888,22,Tigre,6340,340,10,Coelho
2024-09-21,FED,,3137,137,10,Coelho,9266,266,17,Macaco,7501,501,01,Avestruz,6659,659,15,Jacaré,0411,411,03,Burro
2024-09-21,COR,21:30,0463,463,16,Leão,4945,945,12,Elefante,5436,436,09,Cobra,7660,660,15,Jacaré,1150,150,13,Galo
2024-09-22,PPT,09:30,3712,712,03,Burro,2967,967,17,Macaco,4172,172,18,Porco,6622,622,06,Cabra,3541,541,11,Cavalo
2024-09-22,PTM,11:30,2761,761,16,Leão,4518,518,05,Cachorro,9872,872,18,Porco,4316,316,04,Borboleta,3318,318,05,Cachorro
2024-09-22,PT,14:30,1950,950,13,Galo,1661,661,16,Leão,7762,762,16,Leão,8952,952,13,Galo,5047,047,12,Elefante
2024-09-22,PTV,16:30,3877,877,20,Peru,8000,000,25,Vaca,5284,284,21,Touro,2583,583,21,Touro,1683,683,21,Touro
2024-09-23,PPT,09:30,5198,198,25,Vaca,5732,732,08,Camelo,5083,083,21,Touro,8876,876,19,Pavão,0997,997,25,Vaca
2024-09-23,PTM,11:30,6008,008,02,Águia,2962,962,16,Leão,2277,277,20,Peru,0719,719,05,Cachorro,3316,316,04,Borboleta
2024-09-23,PT,14:30,4641,641,11,Cavalo,3548,548,12,Elefante,9333,333,09,Cobra,8520,520,05,Cachorro,1581,581,21,Touro
2024-09-23,PTV,16:30,4053,053,14,Gato,7657,657,15,Jacaré,6666,666,17,Macaco,9840,840,10,Coelho,8632,632,08,Camelo
2024-09-23,PTN,,4799,799,25,Vaca,5990,990,23,Urso,2359,359,15,Jacaré,5107,107,02,Águia,2449,449,13,Galo
2024-09-23,COR,21:30,0826,826,07,Carneiro,1824,824,06,Cabra,3447,447,12,Elefante,5753,753,14,Gato,2039,039,10,Coelho
2024-09-24,PPT,09:30,8150,150,13,Galo,6063,063,16,Leão,2100,100,25,Vaca,3946,946,12,Elefante,2802,802,01,Avestruz
2024-09-24,PTM,11:30,0033,033,09,Cobra,0713,713,04,Borboleta,1742,742,11,Cavalo,4403,403,01,Avestruz,4753,753,14,Gato
2024-09-24,PT,14:30,1328,328,07,Carneiro,3847,847,12,Elefante,7220,220,05,Cachorro,2034,034,09,Cobra,9072,072,18,Porco
2024-09-24,PTV,16:30,8056,056,14,Gato,3296,296,24,Veado,6805,805,02,Águia,4732,732,08,Camelo,7696,696,24,Veado
2024-09-24,PTN,,2109,109,03,Burro,4994,994,24,Veado,0393,393,24,Veado,1139,139,10,Coelho,6180,180,20,Peru
2024-09-24,COR,21:30,7383,383,21,Touro,2481,481,21,Touro,6248,248,12,Elefante,3007,007,02,Águia,3833,833,09,Cobra
2024-09-25,PPT,09:30,3845,845,12,Elefante,4529,529,08,Camelo,2768,768,17,Macaco,6030,030,08,Camelo,1587,587,22,Tigre
2024-09-25,PTM,11:30,6881,881,21,Touro,8643,643,11,Cavalo,6123,123,06,Cabra,0827,827,07,Carneiro,5036,036,09,Cobra
2024-09-25,PT,14:30,9077,077,20,Peru,7912,912,03,Burro,8004,004,01,Avestruz,1623,623,06,Cabra,4693,693,24,Veado
2024-09-25,PTV,16:30,6727,727,07,Carneiro,6682,682,21,Touro,5858,858,15,Jacaré,3933,933,09,Cobra,5691,691,23,Urso
2024-09-25,FED,,4538,538,10,Coelho,4109,109,03,Burro,1167,167,17,Macaco,6709,709,03,Burro,6326,326,07,Carneiro
2024-09-25,COR,21:30,0328,328,07,Carneiro,3508,508,02,Águia,1047,047,12,Elefante,0615,615,04,Borboleta,3584,584,21,Touro
2024-09-26,PPT,09:30,7914,914,04,Borboleta,8238,238,10,Coelho,5499,499,25,Vaca,6918,918,05,Cachorro,5024,024,06,Cabra
2024-09-26,PTM,11:30,7005,005,02,Águia,4706,706,02,Águia,9350,350,13,Galo,7966,966,17,Macaco,9310,310,03,Burro
2024-09-26,PT,14:30,0374,374,19,Pavão,6642,642,11,Cavalo,4505,505,02,Águia,6283,283,21,Touro,1667,667,17,Macaco
2024-09-26,PTV,16:30,6797,797,25,Vaca,7404,404,01,Avestruz,0325,325,07,Carneiro,4904,904,01,Avestruz,1742,742,11,Cavalo
2024-09-26,PTN,,1889,889,23,Urso,7735,735,09,Cobra,4172,172,18,Porco,4814,814,04,Borboleta,9600,600,25,Vaca
2024-09-26,COR,21:30,0167,167,17,Macaco,7480,480,20,Peru,7856,856,14,Gato,4448,448,12,Elefante,2492,492,23,Urso
2024-09-27,PPT,09:30,9625,625,07,Carneiro,1974,974,19,Pavão,6083,083,21,Touro,6909,909,03,Burro,5571,571,18,Porco
2024-09-27,PTM,11:30,9871,871,18,Porco,0414,414,04,Borboleta,0134,134,09,Cobra,4897,897,25,Vaca,9053,053,14,Gato
2024-09-27,PT,14:30,2744,744,11,Cavalo,2674,674,19,Pavão,2555,555,14,Gato,6844,844,11,Cavalo,7244,244,11,Cavalo
2024-09-27,PTV,16:30,5412,412,03,Burro,0397,397,25,Vaca,6461,461,16,Leão,1830,830,08,Camelo,9985,985,22,Tigre
2024-09-27,PTN,,3206,206,02,Águia,5854,854,14,Gato,1508,508,02,Águia,1342,342,11,Cavalo,2890,890,23,Urso
2024-09-27,COR,21:30,4415,415,04,Borboleta,1623,623,06,Cabra,9938,938,10,Coelho,5151,151,13,Galo,5527,527,07,Carneiro
2024-09-28,PPT,09:30,9888,888,22,Tigre,0337,337,10,Coelho,3623,623,06,Cabra,2756,756,14,Gato,7955,955,14,Gato
2024-09-28,PTM,11:30,2898,898,25,Vaca,4160,160,15,Jacaré,1241,241,11,Cavalo,0603,603,01,Avestruz,2891,891,23,Urso
2024-09-28,PT,14:30,1814,814,04,Borboleta,4598,598,25,Vaca,4299,299,25,Vaca,3017,017,05,Cachorro,7305,305,02,Águia
2024-09-28,PTV,16:30,4817,817,05,Cachorro,7086,086,22,Tigre,3265,265,17,Macaco,4727,727,07,Carneiro,1414,414,04,Borboleta
2024-09-28,FED,,2416,416,04,Borboleta,4684,684,21,Touro,6346,346,12,Elefante,0917,917,05,Cachorro,2900,900,25,Vaca
2024-09-28,COR,21:30,9922,922,06,Cabra,5153,153,14,Gato,9934,934,09,Cobra,1789,789,23,Urso,5825,825,07,Carneiro
2024-09-29,PPT,09:30,3607,607,02,Águia,4166,166,17,Macaco,2040,040,10,Coelho,1208,208,02,Águia,8598,598,25,Vaca
2024-09-29,PTM,11:30,2106,106,02,Águia,8220,220,05,Cachorro,4985,985,22,Tigre,1284,284,21,Touro,9150,150,13,Galo
2024-09-29,PT,14:30,2641,641,11,Cavalo,9338,338,10,Coelho,9062,062,16,Leão,9494,494,24,Veado,8723,723,06,Cabra
2024-09-29,PTV,16:30,1400,400,25,Vaca,3003,003,01,Avestruz,2647,647,12,Elefante,7547,547,12,Elefante,0665,665,17,Macaco
2024-09-30,PPT,09:30,9860,860,15,Jacaré,6973,973,19,Pavão,2097,097,25,Vaca,5183,183,21,Touro,6278,278,20,Peru
2024-09-30,PTM,11:30,3338,338,10,Coelho,6826,826,07,Carneiro,5010,010,03,Burro,0713,713,04,Borboleta,0924,924,06,Cabra
2024-09-30,PT,14:30,0107,107,02,Águia,6383,383,21,Touro,9857,857,15,Jacaré,5769,769,18,Porco,5835,835,09,Cobra
2024-09-30,PTV,16:30,2769,769,18,Porco,6782,782,21,Touro,8402,402,01,Avestruz,9749,749,13,Galo,6849,849,13,Galo
2024-09-30,PTN,,6210,210,03,Burro,4400,400,25,Vaca,2498,498,25,Vaca,2896,896,24,Veado,9356,356,14,Gato
2024-09-30,COR,21:30,5346,346,12,Elefante,9971,971,18,Porco,9131,131,08,Camelo,4177,177,20,Peru,1734,734,09,Cobra
2024-10-01,PPT,09:30,7996,996,24,Veado,5098,098,25,Vaca,7931,931,08,Camelo,2314,314,04,Borboleta,4092,092,23,Urso
2024-10-01,PTM,11:30,9055,055,14,Gato,7090,090,23,Urso,4813,813,04,Borboleta,1573,573,19,Pavão,0984,984,21,Touro
2024-10-01,PT,14:30,5517,517,05,Cachorro,4765,765,17,Macaco,3091,091,23,Urso,4266,266,17,Macaco,8431,431,08,Camelo
2024-10-01,PTV,16:30,9924,924,06,Cabra,5134,134,09,Cobra,5054,054,14,Gato,9443,443,11,Cavalo,3509,509,03,Burro
2024-10-01,PTN,,5062,062,16,Leão,0392,392,23,Urso,5278,278,20,Peru,5487,487,22,Tigre,5408,408,02,Águia
2024-10-01,COR,21:30,8142,142,11,Cavalo,8562,562,16,Leão,2502,502,01,Avestruz,6211,211,03,Burro,5130,130,08,Camelo
2024-10-02,PPT,09:30,3298,298,25,Vaca,7240,240,10,Coelho,9737,737,10,Coelho,1330,330,08,Camelo,0129,129,08,Camelo
2024-10-02,PTM,11:30,0642,642,11,Cavalo,1309,309,03,Burro,7662,662,16,Leão,3628,628,07,Carneiro,7157,157,15,Jacaré
2024-10-02,PT,14:30,4043,043,11,Cavalo,5064,064,16,Leão,6259,259,15,Jacaré,9003,003,01,Avestruz,7398,398,25,Vaca
2024-10-02,PTV,16:30,7402,402,01,Avestruz,9102,102,01,Avestruz,8295,295,24,Veado,9640,640,10,Coelho,5768,768,17,Macaco
2024-10-02,FED,,9159,159,15,Jacaré,2029,029,08,Camelo,4435,435,09,Cobra,8242,242,11,Cavalo,7879,879,20,Peru
2024-10-02,COR,21:30,6987,987,22,Tigre,3942,942,11,Cavalo,4778,778,20,Peru,9682,682,21,Touro,1503,503,01,Avestruz
2024-10-03,PPT,09:30,0309,309,03,Burro,8703,703,01,Avestruz,0355,355,14,Gato,4666,666,17,Macaco,5569,569,18,Porco
2024-10-03,PTM,11:30,8578,578,20,Peru,3328,328,07,Carneiro,4184,184,21,Touro,4237,237,10,Coelho,2211,211,03,Burro
2024-10-03,PT,14:30,2846,846,12,Elefante,7472,472,18,Porco,0651,651,13,Galo,4521,521,06,Cabra,6344,344,11,Cavalo
2024-10-03,PTV,16:30,6350,350,13,Galo,3716,716,04,Borboleta,6911,911,03,Burro,0615,615,04,Borboleta,4726,726,07,Carneiro
2024-10-03,PTN,,8321,321,06,Cabra,1630,630,08,Camelo,9345,345,12,Elefante,4768,768,17,Macaco,8294,294,24,Veado
2024-10-03,COR,21:30,6572,572,18,Porco,4303,303,01,Avestruz,7002,002,01,Avestruz,6253,253,14,Gato,1509,509,03,Burro
2024-10-04,PPT,09:30,3647,647,12,Elefante,9586,586,22,Tigre,4886,886,22,Tigre,7066,066,17,Macaco,7845,845,12,Elefante
2024-10-04,PTM,11:30,0091,091,23,Urso,5051,051,13,Galo,0304,304,01,Avestruz,3117,117,05,Cachorro,7377,377,20,Peru
2024-10-04,PT,14:30,2859,859,15,Jacaré,0812,812,03,Burro,9045,045,12,Elefante,0539,539,10,Coelho,9137,137,10,Coelho
2024-10-04,PTV,16:30,9035,035,09,Cobra,0146,146,12,Elefante,2793,793,24,Veado,1780,780,20,Peru,3464,464,16,Leão
2024-10-04,PTN,,5799,799,25,Vaca,5585,585,22,Tigre,2365,365,17,Macaco,4172,172,18,Porco,9978,978,20,Peru
2024-10-04,COR,21:30,0734,734,09,Cobra,4221,221,06,Cabra,5307,307,02,Águia,5901,901,01,Avestruz,1853,853,14,Gato
2024-10-05,PPT,09:30,3827,827,07,Carneiro,8295,295,24,Veado,5031,031,08,Camelo,4201,201,01,Avestruz,4993,993,24,Veado
2024-10-05,PTM,11:30,7603,603,01,Avestruz,7347,347,12,Elefante,7734,734,09,Cobra,2780,780,20,Peru,2676,676,19,Pavão
2024-10-05,PT,14:30,9880,880,20,Peru,9246,246,12,Elefante,0889,889,23,Urso,4004,004,01,Avestruz,4885,885,22,Tigre
2024-10-05,PTV,16:30,7991,991,23,Urso,9868,868,17,Macaco,0804,804,01,Avestruz,0670,670,18,Porco,6093,093,24,Veado
2024-10-05,FED,,7310,310,03,Burro,9313,313,04,Borboleta,7424,424,06,Cabra,4356,356,14,Gato,7131,131,08,Camelo
2024-10-05,COR,21:30,3138,138,10,Coelho,5023,023,06,Cabra,6271,271,18,Porco,1181,181,21,Touro,9740,740,10,Coelho
2024-10-07,PPT,09:30,3269,269,18,Porco,5745,745,12,Elefante,2738,738,10,Coelho,3832,832,08,Camelo,3163,163,16,Leão
2024-10-07,PTM,11:30,3530,530,08,Camelo,5528,528,07,Carneiro,3376,376,19,Pavão,0949,949,13,Galo,6032,032,08,Camelo
2024-10-07,PT,14:30,6817,817,05,Cachorro,1655,655,14,Gato,4666,666,17,Macaco,3736,736,09,Cobra,4438,438,10,Coelho
2024-10-07,PTV,16:30,4425,425,07,Carneiro,3550,550,13,Galo,5809,809,03,Burro,0383,383,21,Touro,4051,051,13,Galo
2024-10-07,PTN,,2664,664,16,Leão,3303,303,01,Avestruz,7996,996,24,Veado,2894,894,24,Veado,1949,949,13,Galo
2024-10-07,COR,21:30,3317,317,05,Cachorro,1990,990,23,Urso,4993,993,24,Veado,6189,189,23,Urso,9713,713,04,Borboleta
2024-10-08,PPT,09:30,2341,341,11,Cavalo,5621,621,06,Cabra,9913,913,04,Borboleta,6513,513,04,Borboleta,3812,812,03,Burro
2024-10-08,PTM,11:30,5948,948,12,Elefante,8639,639,10,Coelho,7036,036,09,Cobra,4405,405,02,Águia,8321,321,06,Cabra
2024-10-08,PT,14:30,6534,534,09,Cobra,5862,862,16,Leão,5610,610,03,Burro,3843,843,11,Cavalo,3516,516,04,Borboleta
2024-10-08,PTV,16:30,4546,546,12,Elefante,3520,520,05,Cachorro,0428,428,07,Carneiro,3237,237,10,Coelho,5047,047,12,Elefante
2024-10-08,PTN,,1896,896,24,Veado,4639,639,10,Coelho,2527,527,07,Carneiro,8257,257,15,Jacaré,3816,816,04,Borboleta
2024-10-08,COR,21:30,2276,276,19,Pavão,8589,589,23,Urso,1475,475,19,Pavão,6098,098,25,Vaca,3027,027,07,Carneiro
2024-10-09,PPT,09:30,8033,033,09,Cobra,5957,957,15,Jacaré,6403,403,01,Avestruz,7079,079,20,Peru,6102,102,01,Avestruz
2024-10-09,PTM,11:30,9862,862,16,Leão,4496,496,24,Veado,6028,028,07,Carneiro,5219,219,05,Cachorro,6921,921,06,Cabra
2024-10-09,PT,14:30,5574,574,19,Pavão,9244,244,11,Cavalo,2241,241,11,Cavalo,6983,983,21,Touro,3879,879,20,Peru
2024-10-09,PTV,16:30,9355,355,14,Gato,9903,903,01,Avestruz,3258,258,15,Jacaré,0000,000,25,Vaca,9995,995,24,Veado
2024-10-09,FED,,3319,319,05,Cachorro,1098,098,25,Vaca,3945,945,12,Elefante,2183,183,21,Touro,3385,385,22,Tigre
2024-10-09,COR,21:30,7896,896,24,Veado,2547,547,12,Elefante,4166,166,17,Macaco,7142,142,11,Cavalo,2965,965,17,Macaco
2024-10-10,PPT,09:30,0587,587,22,Tigre,5476,476,19,Pavão,5523,523,06,Cabra,9981,981,21,Touro,3062,062,16,Leão
2024-10-10,PTM,11:30,5429,429,08,Camelo,5307,307,02,Águia,2379,379,20,Peru,1115,115,04,Borboleta,1660,660,15,Jacaré
2024-10-10,PT,14:30,9675,675,19,Pavão,3134,134,09,Cobra,4063,063,16,Leão,1646,646,12,Elefante,3788,788,22,Tigre
2024-10-10,PTV,16:30,2292,292,23,Urso,2530,530,08,Camelo,0402,402,01,Avestruz,1058,058,15,Jacaré,7358,358,15,Jacaré
2024-10-10,PTN,,4060,060,15,Jacaré,4934,934,09,Cobra,1332,332,08,Camelo,0714,714,04,Borboleta,2513,513,04,Borboleta
2024-10-10,COR,21:30,0618,618,05,Cachorro,6324,324,06,Cabra,4021,021,06,Cabra,8971,971,18,Porco,1525,525,07,Carneiro
2024-10-11,PPT,09:30,9647,647,12,Elefante,2197,197,25,Vaca,2198,198,25,Vaca,6232,232,08,Camelo,4305,305,02,Águia
2024-10-11,PTM,11:30,6241,241,11,Cavalo,1742,742,11,Cavalo,7858,858,15,Jacaré,2006,006,02,Águia,0158,158,15,Jacaré
2024-10-11,PT,14:30,2946,946,12,Elefante,0512,512,03,Burro,9091,091,23,Urso,3483,483,21,Touro,7505,505,02,Águia
2024-10-11,PTV,16:30,6344,344,11,Cavalo,1636,636,09,Cobra,1498,498,25,Vaca,3395,395,24,Veado,3052,052,13,Galo
2024-10-11,FED,,9623,623,06,Cabra,7711,711,03,Burro,9861,861,16,Leão,1066,066,17,Macaco,1935,935,09,Cobra
2024-10-11,COR,21:30,8979,979,20,Peru,4382,382,21,Touro,1087,087,22,Tigre,8038,038,10,Coelho,2752,752,13,Galo
2024-10-12,PPT,09:30,5551,551,13,Galo,5558,558,15,Jacaré,8888,888,22,Tigre,2671,671,18,Porco,4400,400,25,Vaca
2024-10-12,PTM,11:30,9808,808,02,Águia,5660,660,15,Jacaré,6425,425,07,Carneiro,4426,426,07,Carneiro,3699,699,25,Vaca
2024-10-12,PT,14:30,2579,579,20,Peru,0739,739,10,Coelho,0709,709,03,Burro,2706,706,02,Águia,4335,335,09,Cobra
2024-10-12,PTV,16:30,8003,003,01,Avestruz,4629,629,08,Camelo,4060,060,15,Jacaré,8230,230,08,Camelo,5393,393,24,Veado
2024-10-12,PTN,,4492,492,23,Urso,2096,096,24,Veado,1675,675,19,Pavão,8761,761,16,Leão,4062,062,16,Leão
2024-10-12,COR,21:30,3818,818,05,Cachorro,7506,506,02,Águia,1990,990,23,Urso,8290,290,23,Urso,9798,798,25,Vaca
2024-10-13,PPT,09:30,6169,169,18,Porco,2710,710,03,Burro,2495,495,24,Veado,9125,125,07,Carneiro,6826,826,07,Carneiro
2024-10-13,PTM,11:30,6359,359,15,Jacaré,7145,145,12,Elefante,8700,700,25,Vaca,6574,574,19,Pavão,9762,762,16,Leão
2024-10-13,PT,14:30,2115,115,04,Borboleta,1668,668,17,Macaco,7222,222,06,Cabra,7203,203,01,Avestruz,7020,020,05,Cachorro
2024-10-13,PTV,16:30,1186,186,22,Tigre,7332,332,08,Camelo,7832,832,08,Camelo,1786,786,22,Tigre,0596,596,24,Veado
2024-10-14,PPT,09:30,9265,265,17,Macaco,5819,819,05,Cachorro,4636,636,09,Cobra,1528,528,07,Carneiro,6011,011,03,Burro
2024-10-14,PTM,11:30,3586,586,22,Tigre,0055,055,14,Gato,0511,511,03,Burro,1602,602,01,Avestruz,6351,351,13,Galo
2024-10-14,PT,14:30,4047,047,12,Elefante,5218,218,05,Cachorro,4048,048,12,Elefante,8646,646,12,Elefante,7015,015,04,Borboleta
2024-10-14,PTV,16:30,5438,438,10,Coelho,1685,685,22,Tigre,5286,286,22,Tigre,1742,742,11,Cavalo,4928,928,07,Carneiro
2024-10-14,PTN,,0021,021,06,Cabra,8858,858,15,Jacaré,8755,755,14,Gato,0317,317,05,Cachorro,6960,960,15,Jacaré
2024-10-14,COR,21:30,3979,979,20,Peru,0012,012,03,Burro,8674,674,19,Pavão,6999,999,25,Vaca,8871,871,18,Porco
2024-10-15,PPT,09:30,0397,397,25,Vaca,8977,977,20,Peru,9941,941,11,Cavalo,2925,925,07,Carneiro,2059,059,15,Jacaré
2024-10-15,PTM,11:30,4636,636,09,Cobra,7626,626,07,Carneiro,1454,454,14,Gato,3757,757,15,Jacaré,9010,010,03,Burro
2024-10-15,PT,14:30,4815,815,04,Borboleta,2779,779,20,Peru,3262,262,16,Leão,8179,179,20,Peru,1261,261,16,Leão
2024-10-15,PTV,16:30,2494,494,24,Veado,1545,545,12,Elefante,2456,456,14,Gato,6956,956,14,Gato,2126,126,07,Carneiro
2024-10-15,PTN,,9443,443,11,Cavalo,6837,837,10,Coelho,2531,531,08,Camelo,8304,304,01,Avestruz,6534,534,09,Cobra
2024-10-15,COR,21:30,6456,456,14,Gato,1765,765,17,Macaco,6571,571,18,Porco,5687,687,22,Tigre,3230,230,08,Camelo
2024-10-16,PPT,09:30,3932,932,08,Camelo,7977,977,20,Peru,4063,063,16,Leão,7580,580,20,Peru,4702,702,01,Avestruz
2024-10-16,PTM,11:30,0106,106,02,Águia,0655,655,14,Gato,5041,041,11,Cavalo,0843,843,11,Cavalo,1852,852,13,Galo
2024-10-16,PT,14:30,6658,658,15,Jacaré,5001,001,01,Avestruz,3162,162,16,Leão,5199,199,25,Vaca,7745,745,12,Elefante
2024-10-16,PTV,16:30,5132,132,08,Camelo,5066,066,17,Macaco,0216,216,04,Borboleta,0204,204,01,Avestruz,0813,813,04,Borboleta
2024-10-16,FED,,8017,017,05,Cachorro,2964,964,16,Leão,9510,510,03,Burro,3322,322,06,Cabra,3911,911,03,Burro
2024-10-16,COR,21:30,3936,936,09,Cobra,3117,117,05,Cachorro,4254,254,14,Gato,6357,357,15,Jacaré,0465,465,17,Macaco
2024-10-17,PPT,09:30,6108,108,02,Águia,0128,128,07,Carneiro,7202,202,01,Avestruz,7696,696,24,Veado,0908,908,02,Águia
2024-10-17,PTM,11:30,8465,465,17,Macaco,7750,750,13,Galo,6811,811,03,Burro,1602,602,01,Avestruz,2539,539,10,Coelho
2024-10-17,PT,14:30,7147,147,12,Elefante,9354,354,14,Gato,1080,080,20,Peru,4436,436,09,Cobra,1775,775,19,Pavão
2024-10-17,PTV,16:30,5432,432,08,Camelo,6711,711,03,Burro,1204,204,01,Avestruz,4107,107,02,Águia,7534,534,09,Cobra
2024-10-17,PTN,,3096,096,24,Veado,3549,549,13,Galo,3789,789,23,Urso,6122,122,06,Cabra,7803,803,01,Avestruz
2024-10-17,COR,21:30,1069,069,18,Porco,1259,259,15,Jacaré,5897,897,25,Vaca,5388,388,22,Tigre,7596,596,24,Veado
2024-10-18,PPT,09:30,0001,001,01,Avestruz,5928,928,07,Carneiro,1507,507,02,Águia,6479,479,20,Peru,7205,205,02,Águia
2024-10-18,PTM,11:30,1310,310,03,Burro,9633,633,09,Cobra,9844,844,11,Cavalo,5976,976,19,Pavão,8224,224,06,Cabra
2024-10-18,PT,14:30,8797,797,25,Vaca,8276,276,19,Pavão,2671,671,18,Porco,0262,262,16,Leão,6842,842,11,Cavalo
2024-10-18,PTV,16:30,8996,996,24,Veado,5242,242,11,Cavalo,4010,010,03,Burro,3485,485,22,Tigre,2300,300,25,Vaca
2024-10-18,PTN,,2645,645,12,Elefante,9335,335,09,Cobra,8144,144,11,Cavalo,6964,964,16,Leão,1682,682,21,Touro
2024-10-18,COR,21:30,9039,039,10,Coelho,1515,515,04,Borboleta,8978,978,20,Peru,3208,208,02,Águia,5119,119,05,Cachorro
2024-10-19,PPT,09:30,0261,261,16,Leão,6804,804,01,Avestruz,7395,395,24,Veado,4007,007,02,Águia,0203,203,01,Avestruz
2024-10-19,PTM,11:30,1724,724,06,Cabra,3391,391,23,Urso,5523,523,06,Cabra,8679,679,20,Peru,1848,848,12,Elefante
2024-10-19,PT,14:30,5460,460,15,Jacaré,8988,988,22,Tigre,2232,232,08,Camelo,6324,324,06,Cabra,7956,956,14,Gato
2024-10-19,PTV,16:30,0866,866,17,Macaco,7946,946,12,Elefante,7019,019,05,Cachorro,2702,702,01,Avestruz,8627,627,07,Carneiro
2024-10-19,FED,,5189,189,23,Urso,7262,262,16,Leão,0096,096,24,Veado,1446,446,12,Elefante,6960,960,15,Jacaré
2024-10-19,COR,21:30,5434,434,09,Cobra,3711,711,03,Burro,4068,068,17,Macaco,5349,349,13,Galo,5616,616,04,Borboleta
2024-10-20,PPT,09:30,1577,577,20,Peru,6473,473,19,Pavão,2571,571,18,Porco,0268,268,17,Macaco,5632,632,08,Camelo
2024-10-20,PTM,11:30,9180,180,20,Peru,3281,281,21,Touro,5493,493,24,Veado,0659,659,15,Jacaré,2249,249,13,Galo
2024-10-20,PT,14:30,7513,513,04,Borboleta,7986,986,22,Tigre,9269,269,18,Porco,9471,471,18,Porco,5966,966,17,Macaco
2024-10-20,PTV,16:30,1594,594,24,Veado,7976,976,19,Pavão,5795,795,24,Veado,5900,900,25,Vaca,6349,349,13,Galo
2024-10-21,PPT,09:30,5754,754,14,Gato,1218,218,05,Cachorro,6032,032,08,Camelo,7390,390,23,Urso,2898,898,25,Vaca
2024-10-21,PTM,11:30,8312,312,03,Burro,7612,612,03,Burro,6630,630,08,Camelo,8202,202,01,Avestruz,4373,373,19,Pavão
2024-10-21,PT,14:30,6435,435,09,Cobra,2358,358,15,Jacaré,1487,487,22,Tigre,1778,778,20,Peru,7963,963,16,Leão
2024-10-21,PTV,16:30,9086,086,22,Tigre,0252,252,13,Galo,4098,098,25,Vaca,9970,970,18,Porco,2356,356,14,Gato
2024-10-21,PTN,,1668,668,17,Macaco,2110,110,03,Burro,9906,906,02,Águia,7179,179,20,Peru,7869,869,18,Porco
2024-10-21,COR,21:30,7921,921,06,Cabra,3186,186,22,Tigre,1073,073,19,Pavão,8836,836,09,Cobra,5579,579,20,Peru
2024-10-22,PPT,09:30,8322,322,06,Cabra,5315,315,04,Borboleta,7453,453,14,Gato,3710,710,03,Burro,2309,309,03,Burro
2024-10-22,PTM,11:30,8240,240,10,Coelho,7048,048,12,Elefante,4325,325,07,Carneiro,2166,166,17,Macaco,9764,764,16,Leão
2024-10-22,PT,14:30,5227,227,07,Carneiro,6231,231,08,Camelo,9046,046,12,Elefante,4897,897,25,Vaca,2437,437,10,Coelho
2024-10-22,PTV,16:30,2709,709,03,Burro,0721,721,06,Cabra,5762,762,16,Leão,9476,476,19,Pavão,2201,201,01,Avestruz
2024-10-22,PTN,,0615,615,04,Borboleta,3746,746,12,Elefante,8264,264,16,Leão,6402,402,01,Avestruz,6075,075,19,Pavão
2024-10-22,COR,21:30,1472,472,18,Porco,2549,549,13,Galo,3935,935,09,Cobra,1068,068,17,Macaco,9303,303,01,Avestruz
2024-10-23,PPT,09:30,0703,703,01,Avestruz,2350,350,13,Galo,8306,306,02,Águia,2585,585,22,Tigre,5925,925,07,Carneiro
2024-10-23,PTM,11:30,4635,635,09,Cobra,9461,461,16,Leão,9038,038,10,Coelho,3925,925,07,Carneiro,2862,862,16,Leão
2024-10-23,PT,14:30,5763,763,16,Leão,5062,062,16,Leão,7082,082,21,Touro,9275,275,19,Pavão,6400,400,25,Vaca
2024-10-23,PTV,16:30,3567,567,17,Macaco,4814,814,04,Borboleta,2047,047,12,Elefante,1341,341,11,Cavalo,7182,182,21,Touro
2024-10-23,FED,,7006,006,02,Águia,2497,497,25,Vaca,0804,804,01,Avestruz,4123,123,06,Cabra,4523,523,06,Cabra
2024-10-23,COR,21:30,1546,546,12,Elefante,7630,630,08,Camelo,9224,224,06,Cabra,2032,032,08,Camelo,7977,977,20,Peru
2024-10-24,PPT,09:30,1880,880,20,Peru,5855,855,14,Gato,4017,017,05,Cachorro,8726,726,07,Carneiro,9893,893,24,Veado
2024-10-24,PTM,11:30,1219,219,05,Cachorro,0980,980,20,Peru,9137,137,10,Coelho,0342,342,11,Cavalo,0226,226,07,Carneiro
2024-10-24,PT,14:30,5483,483,21,Touro,4515,515,04,Borboleta,1888,888,22,Tigre,5491,491,23,Urso,9215,215,04,Borboleta
2024-10-24,PTV,16:30,7982,982,21,Touro,9824,824,06,Cabra,0658,658,15,Jacaré,0290,290,23,Urso,1237,237,10,Coelho
2024-10-24,PTN,,0603,603,01,Avestruz,5259,259,15,Jacaré,0704,704,01,Avestruz,5450,450,13,Galo,0900,900,25,Vaca
2024-10-24,COR,21:30,8869,869,18,Porco,3166,166,17,Macaco,8187,187,22,Tigre,7014,014,04,Borboleta,5047,047,12,Elefante
2024-10-25,PPT,09:30,6110,110,03,Burro,4011,011,03,Burro,4759,759,15,Jacaré,9354,354,14,Gato,8585,585,22,Tigre
2024-10-25,PTM,11:30,8082,082,21,Touro,5259,259,15,Jacaré,8122,122,06,Cabra,3395,395,24,Veado,9822,822,06,Cabra
2024-10-25,PT,14:30,1739,739,10,Coelho,5851,851,13,Galo,6637,637,10,Coelho,9691,691,23,Urso,3049,049,13,Galo
2024-10-25,PTV,16:30,3894,894,24,Veado,5731,731,08,Camelo,0616,616,04,Borboleta,2866,866,17,Macaco,0153,153,14,Gato
2024-10-25,PTN,,7452,452,13,Galo,8935,935,09,Cobra,2610,610,03,Burro,3619,619,05,Cachorro,8900,900,25,Vaca
2024-10-25,COR,21:30,0460,460,15,Jacaré,9554,554,14,Gato,6767,767,17,Macaco,6893,893,24,Veado,0512,512,03,Burro
2024-10-26,PPT,09:30,2176,176,19,Pavão,1752,752,13,Galo,9974,974,19,Pavão,8112,112,03,Burro,5068,068,17,Macaco
2024-10-26,PTM,11:30,9972,972,18,Porco,8127,127,07,Carneiro,5240,240,10,Coelho,7378,378,20,Peru,3364,364,16,Leão
2024-10-26,PT,14:30,4395,395,24,Veado,3126,126,07,Carneiro,8145,145,12,Elefante,5922,922,06,Cabra,5383,383,21,Touro
2024-10-26,PTV,16:30,9614,614,04,Borboleta,9514,514,04,Borboleta,4506,506,02,Águia,7784,784,21,Touro,9884,884,21,Touro
2024-10-26,FED,,8966,966,17,Macaco,6491,491,23,Urso,1106,106,02,Águia,3263,263,16,Leão,1223,223,06,Cabra
2024-10-26,COR,21:30,8612,612,03,Burro,5081,081,21,Touro,9906,906,02,Águia,7512,512,03,Burro,4529,529,08,Camelo
2024-10-27,PPT,09:30,6560,560,15,Jacaré,7690,690,23,Urso,9416,416,04,Borboleta,3480,480,20,Peru,4577,577,20,Peru
2024-10-27,PTM,11:30,3561,561,16,Leão,7579,579,20,Peru,0237,237,10,Coelho,3043,043,11,Cavalo,7079,079,20,Peru
2024-10-27,PT,14:30,7588,588,22,Tigre,4873,873,19,Pavão,7025,025,07,Carneiro,7081,081,21,Touro,9112,112,03,Burro
2024-10-27,PTV,16:30,0404,404,01,Avestruz,8323,323,06,Cabra,1280,280,20,Peru,7544,544,11,Cavalo,4897,897,25,Vaca
2024-10-28,PPT,09:30,0279,279,20,Peru,5657,657,15,Jacaré,0152,152,13,Galo,8308,308,02,Águia,7769,769,18,Porco
2024-10-28,PTM,11:30,1585,585,22,Tigre,2523,523,06,Cabra,5999,999,25,Vaca,0474,474,19,Pavão,3889,889,23,Urso
2024-10-28,PT,14:30,5050,050,13,Galo,9996,996,24,Veado,4605,605,02,Águia,0982,982,21,Touro,2638,638,10,Coelho
2024-10-28,PTV,16:30,8224,224,06,Cabra,5608,608,02,Águia,4888,888,22,Tigre,0236,236,09,Cobra,9952,952,13,Galo
2024-10-28,PTN,,6537,537,10,Coelho,3103,103,01,Avestruz,7290,290,23,Urso,4904,904,01,Avestruz,6543,543,11,Cavalo
2024-10-28,COR,21:30,1265,265,17,Macaco,1534,534,09,Cobra,1121,121,06,Cabra,9960,960,15,Jacaré,0553,553,14,Gato
2024-10-29,PPT,09:30,9022,022,06,Cabra,3831,831,08,Camelo,3673,673,19,Pavão,6098,098,25,Vaca,2450,450,13,Galo
2024-10-29,PTM,11:30,5720,720,05,Cachorro,4978,978,20,Peru,5866,866,17,Macaco,9297,297,25,Vaca,6215,215,04,Borboleta
2024-10-29,PT,14:30,5936,936,09,Cobra,1513,513,04,Borboleta,9601,601,01,Avestruz,9963,963,16,Leão,2212,212,03,Burro
2024-10-29,PTV,16:30,2652,652,13,Galo,0836,836,09,Cobra,6864,864,16,Leão,4041,041,11,Cavalo,8346,346,12,Elefante
2024-10-29,PTN,,4828,828,07,Carneiro,6415,415,04,Borboleta,3225,225,07,Carneiro,8691,691,23,Urso,6905,905,02,Águia
2024-10-29,COR,21:30,6412,412,03,Burro,5409,409,03,Burro,3793,793,24,Veado,8866,866,17,Macaco,6736,736,09,Cobra
2024-10-30,PPT,09:30,1020,020,05,Cachorro,7984,984,21,Touro,0117,117,05,Cachorro,5784,784,21,Touro,7632,632,08,Camelo
2024-10-30,PTM,11:30,4370,370,18,Porco,8401,401,01,Avestruz,2227,227,07,Carneiro,4034,034,09,Cobra,4440,440,10,Coelho
2024-10-30,PT,14:30,1362,362,16,Leão,4791,791,23,Urso,9245,245,12,Elefante,7897,897,25,Vaca,3598,598,25,Vaca
2024-10-30,PTV,16:30,0846,846,12,Elefante,8057,057,15,Jacaré,7293,293,24,Veado,8063,063,16,Leão,3230,230,08,Camelo
2024-10-30,FED,,8179,179,20,Peru,7847,847,12,Elefante,1005,005,02,Águia,5754,754,14,Gato,4267,267,17,Macaco
2024-10-30,COR,21:30,6749,749,13,Galo,7439,439,10,Coelho,3932,932,08,Camelo,2203,203,01,Avestruz,9705,705,02,Águia
2024-10-31,PPT,09:30,6122,122,06,Cabra,9291,291,23,Urso,6970,970,18,Porco,8185,185,22,Tigre,6279,279,20,Peru
2024-10-31,PTM,11:30,1161,161,16,Leão,1454,454,14,Gato,2375,375,19,Pavão,5642,642,11,Cavalo,2336,336,09,Cobra
2024-10-31,PT,14:30,8007,007,02,Águia,6632,632,08,Camelo,3735,735,09,Cobra,9000,000,25,Vaca,9208,208,02,Águia
2024-10-31,PTV,16:30,6451,451,13,Galo,4222,222,06,Cabra,1552,552,13,Galo,1983,983,21,Touro,4313,313,04,Borboleta
2024-10-31,PTN,,3723,723,06,Cabra,1757,757,15,Jacaré,1473,473,19,Pavão,2427,427,07,Carneiro,9917,917,05,Cachorro
2024-10-31,COR,21:30,1809,809,03,Burro,3201,201,01,Avestruz,2625,625,07,Carneiro,9726,726,07,Carneiro,9224,224,06,Cabra
2024-11-01,PPT,09:30,8330,330,08,Camelo,2115,115,04,Borboleta,0733,733,09,Cobra,1676,676,19,Pavão,7750,750,13,Galo
2024-11-01,PTM,11:30,6227,227,07,Carneiro,5534,534,09,Cobra,4491,491,23,Urso,8164,164,16,Leão,8124,124,06,Cabra
2024-11-01,PT,14:30,3792,792,23,Urso,8121,121,06,Cabra,0390,390,23,Urso,5327,327,07,Carneiro,2159,159,15,Jacaré
2024-11-01,PTV,16:30,4719,719,05,Cachorro,2630,630,08,Camelo,3737,737,10,Coelho,0494,494,24,Veado,9546,546,12,Elefante
2024-11-01,FED,,7595,595,24,Veado,1598,598,25,Vaca,1088,088,22,Tigre,3859,859,15,Jacaré,8002,002,01,Avestruz
2024-11-01,COR,21:30,6820,820,05,Cachorro,6949,949,13,Galo,2703,703,01,Avestruz,6593,593,24,Veado,2609,609,03,Burro
2024-11-02,PPT,09:30,6373,373,19,Pavão,1704,704,01,Avestruz,7467,467,17,Macaco,5249,249,13,Galo,4637,637,10,Coelho
2024-11-02,PTM,11:30,5001,001,01,Avestruz,3790,790,23,Urso,8918,918,05,Cachorro,9688,688,22,Tigre,8051,051,13,Galo
2024-11-02,PT,14:30,3900,900,25,Vaca,5603,603,01,Avestruz,2710,710,03,Burro,0932,932,08,Camelo,7125,125,07,Carneiro
2024-11-02,PTV,16:30,2507,507,02,Águia,1905,905,02,Águia,5495,495,24,Veado,6328,328,07,Carneiro,7617,617,05,Cachorro
2024-11-02,PTN,,0478,478,20,Peru,3223,223,06,Cabra,4487,487,22,Tigre,8947,947,12,Elefante,6224,224,06,Cabra
2024-11-02,COR,21:30,3296,296,24,Veado,2207,207,02,Águia,4478,478,20,Peru,0089,089,23,Urso,9899,899,25,Vaca
2024-11-03,PPT,09:30,6954,954,14,Gato,3288,288,22,Tigre,5172,172,18,Porco,5277,277,20,Peru,4462,462,16,Leão
2024-11-03,PTM,11:30,9865,865,17,Macaco,9567,567,17,Macaco,7913,913,04,Borboleta,7225,225,07,Carneiro,6527,527,07,Carneiro
2024-11-03,PT,14:30,9088,088,22,Tigre,4196,196,24,Veado,6714,714,04,Borboleta,8678,678,20,Peru,1771,771,18,Porco
2024-11-03,PTV,16:30,3933,933,09,Cobra,2388,388,22,Tigre,3000,000,25,Vaca,6890,890,23,Urso,3011,011,03,Burro
2024-11-04,PPT,09:30,9410,410,03,Burro,7395,395,24,Veado,2353,353,14,Gato,9311,311,03,Burro,3535,535,09,Cobra
2024-11-04,PTM,11:30,8420,420,05,Cachorro,4084,084,21,Touro,3598,598,25,Vaca,1256,256,14,Gato,3083,083,21,Touro
2024-11-04,PT,14:30,7521,521,06,Cabra,3813,813,04,Borboleta,0320,320,05,Cachorro,9816,816,04,Borboleta,3385,385,22,Tigre
2024-11-04,PTV,16:30,4936,936,09,Cobra,7574,574,19,Pavão,3625,625,07,Carneiro,5083,083,21,Touro,5924,924,06,Cabra
2024-11-04,PTN,,4148,148,12,Elefante,9802,802,01,Avestruz,4371,371,18,Porco,5799,799,25,Vaca,3327,327,07,Carneiro
2024-11-04,COR,21:30,7346,346,12,Elefante,3593,593,24,Veado,2141,141,11,Cavalo,7462,462,16,Leão,8327,327,07,Carneiro
2024-11-05,PPT,09:30,0079,079,20,Peru,3311,311,03,Burro,4061,061,16,Leão,2303,303,01,Avestruz,9449,449,13,Galo
2024-11-05,PTM,11:30,1276,276,19,Pavão,6346,346,12,Elefante,3528,528,07,Carneiro,9367,367,17,Macaco,6730,730,08,Camelo
2024-11-05,PT,14:30,1197,197,25,Vaca,0091,091,23,Urso,1921,921,06,Cabra,7645,645,12,Elefante,2090,090,23,Urso
2024-11-05,PTV,16:30,7811,811,03,Burro,5692,692,23,Urso,6656,656,14,Gato,5913,913,04,Borboleta,7971,971,18,Porco
2024-11-05,PTN,,6428,428,07,Carneiro,2259,259,15,Jacaré,1324,324,06,Cabra,5786,786,22,Tigre,8010,010,03,Burro
2024-11-05,COR,21:30,7563,563,16,Leão,1465,465,17,Macaco,3891,891,23,Urso,9732,732,08,Camelo,3002,002,01,Avestruz
2024-11-06,PPT,09:30,7190,190,23,Urso,4177,177,20,Peru,0801,801,01,Avestruz,8148,148,12,Elefante,2283,283,21,Touro
2024-11-06,PTM,11:30,1102,102,01,Avestruz,5326,326,07,Carneiro,4661,661,16,Leão,3791,791,23,Urso,0152,152,13,Galo
2024-11-06,PT,14:30,2197,197,25,Vaca,2022,022,06,Cabra,4368,368,17,Macaco,2780,780,20,Peru,0842,842,11,Cavalo
2024-11-06,PTV,16:30,9746,746,12,Elefante,4099,099,25,Vaca,4904,904,01,Avestruz,7264,264,16,Leão,0149,149,13,Galo
2024-11-06,FED,,4695,695,24,Veado,7171,171,18,Porco,4732,732,08,Camelo,5102,102,01,Avestruz,2980,980,20,Peru
2024-11-06,COR,21:30,4611,611,03,Burro,1568,568,17,Macaco,8271,271,18,Porco,7845,845,12,Elefante,0852,852,13,Galo
2024-11-07,PPT,09:30,9861,861,16,Leão,4613,613,04,Borboleta,0608,608,02,Águia,6796,796,24,Veado,4058,058,15,Jacaré
2024-11-07,PTM,11:30,8273,273,19,Pavão,0715,715,04,Borboleta,2675,675,19,Pavão,1097,097,25,Vaca,3553,553,14,Gato
2024-11-07,PT,14:30,8854,854,14,Gato,3951,951,13,Galo,3158,158,15,Jacaré,4287,287,22,Tigre,9476,476,19,Pavão
2024-11-07,PTV,16:30,9119,119,05,Cachorro,3501,501,01,Avestruz,8533,533,09,Cobra,4402,402,01,Avestruz,7985,985,22,Tigre
2024-11-07,PTN,,3868,868,17,Macaco,3444,444,11,Cavalo,0689,689,23,Urso,3841,841,11,Cavalo,8166,166,17,Macaco
2024-11-07,COR,21:30,9369,369,18,Porco,9620,620,05,Cachorro,3811,811,03,Burro,1350,350,13,Galo,9696,696,24,Veado
2024-11-08,PPT,09:30,2253,253,14,Gato,4326,326,07,Carneiro,7446,446,12,Elefante,9913,913,04,Borboleta,2959,959,15,Jacaré
2024-11-08,PTM,11:30,7964,964,16,Leão,4652,652,13,Galo,1999,999,25,Vaca,3955,955,14,Gato,3544,544,11,Cavalo
2024-11-08,PT,14:30,4858,858,15,Jacaré,9279,279,20,Peru,4509,509,03,Burro,8597,597,25,Vaca,9075,075,19,Pavão
2024-11-08,PTV,16:30,6867,867,17,Macaco,3463,463,16,Leão,6228,228,07,Carneiro,6861,861,16,Leão,9766,766,17,Macaco
2024-11-08,PTN,,3159,159,15,Jacaré,3668,668,17,Macaco,2759,759,15,Jacaré,7608,608,02,Águia,4112,112,03,Burro
2024-11-08,COR,21:30,6728,728,07,Carneiro,4533,533,09,Cobra,8765,765,17,Macaco,7207,207,02,Águia,2747,747,12,Elefante
2024-11-09,PPT,09:30,5347,347,12,Elefante,3192,192,23,Urso,9132,132,08,Camelo,7178,178,20,Peru,4570,570,18,Porco
2024-11-09,PTM,11:30,8163,163,16,Leão,6532,532,08,Camelo,0723,723,06,Cabra,4478,478,20,Peru,1868,868,17,Macaco
2024-11-09,PT,14:30,5547,547,12,Elefante,9016,016,04,Borboleta,4745,745,12,Elefante,4334,334,09,Cobra,7303,303,01,Avestruz
2024-11-09,PTV,16:30,7621,621,06,Cabra,9695,695,24,Veado,6231,231,08,Camelo,1764,764,16,Leão,5769,769,18,Porco
2024-11-09,FED,,4550,550,13,Galo,3182,182,21,Touro,6028,028,07,Carneiro,7537,537,10,Coelho,7136,136,09,Cobra
2024-11-09,COR,21:30,6267,267,17,Macaco,1741,741,11,Cavalo,9216,216,04,Borboleta,4892,892,23,Urso,1916,916,04,Borboleta
2024-11-10,PPT,09:30,5993,993,24,Veado,7418,418,05,Cachorro,9620,620,05,Cachorro,7481,481,21,Touro,9595,595,24,Veado
2024-11-10,PTM,11:30,6477,477,20,Peru,2692,692,23,Urso,0860,860,15,Jacaré,9159,159,15,Jacaré,5732,732,08,Camelo
2024-11-10,PT,14:30,0623,623,06,Cabra,5479,479,20,Peru,2872,872,18,Porco,0713,713,04,Borboleta,8211,211,03,Burro
2024-11-10,PTV,16:30,1584,584,21,Touro,2090,090,23,Urso,1729,729,08,Camelo,1749,749,13,Galo,3527,527,07,Carneiro
2024-11-11,PPT,09:30,6057,057,15,Jacaré,4903,903,01,Avestruz,3227,227,07,Carneiro,1155,155,14,Gato,8209,209,03,Burro
2024-11-11,PTM,11:30,9495,495,24,Veado,4374,374,19,Pavão,6207,207,02,Águia,9502,502,01,Avestruz,2706,706,02,Águia
2024-11-11,PT,14:30,2740,740,10,Coelho,6055,055,14,Gato,3754,754,14,Gato,8528,528,07,Carneiro,0352,352,13,Galo
2024-11-11,PTV,16:30,4790,790,23,Urso,5071,071,18,Porco,5791,791,23,Urso,0877,877,20,Peru,1956,956,14,Gato
2024-11-11,PTN,,6178,178,20,Peru,2652,652,13,Galo,2957,957,15,Jacaré,7328,328,07,Carneiro,6858,858,15,Jacaré
2024-11-11,COR,21:30,4563,563,16,Leão,9702,702,01,Avestruz,0906,906,02,Águia,7531,531,08,Camelo,3349,349,13,Galo
2024-11-12,PPT,09:30,5291,291,23,Urso,4861,861,16,Leão,2612,612,03,Burro,5076,076,19,Pavão,2331,331,08,Camelo
2024-11-12,PTM,11:30,3858,858,15,Jacaré,6469,469,18,Porco,2718,718,05,Cachorro,5102,102,01,Avestruz,7180,180,20,Peru
2024-11-12,PT,14:30,3497,497,25,Vaca,4233,233,09,Cobra,5726,726,07,Carneiro,4208,208,02,Águia,9496,496,24,Veado
2024-11-12,PTV,16:30,9269,269,18,Porco,2069,069,18,Porco,7159,159,15,Jacaré,1556,556,14,Gato,3043,043,11,Cavalo
2024-11-12,PTN,,3692,692,23,Urso,9547,547,12,Elefante,6931,931,08,Camelo,7662,662,16,Leão,2941,941,11,Cavalo
2024-11-12,COR,21:30,6462,462,16,Leão,3835,835,09,Cobra,0691,691,23,Urso,3454,454,14,Gato,6076,076,19,Pavão
2024-11-13,PPT,09:30,6987,987,22,Tigre,2869,869,18,Porco,3921,921,06,Cabra,3273,273,19,Pavão,9229,229,08,Camelo
2024-11-13,PTM,11:30,2371,371,18,Porco,2500,500,25,Vaca,6758,758,15,Jacaré,6405,405,02,Águia,2871,871,18,Porco
2024-11-13,PT,14:30,3757,757,15,Jacaré,5625,625,07,Carneiro,9522,522,06,Cabra,9640,640,10,Coelho,4365,365,17,Macaco
2024-11-13,PTV,16:30,9379,379,20,Peru,9577,577,20,Peru,8216,216,04,Borboleta,2119,119,05,Cachorro,1463,463,16,Leão
2024-11-13,FED,,1274,274,19,Pavão,2894,894,24,Veado,8169,169,18,Porco,4266,266,17,Macaco,8192,192,23,Urso
2024-11-13,COR,21:30,4759,759,15,Jacaré,8474,474,19,Pavão,8843,843,11,Cavalo,4372,372,18,Porco,7507,507,02,Águia
2024-11-14,PPT,09:30,6661,661,16,Leão,6355,355,14,Gato,5270,270,18,Porco,8375,375,19,Pavão,8121,121,06,Cabra
2024-11-14,PTM,11:30,6918,918,05,Cachorro,7925,925,07,Carneiro,3028,028,07,Carneiro,4573,573,19,Pavão,6235,235,09,Cobra
2024-11-14,PT,14:30,6020,020,05,Cachorro,0544,544,11,Cavalo,0575,575,19,Pavão,4939,939,10,Coelho,1851,851,13,Galo
2024-11-14,PTV,16:30,6168,168,17,Macaco,4567,567,17,Macaco,6810,810,03,Burro,2309,309,03,Burro,3905,905,02,Águia
2024-11-14,PTN,,6903,903,01,Avestruz,9913,913,04,Borboleta,0470,470,18,Porco,9427,427,07,Carneiro,2514,514,04,Borboleta
2024-11-14,COR,21:30,1262,262,16,Leão,5169,169,18,Porco,4946,946,12,Elefante,8624,624,06,Cabra,4355,355,14,Gato
2024-11-15,PPT,09:30,5861,861,16,Leão,6398,398,25,Vaca,6806,806,02,Águia,8235,235,09,Cobra,0763,763,16,Leão
2024-11-15,PTM,11:30,1538,538,10,Coelho,4277,277,20,Peru,4972,972,18,Porco,7712,712,03,Burro,5610,610,03,Burro
2024-11-15,PT,14:30,0149,149,13,Galo,6283,283,21,Touro,9255,255,14,Gato,0500,500,25,Vaca,5923,923,06,Cabra
2024-11-15,PTV,16:30,2776,776,19,Pavão,1554,554,14,Gato,6215,215,04,Borboleta,3310,310,03,Burro,4007,007,02,Águia
2024-11-15,PTN,,8513,513,04,Borboleta,9270,270,18,Porco,3521,521,06,Cabra,5872,872,18,Porco,1514,514,04,Borboleta
2024-11-15,COR,21:30,6944,944,11,Cavalo,2895,895,24,Veado,4063,063,16,Leão,7649,649,13,Galo,8201,201,01,Avestruz
2024-11-16,PPT,09:30,0573,573,19,Pavão,7932,932,08,Camelo,7661,661,16,Leão,6255,255,14,Gato,0739,739,10,Coelho
2024-11-16,PTM,11:30,2773,773,19,Pavão,1516,516,04,Borboleta,8494,494,24,Veado,8901,901,01,Avestruz,8318,318,05,Cachorro
2024-11-16,PT,14:30,3747,747,12,Elefante,4167,167,17,Macaco,4044,044,11,Cavalo,3832,832,08,Camelo,7973,973,19,Pavão
2024-11-16,PTV,16:30,9523,523,06,Cabra,1420,420,05,Cachorro,5016,016,04,Borboleta,7264,264,16,Leão,2678,678,20,Peru
2024-11-16,FED,,6609,609,03,Burro,2517,517,05,Cachorro,9012,012,03,Burro,0795,795,24,Veado,9199,199,25,Vaca
2024-11-16,COR,21:30,4634,634,09,Cobra,4544,544,11,Cavalo,3822,822,06,Cabra,8329,329,08,Camelo,3203,203,01,Avestruz
2024-11-17,PPT,09:30,5389,389,23,Urso,2766,766,17,Macaco,6303,303,01,Avestruz,4592,592,23,Urso,9774,774,19,Pavão
2024-11-17,PTM,11:30,3931,931,08,Camelo,7938,938,10,Coelho,4896,896,24,Veado,3463,463,16,Leão,0544,544,11,Cavalo
2024-11-17,PT,14:30,1718,718,05,Cachorro,7689,689,23,Urso,1151,151,13,Galo,4266,266,17,Macaco,6241,241,11,Cavalo
2024-11-17,PTV,16:30,6251,251,13,Galo,7422,422,06,Cabra,6423,423,06,Cabra,0868,868,17,Macaco,9237,237,10,Coelho
2024-11-18,PPT,09:30,8812,812,03,Burro,1636,636,09,Cobra,4394,394,24,Veado,2017,017,05,Cachorro,7711,711,03,Burro
2024-11-18,PTM,11:30,0385,385,22,Tigre,6604,604,01,Avestruz,6273,273,19,Pavão,1420,420,05,Cachorro,3611,611,03,Burro
2024-11-18,PT,14:30,7411,411,03,Burro,2531,531,08,Camelo,1868,868,17,Macaco,4172,172,18,Porco,7991,991,23,Urso
2024-11-18,PTV,16:30,2824,824,06,Cabra,6881,881,21,Touro,9483,483,21,Touro,0757,757,15,Jacaré,6542,542,11,Cavalo
2024-11-18,PTN,,4275,275,19,Pavão,3438,438,10,Coelho,2101,101,01,Avestruz,1209,209,03,Burro,1844,844,11,Cavalo
2024-11-18,COR,21:30,8869,869,18,Porco,5936,936,09,Cobra,2134,134,09,Cobra,3734,734,09,Cobra,0278,278,20,Peru
2024-11-19,PPT,09:30,3881,881,21,Touro,6376,376,19,Pavão,7022,022,06,Cabra,2887,887,22,Tigre,0143,143,11,Cavalo
2024-11-19,PTM,11:30,3238,238,10,Coelho,1663,663,16,Leão,2735,735,09,Cobra,5905,905,02,Águia,4229,229,08,Camelo
2024-11-19,PT,14:30,2750,750,13,Galo,6870,870,18,Porco,4763,763,16,Leão,6117,117,05,Cachorro,1285,285,22,Tigre
2024-11-19,PTV,16:30,2894,894,24,Veado,2325,325,07,Carneiro,5299,299,25,Vaca,5822,822,06,Cabra,5137,137,10,Coelho
2024-11-19,PTN,,8807,807,02,Águia,8716,716,04,Borboleta,9734,734,09,Cobra,4041,041,11,Cavalo,3374,374,19,Pavão
2024-11-19,COR,21:30,2232,232,08,Camelo,1226,226,07,Carneiro,5591,591,23,Urso,9588,588,22,Tigre,4661,661,16,Leão
2024-11-20,PPT,09:30,1001,001,01,Avestruz,6386,386,22,Tigre,5704,704,01,Avestruz,5571,571,18,Porco,0159,159,15,Jacaré
2024-11-20,PTM,11:30,2165,165,17,Macaco,3324,324,06,Cabra,9625,625,07,Carneiro,8922,922,06,Cabra,5890,890,23,Urso
2024-11-20,PT,14:30,5217,217,05,Cachorro,3160,160,15,Jacaré,9951,951,13,Galo,9225,225,07,Carneiro,0750,750,13,Galo
2024-11-20,PTV,16:30,5730,730,08,Camelo,8167,167,17,Macaco,8305,305,02,Águia,6846,846,12,Elefante,3645,645,12,Elefante
2024-11-20,PTN,,1180,180,20,Peru,7162,162,16,Leão,7813,813,04,Borboleta,2126,126,07,Carneiro,0372,372,18,Porco
2024-11-20,COR,21:30,3274,274,19,Pavão,9069,069,18,Porco,9830,830,08,Camelo,9991,991,23,Urso,4288,288,22,Tigre
2024-11-21,PPT,09:30,1328,328,07,Carneiro,2937,937,10,Coelho,8648,648,12,Elefante,6083,083,21,Touro,6812,812,03,Burro
2024-11-21,PTM,11:30,9167,167,17,Macaco,6956,956,14,Gato,9226,226,07,Carneiro,6122,122,06,Cabra,4298,298,25,Vaca
2024-11-21,PT,14:30,0918,918,05,Cachorro,4474,474,19,Pavão,2894,894,24,Veado,1610,610,03,Burro,2815,815,04,Borboleta
2024-11-21,PTV,16:30,3508,508,02,Águia,0650,650,13,Galo,3883,883,21,Touro,5686,686,22,Tigre,7613,613,04,Borboleta
2024-11-21,FED,,4503,503,01,Avestruz,5325,325,07,Carneiro,4559,559,15,Jacaré,4296,296,24,Veado,1984,984,21,Touro
2024-11-21,COR,21:30,3387,387,22,Tigre,9703,703,01,Avestruz,6987,987,22,Tigre,5332,332,08,Camelo,0789,789,23,Urso
2024-11-22,PPT,09:30,7360,360,15,Jacaré,8734,734,09,Cobra,6977,977,20,Peru,4643,643,11,Cavalo,5387,387,22,Tigre
2024-11-22,PTM,11:30,8704,704,01,Avestruz,0566,566,17,Macaco,8238,238,10,Coelho,3461,461,16,Leão,3837,837,10,Coelho
2024-11-22,PT,14:30,9925,925,07,Carneiro,2046,046,12,Elefante,3154,154,14,Gato,4395,395,24,Veado,9260,260,15,Jacaré
2024-11-22,PTV,16:30,0996,996,24,Veado,6667,667,17,Macaco,6971,971,18,Porco,4500,500,25,Vaca,2320,320,05,Cachorro
2024-11-22,PTN,,6841,841,11,Cavalo,3174,174,19,Pavão,2877,877,20,Peru,2332,332,08,Camelo,4457,457,15,Jacaré
2024-11-22,COR,21:30,6972,972,18,Porco,9915,915,04,Borboleta,6121,121,06,Cabra,0572,572,18,Porco,8173,173,19,Pavão
2024-11-23,PPT,09:30,3693,693,24,Veado,3469,469,18,Porco,6307,307,02,Águia,4415,415,04,Borboleta,4075,075,19,Pavão
2024-11-23,PTM,11:30,5460,460,15,Jacaré,2524,524,06,Cabra,2063,063,16,Leão,0134,134,09,Cobra,3405,405,02,Águia
2024-11-23,PT,14:30,3260,260,15,Jacaré,5980,980,20,Peru,3142,142,11,Cavalo,6292,292,23,Urso,6023,023,06,Cabra
2024-11-23,PTV,16:30,6524,524,06,Cabra,4557,557,15,Jacaré,1139,139,10,Coelho,1135,135,09,Cobra,0619,619,05,Cachorro
2024-11-23,FED,,3540,540,10,Coelho,9665,665,17,Macaco,7739,739,10,Coelho,9465,465,17,Macaco,1692,692,23,Urso
2024-11-23,COR,21:30,5212,212,03,Burro,5216,216,04,Borboleta,8705,705,02,Águia,6593,593,24,Veado,0131,131,08,Camelo
2024-11-24,PPT,09:30,7192,192,23,Urso,0348,348,12,Elefante,2083,083,21,Touro,5041,041,11,Cavalo,5513,513,04,Borboleta
2024-11-24,PTM,11:30,5510,510,03,Burro,3428,428,07,Carneiro,2770,770,18,Porco,6598,598,25,Vaca,2844,844,11,Cavalo
2024-11-24,PT,14:30,2460,460,15,Jacaré,8763,763,16,Leão,1733,733,09,Cobra,9369,369,18,Porco,5336,336,09,Cobra
2024-11-24,PTV,16:30,3199,199,25,Vaca,8704,704,01,Avestruz,9614,614,04,Borboleta,7985,985,22,Tigre,5126,126,07,Carneiro
2024-11-25,PPT,09:30,5312,312,03,Burro,3067,067,17,Macaco,1490,490,23,Urso,9724,724,06,Cabra,2361,361,16,Leão
2024-11-25,PTM,11:30,3291,291,23,Urso,5047,047,12,Elefante,0951,951,13,Galo,2232,232,08,Camelo,1525,525,07,Carneiro
2024-11-25,PT,14:30,5176,176,19,Pavão,7527,527,07,Carneiro,0561,561,16,Leão,7738,738,10,Coelho,5162,162,16,Leão
2024-11-25,PTV,16:30,2240,240,10,Coelho,9404,404,01,Avestruz,2900,900,25,Vaca,7576,576,19,Pavão,7867,867,17,Macaco
2024-11-25,PTN,,3151,151,13,Galo,0586,586,22,Tigre,5452,452,13,Galo,1215,215,04,Borboleta,1814,814,04,Borboleta
2024-11-25,COR,21:30,9936,936,09,Cobra,8205,205,02,Águia,6260,260,15,Jacaré,0139,139,10,Coelho,8656,656,14,Gato
2024-11-26,PPT,09:30,9460,460,15,Jacaré,1028,028,07,Carneiro,1179,179,20,Peru,5675,675,19,Pavão,3827,827,07,Carneiro
2024-11-26,PTM,11:30,6256,256,14,Gato,6072,072,18,Porco,7547,547,12,Elefante,3396,396,24,Veado,6262,262,16,Leão
2024-11-26,PT,14:30,1615,615,04,Borboleta,2657,657,15,Jacaré,9920,920,05,Cachorro,2081,081,21,Touro,5274,274,19,Pavão
2024-11-26,PTV,16:30,4212,212,03,Burro,2077,077,20,Peru,3781,781,21,Touro,6699,699,25,Vaca,2317,317,05,Cachorro
2024-11-26,PTN,,9065,065,17,Macaco,7266,266,17,Macaco,5730,730,08,Camelo,7543,543,11,Cavalo,3727,727,07,Carneiro
2024-11-26,COR,21:30,8990,990,23,Urso,0091,091,23,Urso,2392,392,23,Urso,5223,223,06,Cabra,6018,018,05,Cachorro
2024-11-27,PPT,09:30,2979,979,20,Peru,9906,906,02,Águia,9450,450,13,Galo,8732,732,08,Camelo,5046,046,12,Elefante
2024-11-27,PTM,11:30,6918,918,05,Cachorro,1227,227,07,Carneiro,0985,985,22,Tigre,4641,641,11,Cavalo,2075,075,19,Pavão
2024-11-27,PT,14:30,4889,889,23,Urso,3517,517,05,Cachorro,4781,781,21,Touro,4163,163,16,Leão,3582,582,21,Touro
2024-11-27,PTV,16:30,3442,442,11,Cavalo,3033,033,09,Cobra,1490,490,23,Urso,5976,976,19,Pavão,7578,578,20,Peru
2024-11-27,FED,,2094,094,24,Veado,3813,813,04,Borboleta,8280,280,20,Peru,4886,886,22,Tigre,9159,159,15,Jacaré
2024-11-27,COR,21:30,8569,569,18,Porco,1510,510,03,Burro,8167,167,17,Macaco,5351,351,13,Galo,7731,731,08,Camelo
2024-11-28,PPT,09:30,7423,423,06,Cabra,1901,901,01,Avestruz,0314,314,04,Borboleta,2815,815,04,Borboleta,9392,392,23,Urso
2024-11-28,PTM,11:30,6032,032,08,Camelo,1790,790,23,Urso,4789,789,23,Urso,5535,535,09,Cobra,4977,977,20,Peru
2024-11-28,PT,14:30,9739,739,10,Coelho,6820,820,05,Cachorro,7273,273,19,Pavão,7555,555,14,Gato,4526,526,07,Carneiro
2024-11-28,PTV,16:30,4780,780,20,Peru,9782,782,21,Touro,3774,774,19,Pavão,4909,909,03,Burro,0629,629,08,Camelo
2024-11-28,PTN,,7339,339,10,Coelho,6966,966,17,Macaco,0835,835,09,Cobra,2990,990,23,Urso,6651,651,13,Galo
2024-11-28,COR,21:30,1419,419,05,Cachorro,1741,741,11,Cavalo,1167,167,17,Macaco,5809,809,03,Burro,4294,294,24,Veado
2024-11-29,PPT,09:30,3092,092,23,Urso,7237,237,10,Coelho,6586,586,22,Tigre,5082,082,21,Touro,4602,602,01,Avestruz
2024-11-29,PTM,11:30,2864,864,16,Leão,5837,837,10,Coelho,6032,032,08,Camelo,4898,898,25,Vaca,7059,059,15,Jacaré
2024-11-29,PT,14:30,5993,993,24,Veado,8384,384,21,Touro,8852,852,13,Galo,1533,533,09,Cobra,1720,720,05,Cachorro
2024-11-29,PTV,16:30,7211,211,03,Burro,4307,307,02,Águia,7904,904,01,Avestruz,7800,800,25,Vaca,9938,938,10,Coelho
2024-11-29,PTN,,5093,093,24,Veado,8720,720,05,Cachorro,0191,191,23,Urso,8071,071,18,Porco,9198,198,25,Vaca
2024-11-29,COR,21:30,2125,125,07,Carneiro,9877,877,20,Peru,6961,961,16,Leão,8094,094,24,Veado,6736,736,09,Cobra
2024-11-30,PPT,09:30,8229,229,08,Camelo,1993,993,24,Veado,9062,062,16,Leão,3674,674,19,Pavão,3001,001,01,Avestruz
2024-11-30,PTM,11:30,0219,219,05,Cachorro,3365,365,17,Macaco,3425,425,07,Carneiro,8453,453,14,Gato,0038,038,10,Coelho
2024-11-30,PT,14:30,9063,063,16,Leão,0261,261,16,Leão,4057,057,15,Jacaré,8006,006,02,Águia,4363,363,16,Leão
2024-11-30,PTV,16:30,8069,069,18,Porco,6412,412,03,Burro,0739,739,10,Coelho,3283,283,21,Touro,6734,734,09,Cobra
2024-11-30,FED,,8963,963,16,Leão,5482,482,21,Touro,3237,237,10,Coelho,1279,279,20,Peru,5278,278,20,Peru
2024-11-30,COR,21:30,9431,431,08,Camelo,1426,426,07,Carneiro,5666,666,17,Macaco,3374,374,19,Pavão,3469,469,18,Porco
2024-12-01,PPT,09:30,9633,633,09,Cobra,7415,415,04,Borboleta,6591,591,23,Urso,4483,483,21,Touro,8806,806,02,Águia
2024-12-01,PTM,11:30,0446,446,12,Elefante,2375,375,19,Pavão,9669,669,18,Porco,9880,880,20,Peru,9884,884,21,Touro
2024-12-01,PT,14:30,6833,833,09,Cobra,3127,127,07,Carneiro,1547,547,12,Elefante,5831,831,08,Camelo,4390,390,23,Urso
2024-12-01,PTV,16:30,6819,819,05,Cachorro,1270,270,18,Porco,5818,818,05,Cachorro,6125,125,07,Carneiro,2119,119,05,Cachorro
2024-12-02,PPT,09:30,2351,351,13,Galo,2859,859,15,Jacaré,2093,093,24,Veado,3003,003,01,Avestruz,7321,321,06,Cabra
2024-12-02,PTM,11:30,9451,451,13,Galo,2473,473,19,Pavão,2318,318,05,Cachorro,9710,710,03,Burro,8042,042,11,Cavalo
2024-12-02,PT,14:30,4548,548,12,Elefante,4105,105,02,Águia,6205,205,02,Águia,2310,310,03,Burro,5064,064,16,Leão
2024-12-02,PTV,16:30,8447,447,12,Elefante,1978,978,20,Peru,6399,399,25,Vaca,7814,814,04,Borboleta,5443,443,11,Cavalo
2024-12-02,PTN,,0989,989,23,Urso,4282,282,21,Touro,1107,107,02,Águia,6442,442,11,Cavalo,1960,960,15,Jacaré
2024-12-02,COR,21:30,9063,063,16,Leão,9744,744,11,Cavalo,2282,282,21,Touro,3379,379,20,Peru,6675,675,19,Pavão
2024-12-03,PPT,09:30,0804,804,01,Avestruz,9644,644,11,Cavalo,7105,105,02,Águia,5595,595,24,Veado,1599,599,25,Vaca
2024-12-03,PTM,11:30,1281,281,21,Touro,7317,317,05,Cachorro,0857,857,15,Jacaré,8364,364,16,Leão,4968,968,17,Macaco
2024-12-03,PT,14:30,1548,548,12,Elefante,4636,636,09,Cobra,3113,113,04,Borboleta,2671,671,18,Porco,9643,643,11,Cavalo
2024-12-03,PTV,16:30,1493,493,24,Veado,7225,225,07,Carneiro,6171,171,18,Porco,9254,254,14,Gato,4256,256,14,Gato
2024-12-03,PTN,,1197,197,25,Vaca,2438,438,10,Coelho,5934,934,09,Cobra,9588,588,22,Tigre,2073,073,19,Pavão
2024-12-03,COR,21:30,0849,849,13,Galo,7639,639,10,Coelho,1664,664,16,Leão,6342,342,11,Cavalo,9454,454,14,Gato
2024-12-04,PPT,09:30,6589,589,23,Urso,4411,411,03,Burro,3927,927,07,Carneiro,8004,004,01,Avestruz,0204,204,01,Avestruz
2024-12-04,PTM,11:30,0947,947,12,Elefante,8026,026,07,Carneiro,9939,939,10,Coelho,5054,054,14,Gato,6727,727,07,Carneiro
2024-12-04,PT,14:30,4558,558,15,Jacaré,8956,956,14,Gato,9162,162,16,Leão,1646,646,12,Elefante,7291,291,23,Urso
2024-12-04,PTV,16:30,8051,051,13,Galo,8549,549,13,Galo,0167,167,17,Macaco,7078,078,20,Peru,4586,586,22,Tigre
2024-12-04,FED,,5885,885,22,Tigre,0032,032,08,Camelo,9941,941,11,Cavalo,4749,749,13,Galo,2255,255,14,Gato
2024-12-04,COR,21:30,9983,983,21,Touro,3710,710,03,Burro,1956,956,14,Gato,9116,116,04,Borboleta,3739,739,10,Coelho
2024-12-05,PPT,09:30,3420,420,05,Cachorro,9913,913,04,Borboleta,4415,415,04,Borboleta,3673,673,19,Pavão,7707,707,02,Águia
2024-12-05,PTM,11:30,0648,648,12,Elefante,5282,282,21,Touro,4435,435,09,Cobra,4592,592,23,Urso,3845,845,12,Elefante
2024-12-05,PT,14:30,5318,318,05,Cachorro,0503,503,01,Avestruz,6828,828,07,Carneiro,3193,193,24,Veado,6900,900,25,Vaca
2024-12-05,PTV,16:30,0966,966,17,Macaco,1619,619,05,Cachorro,7131,131,08,Camelo,1414,414,04,Borboleta,1238,238,10,Coelho
2024-12-05,PTN,,4467,467,17,Macaco,6297,297,25,Vaca,5211,211,03,Burro,7015,015,04,Borboleta,3692,692,23,Urso
2024-12-05,COR,21:30,5629,629,08,Camelo,3470,470,18,Porco,2744,744,11,Cavalo,8857,857,15,Jacaré,7559,559,15,Jacaré
2024-12-06,PPT,09:30,7934,934,09,Cobra,5335,335,09,Cobra,5212,212,03,Burro,0569,569,18,Porco,7997,997,25,Vaca
2024-12-06,PTM,11:30,3522,522,06,Cabra,4602,602,01,Avestruz,8908,908,02,Águia,7593,593,24,Veado,7929,929,08,Camelo
2024-12-06,PT,14:30,7766,766,17,Macaco,4436,436,09,Cobra,1798,798,25,Vaca,2532,532,08,Camelo,1797,797,25,Vaca
2024-12-06,PTV,16:30,8577,577,20,Peru,8991,991,23,Urso,8631,631,08,Camelo,5888,888,22,Tigre,9429,429,08,Camelo
2024-12-06,PTN,,0676,676,19,Pavão,4083,083,21,Touro,3322,322,06,Cabra,3879,879,20,Peru,3826,826,07,Carneiro
2024-12-06,COR,21:30,1610,610,03,Burro,2113,113,04,Borboleta,8164,164,16,Leão,9614,614,04,Borboleta,4076,076,19,Pavão
2024-12-07,PPT,09:30,4676,676,19,Pavão,0282,282,21,Touro,8172,172,18,Porco,8781,781,21,Touro,7396,396,24,Veado
2024-12-07,PTM,11:30,8279,279,20,Peru,2767,767,17,Macaco,6899,899,25,Vaca,5861,861,16,Leão,7839,839,10,Coelho
2024-12-07,PT,14:30,0650,650,13,Galo,1416,416,04,Borboleta,8206,206,02,Águia,2233,233,09,Cobra,4757,757,15,Jacaré
2024-12-07,PTV,16:30,9392,392,23,Urso,6164,164,16,Leão,2956,956,14,Gato,3009,009,03,Burro,6673,673,19,Pavão
2024-12-07,FED,,8267,267,17,Macaco,8769,769,18,Porco,2812,812,03,Burro,3392,392,23,Urso,8256,256,14,Gato
2024-12-07,COR,21:30,8876,876,19,Pavão,4290,290,23,Urso,7509,509,03,Burro,5263,263,16,Leão,6492,492,23,Urso
2024-12-08,PPT,09:30,5518,518,05,Cachorro,7412,412,03,Burro,9998,998,25,Vaca,2780,780,20,Peru,4353,353,14,Gato
2024-12-08,PTM,11:30,2150,150,13,Galo,8808,808,02,Águia,0246,246,12,Elefante,3503,503,01,Avestruz,0084,084,21,Touro
2024-12-08,PT,14:30,1491,491,23,Urso,0728,728,07,Carneiro,9111,111,03,Burro,6265,265,17,Macaco,3180,180,20,Peru
2024-12-08,PTV,16:30,2785,785,22,Tigre,7616,616,04,Borboleta,3821,821,06,Cabra,1461,461,16,Leão,6491,491,23,Urso
2024-12-09,PPT,09:30,8127,127,07,Carneiro,5462,462,16,Leão,7947,947,12,Elefante,0098,098,25,Vaca,8974,974,19,Pavão
2024-12-09,PTM,11:30,1252,252,13,Galo,9315,315,04,Borboleta,2270,270,18,Porco,1554,554,14,Gato,8457,457,15,Jacaré
2024-12-09,PT,14:30,7374,374,19,Pavão,3222,222,06,Cabra,2087,087,22,Tigre,9035,035,09,Cobra,9140,140,10,Coelho
2024-12-09,PTV,16:30,0752,752,13,Galo,8021,021,06,Cabra,8985,985,22,Tigre,0695,695,24,Veado,3681,681,21,Touro
2024-12-09,PTN,,3740,740,10,Coelho,4812,812,03,Burro,6626,626,07,Carneiro,5014,014,04,Borboleta,2852,852,13,Galo
2024-12-09,COR,21:30,9720,720,05,Cachorro,0746,746,12,Elefante,1564,564,16,Leão,3002,002,01,Avestruz,9302,302,01,Avestruz
2024-12-10,PPT,09:30,8413,413,04,Borboleta,2568,568,17,Macaco,6330,330,08,Camelo,5278,278,20,Peru,5881,881,21,Touro
2024-12-10,PTM,11:30,5943,943,11,Cavalo,6838,838,10,Coelho,2079,079,20,Peru,2104,104,01,Avestruz,8159,159,15,Jacaré
2024-12-10,PT,14:30,3083,083,21,Touro,0304,304,01,Avestruz,7450,450,13,Galo,1826,826,07,Carneiro,7549,549,13,Galo
2024-12-10,PTV,16:30,7019,019,05,Cachorro,6416,416,04,Borboleta,0022,022,06,Cabra,4531,531,08,Camelo,1315,315,04,Borboleta
2024-12-10,PTN,,0046,046,12,Elefante,0975,975,19,Pavão,6135,135,09,Cobra,1913,913,04,Borboleta,9042,042,11,Cavalo
2024-12-10,COR,21:30,2863,863,16,Leão,5132,132,08,Camelo,2665,665,17,Macaco,1766,766,17,Macaco,3455,455,14,Gato
2024-12-11,PPT,09:30,9105,105,02,Águia,7575,575,19,Pavão,3797,797,25,Vaca,6988,988,22,Tigre,9179,179,20,Peru
2024-12-11,PTM,11:30,3533,533,09,Cobra,3838,838,10,Coelho,3907,907,02,Águia,0269,269,18,Porco,3790,790,23,Urso
2024-12-11,PT,14:30,2127,127,07,Carneiro,2268,268,17,Macaco,3243,243,11,Cavalo,2300,300,25,Vaca,2970,970,18,Porco
2024-12-11,PTV,16:30,5322,322,06,Cabra,4084,084,21,Touro,7907,907,02,Águia,2778,778,20,Peru,0350,350,13,Galo
2024-12-11,FED,,9004,004,01,Avestruz,9509,509,03,Burro,1391,391,23,Urso,8548,548,12,Elefante,0619,619,05,Cachorro
2024-12-11,COR,21:30,7802,802,01,Avestruz,6902,902,01,Avestruz,3003,003,01,Avestruz,3575,575,19,Pavão,4554,554,14,Gato
2024-12-12,PPT,09:30,2244,244,11,Cavalo,1055,055,14,Gato,4305,305,02,Águia,9208,208,02,Águia,6562,562,16,Leão
2024-12-12,PTM,11:30,1359,359,15,Jacaré,6795,795,24,Veado,1770,770,18,Porco,7666,666,17,Macaco,2417,417,05,Cachorro
2024-12-12,PT,14:30,3952,952,13,Galo,8604,604,01,Avestruz,3752,752,13,Galo,5798,798,25,Vaca,6638,638,10,Coelho
2024-12-12,PTV,16:30,9669,669,18,Porco,4859,859,15,Jacaré,0795,795,24,Veado,1944,944,11,Cavalo,2723,723,06,Cabra
2024-12-12,PTN,,2898,898,25,Vaca,7245,245,12,Elefante,6687,687,22,Tigre,5792,792,23,Urso,5814,814,04,Borboleta
2024-12-12,COR,21:30,2578,578,20,Peru,8508,508,02,Águia,1861,861,16,Leão,5579,579,20,Peru,4596,596,24,Veado
2024-12-13,PPT,09:30,2473,473,19,Pavão,2583,583,21,Touro,2574,574,19,Pavão,6916,916,04,Borboleta,9594,594,24,Veado
2024-12-13,PTM,11:30,4003,003,01,Avestruz,9688,688,22,Tigre,1460,460,15,Jacaré,4443,443,11,Cavalo,3122,122,06,Cabra
2024-12-13,PT,14:30,0808,808,02,Águia,1378,378,20,Peru,2744,744,11,Cavalo,5579,579,20,Peru,6663,663,16,Leão
2024-12-13,PTV,16:30,5347,347,12,Elefante,7616,616,04,Borboleta,3486,486,22,Tigre,5278,278,20,Peru,0452,452,13,Galo
2024-12-13,PTN,,5774,774,19,Pavão,5986,986,22,Tigre,4902,902,01,Avestruz,5306,306,02,Águia,6365,365,17,Macaco
2024-12-13,COR,21:30,7424,424,06,Cabra,5573,573,19,Pavão,3560,560,15,Jacaré,2483,483,21,Touro,9708,708,02,Águia
2024-12-14,PPT,09:30,1350,350,13,Galo,4726,726,07,Carneiro,6770,770,18,Porco,5612,612,03,Burro,1053,053,14,Gato
2024-12-14,PTM,11:30,6099,099,25,Vaca,2189,189,23,Urso,2207,207,02,Águia,2475,475,19,Pavão,3561,561,16,Leão
2024-12-14,PT,14:30,4009,009,03,Burro,9559,559,15,Jacaré,5102,102,01,Avestruz,9378,378,20,Peru,5350,350,13,Galo
2024-12-14,PTV,16:30,5452,452,13,Galo,4835,835,09,Cobra,0019,019,05,Cachorro,8017,017,05,Cachorro,5876,876,19,Pavão
2024-12-14,FED,,0607,607,02,Águia,9964,964,16,Leão,9805,805,02,Águia,1340,340,10,Coelho,5601,601,01,Avestruz
2024-12-14,COR,21:30,0991,991,23,Urso,8422,422,06,Cabra,5120,120,05,Cachorro,7567,567,17,Macaco,4225,225,07,Carneiro
2024-12-15,PPT,09:30,0027,027,07,Carneiro,6001,001,01,Avestruz,5012,012,03,Burro,8992,992,23,Urso,5912,912,03,Burro
2024-12-15,PTM,11:30,1237,237,10,Coelho,7811,811,03,Burro,5522,522,06,Cabra,5197,197,25,Vaca,5313,313,04,Borboleta
2024-12-15,PT,14:30,6219,219,05,Cachorro,2171,171,18,Porco,7678,678,20,Peru,5498,498,25,Vaca,4555,555,14,Gato
2024-12-15,PTV,16:30,0381,381,21,Touro,0656,656,14,Gato,1355,355,14,Gato,3832,832,08,Camelo,6813,813,04,Borboleta
2024-12-16,PPT,09:30,5332,332,08,Camelo,5888,888,22,Tigre,7911,911,03,Burro,6441,441,11,Cavalo,4191,191,23,Urso
2024-12-16,PTM,11:30,7186,186,22,Tigre,0739,739,10,Coelho,0158,158,15,Jacaré,4203,203,01,Avestruz,2372,372,18,Porco
2024-12-16,PT,14:30,1105,105,02,Águia,0442,442,11,Cavalo,9813,813,04,Borboleta,5117,117,05,Cachorro,6088,088,22,Tigre
2024-12-16,PTV,16:30,6720,720,05,Cachorro,6698,698,25,Vaca,9548,548,12,Elefante,2173,173,19,Pavão,0252,252,13,Galo
2024-12-16,PTN,,8830,830,08,Camelo,3313,313,04,Borboleta,5762,762,16,Leão,3195,195,24,Veado,8292,292,23,Urso
2024-12-16,COR,21:30,5620,620,05,Cachorro,3493,493,24,Veado,7311,311,03,Burro,8618,618,05,Cachorro,0313,313,04,Borboleta
2024-12-17,PPT,09:30,1373,373,19,Pavão,4152,152,13,Galo,8326,326,07,Carneiro,8383,383,21,Touro,8951,951,13,Galo
2024-12-17,PTM,11:30,1725,725,07,Carneiro,8698,698,25,Vaca,8900,900,25,Vaca,0530,530,08,Camelo,9201,201,01,Avestruz
2024-12-17,PT,14:30,9573,573,19,Pavão,7831,831,08,Camelo,6708,708,02,Águia,6863,863,16,Leão,2852,852,13,Galo
2024-12-17,PTV,16:30,0573,573,19,Pavão,9766,766,17,Macaco,1807,807,02,Águia,4610,610,03,Burro,8645,645,12,Elefante
2024-12-17,PTN,,5496,496,24,Veado,6801,801,01,Avestruz,2365,365,17,Macaco,4866,866,17,Macaco,0529,529,08,Camelo
2024-12-17,COR,21:30,2874,874,19,Pavão,9678,678,20,Peru,5480,480,20,Peru,2275,275,19,Pavão,3836,836,09,Cobra
2024-12-18,PPT,09:30,4447,447,12,Elefante,2754,754,14,Gato,2130,130,08,Camelo,5727,727,07,Carneiro,4903,903,01,Avestruz
2024-12-18,PTM,11:30,9969,969,18,Porco,5709,709,03,Burro,1207,207,02,Águia,7547,547,12,Elefante,4415,415,04,Borboleta
2024-12-18,PT,14:30,5038,038,10,Coelho,6507,507,02,Águia,6911,911,03,Burro,0132,132,08,Camelo,6746,746,12,Elefante
2024-12-18,PTV,16:30,3658,658,15,Jacaré,2830,830,08,Camelo,8718,718,05,Cachorro,9519,519,05,Cachorro,7217,217,05,Cachorro
2024-12-18,PTN,,7668,668,17,Macaco,3368,368,17,Macaco,3015,015,04,Borboleta,2081,081,21,Touro,8991,991,23,Urso
2024-12-18,COR,21:30,1686,686,22,Tigre,7528,528,07,Carneiro,0758,758,15,Jacaré,0132,132,08,Camelo,4013,013,04,Borboleta
2024-12-19,PPT,09:30,1135,135,09,Cobra,6265,265,17,Macaco,4692,692,23,Urso,7959,959,15,Jacaré,9582,582,21,Touro
2024-12-19,PTM,11:30,4757,757,15,Jacaré,1984,984,21,Touro,2755,755,14,Gato,0883,883,21,Touro,8866,866,17,Macaco
2024-12-19,PT,14:30,2647,647,12,Elefante,6110,110,03,Burro,7954,954,14,Gato,6612,612,03,Burro,2030,030,08,Camelo
2024-12-19,PTV,16:30,5128,128,07,Carneiro,1045,045,12,Elefante,9720,720,05,Cachorro,4294,294,24,Veado,6817,817,05,Cachorro
2024-12-19,PTN,,5271,271,18,Porco,7026,026,07,Carneiro,3831,831,08,Camelo,7671,671,18,Porco,8003,003,01,Avestruz
2024-12-19,COR,21:30,1056,056,14,Gato,7921,921,06,Cabra,5596,596,24,Veado,4506,506,02,Águia,9521,521,06,Cabra
2024-12-20,PPT,09:30,0209,209,03,Burro,2221,221,06,Cabra,7630,630,08,Camelo,3073,073,19,Pavão,4577,577,20,Peru
2024-12-20,PTM,11:30,4477,477,20,Peru,6357,357,15,Jacaré,7374,374,19,Pavão,0719,719,05,Cachorro,0175,175,19,Pavão
2024-12-20,PT,14:30,5251,251,13,Galo,4585,585,22,Tigre,5740,740,10,Coelho,5273,273,19,Pavão,4172,172,18,Porco
2024-12-20,PTV,16:30,8794,794,24,Veado,4533,533,09,Cobra,0818,818,05,Cachorro,9394,394,24,Veado,5177,177,20,Peru
2024-12-20,PTN,,4083,083,21,Touro,2635,635,09,Cobra,1698,698,25,Vaca,8942,942,11,Cavalo,1625,625,07,Carneiro
2024-12-20,COR,21:30,3135,135,09,Cobra,0501,501,01,Avestruz,5220,220,05,Cachorro,3389,389,23,Urso,3212,212,03,Burro
2024-12-21,PPT,09:30,1289,289,23,Urso,4783,783,21,Touro,6418,418,05,Cachorro,3971,971,18,Porco,5102,102,01,Avestruz
2024-12-21,PTM,11:30,3825,825,07,Carneiro,1993,993,24,Veado,9089,089,23,Urso,4245,245,12,Elefante,6675,675,19,Pavão
2024-12-21,PT,14:30,6300,300,25,Vaca,1947,947,12,Elefante,3488,488,22,Tigre,0464,464,16,Leão,9393,393,24,Veado
2024-12-21,PTV,16:30,6282,282,21,Touro,0284,284,21,Touro,5068,068,17,Macaco,5272,272,18,Porco,7223,223,06,Cabra
2024-12-21,FED,,1282,282,21,Touro,7756,756,14,Gato,5860,860,15,Jacaré,6855,855,14,Gato,3468,468,17,Macaco
2024-12-21,COR,21:30,2063,063,16,Leão,9805,805,02,Águia,1432,432,08,Camelo,5891,891,23,Urso,2602,602,01,Avestruz
2024-12-22,PPT,09:30,3256,256,14,Gato,6234,234,09,Cobra,9591,591,23,Urso,7223,223,06,Cabra,0941,941,11,Cavalo
2024-12-22,PTM,11:30,4827,827,07,Carneiro,5185,185,22,Tigre,8572,572,18,Porco,9849,849,13,Galo,9689,689,23,Urso
2024-12-22,PT,14:30,9087,087,22,Tigre,3633,633,09,Cobra,0406,406,02,Águia,0897,897,25,Vaca,4878,878,20,Peru
2024-12-22,PTV,16:30,1113,113,04,Borboleta,5262,262,16,Leão,9182,182,21,Touro,7254,254,14,Gato,2512,512,03,Burro
2024-12-23,PPT,09:30,5991,991,23,Urso,5853,853,14,Gato,5313,313,04,Borboleta,9338,338,10,Coelho,5100,100,25,Vaca
2024-12-23,PTM,11:30,5251,251,13,Galo,4685,685,22,Tigre,7665,665,17,Macaco,6243,243,11,Cavalo,0870,870,18,Porco
2024-12-23,PT,14:30,6316,316,04,Borboleta,7777,777,20,Peru,2249,249,13,Galo,8729,729,08,Camelo,4819,819,05,Cachorro
2024-12-23,PTV,16:30,7997,997,25,Vaca,6913,913,04,Borboleta,8870,870,18,Porco,1154,154,14,Gato,7868,868,17,Macaco
2024-12-23,PTN,,4550,550,13,Galo,1311,311,03,Burro,3616,616,04,Borboleta,5377,377,20,Peru,8687,687,22,Tigre
2024-12-23,COR,21:30,2948,948,12,Elefante,6557,557,15,Jacaré,4926,926,07,Carneiro,5686,686,22,Tigre,1075,075,19,Pavão
2024-12-24,PPT,09:30,7473,473,19,Pavão,0891,891,23,Urso,9916,916,04,Borboleta,5893,893,24,Veado,4144,144,11,Cavalo
2024-12-24,PTM,11:30,1814,814,04,Borboleta,1806,806,02,Águia,4954,954,14,Gato,8997,997,25,Vaca,9681,681,21,Touro
2024-12-24,PT,14:30,0430,430,08,Camelo,6559,559,15,Jacaré,4940,940,10,Coelho,5765,765,17,Macaco,6329,329,08,Camelo
2024-12-24,PTV,16:30,3002,002,01,Avestruz,7415,415,04,Borboleta,3391,391,23,Urso,6394,394,24,Veado,3969,969,18,Porco
2024-12-26,PPT,09:30,5967,967,17,Macaco,4671,671,18,Porco,1466,466,17,Macaco,4626,626,07,Carneiro,0682,682,21,Touro
2024-12-26,PTM,11:30,2731,731,08,Camelo,2126,126,07,Carneiro,6285,285,22,Tigre,3413,413,04,Borboleta,5068,068,17,Macaco
2024-12-26,PT,14:30,8009,009,03,Burro,1310,310,03,Burro,1641,641,11,Cavalo,8662,662,16,Leão,3364,364,16,Leão
2024-12-26,PTV,16:30,3792,792,23,Urso,1361,361,16,Leão,7323,323,06,Cabra,0202,202,01,Avestruz,4824,824,06,Cabra
2024-12-26,PTN,,1869,869,18,Porco,1457,457,15,Jacaré,0391,391,23,Urso,7105,105,02,Águia,9116,116,04,Borboleta
2024-12-26,COR,21:30,8180,180,20,Peru,4097,097,25,Vaca,3360,360,15,Jacaré,9246,246,12,Elefante,0538,538,10,Coelho
2024-12-27,PPT,09:30,3495,495,24,Veado,4543,543,11,Cavalo,3535,535,09,Cobra,7264,264,16,Leão,0678,678,20,Peru
2024-12-27,PTM,11:30,8256,256,14,Gato,0733,733,09,Cobra,4923,923,06,Cabra,9779,779,20,Peru,4672,672,18,Porco
2024-12-27,PT,14:30,1664,664,16,Leão,5811,811,03,Burro,7915,915,04,Borboleta,4980,980,20,Peru,1357,357,15,Jacaré
2024-12-27,PTV,16:30,6181,181,21,Touro,4597,597,25,Vaca,9438,438,10,Coelho,0530,530,08,Camelo,1781,781,21,Touro
2024-12-27,PTN,,0619,619,05,Cachorro,7786,786,22,Tigre,0948,948,12,Elefante,4635,635,09,Cobra,3491,491,23,Urso
2024-12-27,COR,21:30,0076,076,19,Pavão,1560,560,15,Jacaré,4647,647,12,Elefante,1591,591,23,Urso,9115,115,04,Borboleta
2024-12-28,PPT,09:30,4531,531,08,Camelo,5697,697,25,Vaca,9810,810,03,Burro,3297,297,25,Vaca,1259,259,15,Jacaré
2024-12-28,PTM,11:30,8204,204,01,Avestruz,1125,125,07,Carneiro,4769,769,18,Porco,0269,269,18,Porco,1477,477,20,Peru
2024-12-28,PT,14:30,2010,010,03,Burro,1027,027,07,Carneiro,8470,470,18,Porco,1602,602,01,Avestruz,4141,141,11,Cavalo
2024-12-28,PTV,16:30,6120,120,05,Cachorro,0384,384,21,Touro,5030,030,08,Camelo,7322,322,06,Cabra,3738,738,10,Coelho
2024-12-28,FED,,1976,976,19,Pavão,4292,292,23,Urso,0948,948,12,Elefante,6672,672,18,Porco,8951,951,13,Galo
2024-12-28,COR,21:30,8211,211,03,Burro,6960,960,15,Jacaré,3380,380,20,Peru,5703,703,01,Avestruz,9401,401,01,Avestruz
2024-12-29,PPT,09:30,2785,785,22,Tigre,1744,744,11,Cavalo,8203,203,01,Avestruz,8797,797,25,Vaca,9563,563,16,Leão
2024-12-29,PTM,11:30,8918,918,05,Cachorro,1760,760,15,Jacaré,1232,232,08,Camelo,6110,110,03,Burro,9439,439,10,Coelho
2024-12-29,PT,14:30,7243,243,11,Cavalo,7865,865,17,Macaco,2283,283,21,Touro,2268,268,17,Macaco,6078,078,20,Peru
2024-12-29,PTV,16:30,3686,686,22,Tigre,6185,185,22,Tigre,2677,677,20,Peru,3317,317,05,Cachorro,8746,746,12,Elefante
2024-12-30,PPT,09:30,6101,101,01,Avestruz,8362,362,16,Leão,0019,019,05,Cachorro,7473,473,19,Pavão,0841,841,11,Cavalo
2024-12-30,PTM,11:30,8713,713,04,Borboleta,8608,608,02,Águia,5476,476,19,Pavão,6204,204,01,Avestruz,3407,407,02,Águia
2024-12-30,PT,14:30,3305,305,02,Águia,5727,727,07,Carneiro,1043,043,11,Cavalo,7813,813,04,Borboleta,6384,384,21,Touro
2024-12-30,PTV,16:30,5591,591,23,Urso,0257,257,15,Jacaré,7119,119,05,Cachorro,6794,794,24,Veado,0136,136,09,Cobra
2024-12-30,PTN,,9993,993,24,Veado,1270,270,18,Porco,6321,321,06,Cabra,3156,156,14,Gato,1567,567,17,Macaco
2024-12-30,COR,21:30,6378,378,20,Peru,7677,677,20,Peru,7307,307,02,Águia,0948,948,12,Elefante,3256,256,14,Gato
2024-12-31,PPT,09:30,5212,212,03,Burro,8586,586,22,Tigre,3422,422,06,Cabra,7196,196,24,Veado,6974,974,19,Pavão
2024-12-31,PTM,11:30,5029,029,08,Camelo,4967,967,17,Macaco,6055,055,14,Gato,6824,824,06,Cabra,8803,803,01,Avestruz
2024-12-31,PT,14:30,0766,766,17,Macaco,6409,409,03,Burro,0233,233,09,Cobra,7577,577,20,Peru,4674,674,19,Pavão
2024-12-31,PTV,16:30,3385,385,22,Tigre,5063,063,16,Leão,5589,589,23,Urso,6015,015,04,Borboleta,3702,702,01,Avestruz
